question,document_id
Can you tell me about the different account tiers offered by Fidelity Bank?,1
What kinds of account tiers does Fidelity Bank provide?,1
I'm looking for information on Fidelity Bank's account tier options; what are they?,1
What are the various levels of accounts available at Fidelity Bank?,1
"Fidelity Bank, what are your account tier classifications?",1
Can you tell me what the highest amount I can deposit at Fidelity Bank for a Tier 1 account is?,3
What’s the limit on a single deposit for a Tier 1 account at Fidelity Bank?,3
"I’m curious, what is the maximum amount I can put into my Tier 1 account with Fidelity Bank?",3
How much can I deposit in one go for a Tier 1 account with Fidelity Bank?,3
"Fidelity Bank, what is the max deposit allowed for a Tier 1 account?",3
What steps do I need to follow to open an account at Fidelity Bank?,0
Can you guide me on how to get a Fidelity Bank account?,0
"I want to start banking with Fidelity Bank, what should I do?",0
Where can I find information on opening an account with Fidelity Bank?,0
How can I go about opening a Fidelity Bank account?,0
What is the highest total balance I can have in my Tier 2 account at Fidelity Bank?,5
"Fidelity Bank, can you tell me how much I can keep in my Tier 2 savings account without upgrading?",5
"If my Tier 2 account exceeds a certain amount, what should I do? That's info I need from Fidelity Bank.",5
How much money does my Tier 2 account at Fidelity Bank allow me to hold in total?,5
Could you clarify what the limit is for a Tier 2 account balance at Fidelity Bank?,5
What is the highest total balance allowed for a Tier 1 account at Fidelity Bank?,2
Can I know how much I can keep in my Fidelity Bank Tier 1 savings account before I need to upgrade?,2
"At Fidelity Bank, what is the limit on the cumulative balance for a Tier 1 account?",2
How much money can I have in my Tier 1 account with Fidelity Bank before needing to switch to a Tier 2 or Tier 3?,2
"If I have a Tier 1 account with Fidelity Bank, what’s the maximum balance I can maintain?",2
What documents do I need to provide to open a Tier 1 account at Fidelity Bank?,4
I'm looking to open a Tier 1 account; can you tell me what Fidelity Bank requires document-wise?,4
Could someone explain what I need to have ready for opening a Tier 1 account at Fidelity Bank?,4
"Fidelity Bank, what are the requirements for documents when opening a Tier 1 account?",4
Can I find out the documentation needed to open a Tier 1 with Fidelity Bank?,4
What is the limit on the total balance I can have in a Tier 3 account with Fidelity Bank?,8
How much money can I keep in my Tier 3 account at Fidelity Bank without any restrictions?,8
Can you tell me the maximum total balance allowed for a Tier 3 account at Fidelity Bank?,8
I'm curious about the cumulative balance limit for Tier 3 accounts at Fidelity Bank; is it capped?,8
Does Fidelity Bank place any restrictions on the total balance for a Tier 3 account?,8
What steps do I need to follow to upgrade my account with Fidelity Bank?,11
Can I upgrade my account at Fidelity Bank online?,11
How do I go about upgrading my account at Fidelity Bank?,11
Is there any form I need to fill out for account upgrades at Fidelity Bank?,11
"Fidelity Bank, how can I easily upgrade my account?",11
What do I need to submit to upgrade my account at Fidelity Bank to Tier 3?,10
Can you list the requirements for upgrading to Tier 3 at Fidelity Bank?,10
"If I want to move my account to Tier 3 with Fidelity Bank, what documents are necessary?",10
"Fidelity Bank, could you tell me what paperwork is needed for a Tier 3 account upgrade?",10
I'm looking to upgrade my Fidelity Bank account to Tier 3; what documents should I prepare?,10
What is the maximum amount I can deposit in a Tier 3 account at Fidelity Bank?,9
Can I make a single unlimited deposit for a Tier 3 account with Fidelity Bank?,9
Fidelity Bank allows how much for a single deposit into a Tier 3 account?,9
Is there a cap on the single deposit for Tier 3 accounts at Fidelity Bank?,9
"For a Tier 3 account at Fidelity Bank, what's the highest single deposit allowed?",9
Can you tell me what documentation I need to upgrade my account to Tier 2 at Fidelity Bank?,7
I'm looking to enhance my account to Tier 2; what does Fidelity Bank require from me?,7
What do I have to provide in order to move my account to Tier 2 at Fidelity Bank?,7
"Fidelity Bank, what are the necessary documents for upgrading my account status to Tier 2?",7
"If I want to upgrade to a Tier 2 account, what documents does Fidelity Bank say I need?",7
What is the maximum amount I can deposit at once for a Tier 2 account with Fidelity Bank?,6
Can you tell me the single deposit limit for a Tier 2 account at Fidelity Bank?,6
"Fidelity Bank, what is the highest single deposit I can make into a Tier 2 account?",6
"I'm curious about the maximum single deposit for a Tier 2 account at Fidelity Bank, do you know it?",6
How much can I put in as a single deposit for my Tier 2 account at Fidelity Bank?,6
What is the portal for online account opening at Fidelity Bank for SMEs?,13
Can Fidelity Bank help me open a corporate account online?,13
How does the SME Online Account Opening Portal work at Fidelity Bank?,13
I want to know about the online account opening services for SMEs provided by Fidelity Bank.,13
What is the process for getting an account number online with Fidelity Bank for my SME?,13
What will happen with my account after I create it on the Fidelity Bank portal?,15
Can you explain the process that occurs after I generate an account number with Fidelity Bank?,15
"After opening an account online with Fidelity Bank, what restrictions will I face?",15
I recently opened an account through Fidelity Bank's website; when can I start using it for withdrawals?,15
What is the status of my account at Fidelity Bank once it has been created but not yet documented?,15
What documents do I need to open a corporate account online with Fidelity Bank?,16
Can you tell me the requirements for corporate account opening at Fidelity Bank?,16
"Fidelity Bank, what documents do I need to submit after generating a corporate account number?",16
I want to know what paperwork Fidelity Bank requires for a corporate account on their portal.,16
Are there any document prerequisites for opening a corporate account with Fidelity Bank?,16
Do I need to have my business registered to open a business account with Fidelity Bank?,14
Can I use the Fidelity SME Online Account Opening Portal for my unregistered business?,14
Is it possible to open a business account at Fidelity Bank without my business being registered?,14
What are the requirements for opening a business account through Fidelity Bank's online portal?,14
"If my business isn't registered, can I still get a business account with Fidelity Bank?",14
What types of corporate accounts can I set up with Fidelity Bank?,17
Can you tell me the available SME account options through Fidelity Bank's online portal?,17
I'm looking to open a business account with Fidelity Bank; what are my choices?,17
"Fidelity Bank offers SME accounts, but which specific types can I select from?",17
Could you provide information on the corporate account options available at Fidelity Bank?,17
Can you explain what the Referral Code is for Fidelity Bank?,19
How do I find the Referral Code when opening an account with Fidelity Bank?,19
What does Fidelity Bank mean by Referral Code?,19
"If I was referred to Fidelity Bank, what information do I need regarding the Referral Code?",19
What is the role of the Referral Code in the Fidelity Bank online account opening process?,19
Can I use the Fidelity Bank portal to set up an account for my unregistered business?,18
What types of accounts can unregistered businesses open with Fidelity Bank?,18
Is it possible for unregistered businesses to create an account through Fidelity Bank's online portal?,18
Are there options for unregistered businesses to open accounts at Fidelity Bank?,18
How does Fidelity Bank allow unregistered businesses to open their accounts online?,18
Can I make deposits right away into my new account at Fidelity Bank before it gets regularized?,20
"Is it possible for me to deposit money into a Fidelity Bank account right after it's created, even if it hasn’t been regularized yet?",20
"Fidelity Bank, can deposits be done immediately into accounts that are freshly opened?",20
"After I create an account with Fidelity Bank, can I start depositing funds before everything is finalized?",20
What’s the rule for depositing into new accounts at Fidelity Bank before the regularization process is complete?,20
What confirmation should I expect after I create an account at Fidelity Bank?,22
How can I tell if my account has been successfully set up with Fidelity Bank?,22
"After I finish opening an account with Fidelity Bank, how will I know it was successful?",22
Can you explain how Fidelity Bank notifies customers when their account creation is complete?,22
"When I open an account at Fidelity Bank, where will I find my new account details once it's confirmed?",22
How quickly can I expect an account number from Fidelity Bank's SME Online Account Opening Portal?,21
What is the time frame for receiving an account number when I open an account online with Fidelity Bank?,21
Can Fidelity Bank provide me an account number instantly when I use their SME Online Account Opening Portal?,21
"If I open an account with Fidelity Bank online, how long will it take for my account number to be generated?",21
Does Fidelity Bank generate an account number immediately after completing the online account opening process?,21
What can I expect if I decide to upgrade my account at Fidelity Bank to Tier 3?,12
Could you tell me about the perks of having a Tier 3 account with Fidelity Bank?,12
How does a Tier 3 account at Fidelity Bank benefit me in terms of transactions?,12
"If I upgrade to Tier 3 at Fidelity Bank, what are the advantages I would receive?",12
Can I get information on the benefits of a Tier 3 account at Fidelity Bank?,12
How can I get to the SME Online account opening page for Fidelity Bank?,24
What’s the link for the Fidelity Bank account opening portal for SMEs?,24
Can you tell me where to find the SME account opening portal for Fidelity Bank?,24
"Fidelity Bank, what is the URL to access the SME Online account opening portal?",24
I need assistance finding the SME OAOP link for my Fidelity Bank account.,24
What should I do next after Fidelity Bank generates my account number?,23
Can you tell me the process to complete my account setup with Fidelity Bank after my account number is created?,23
"After I get my account number from Fidelity Bank, where do I go to finish opening my account?",23
Fidelity Bank just gave me my account number; what are the steps I need to follow next?,23
I recently received my account number from Fidelity Bank. What documents do I need to bring to the branch?,23
What happens if my ATM card gets stuck in a machine at Fidelity Bank?,27
"Fidelity Bank, why is my ATM card stuck in the machine?",27
Could you explain why my ATM card was retained by Fidelity Bank's ATM?,27
"If my ATM card was hot-listed, could that be why it's stuck in the Fidelity Bank ATM?",27
I've entered my PIN wrong at Fidelity Bank's ATM; could that be the reason my card got stuck?,27
What is the withdrawal limit for cash from an ATM if I have a Fidelity Bank card?,25
How much money can I take out from a Fidelity Bank ATM in one day?,25
Can you tell me the maximum daily withdrawal amount for Fidelity Bank ATMs?,25
"As a Fidelity Bank customer, how much can I withdraw from the ATM in 24 hours?",25
What’s the daily cash withdrawal cap when using my Fidelity Bank card at ATMs?,25
I’m from Fidelity Bank and I received an error about insufficient funds; what does that mean?,26
Can you explain the insufficient funds message I got while attempting a transaction at Fidelity Bank?,26
What should I do if my Fidelity Bank account tells me there's not enough money for a withdrawal?,26
Why does Fidelity Bank say I don’t have enough funds for my transaction?,26
"When I try to make a withdrawal at Fidelity Bank, I get an error about insufficient funds, what’s that about?",26
What kind of services can I access through a Fidelity Bank ATM?,30
Can I do a funds transfer using the ATM at Fidelity Bank?,30
Which operations are available when I use an ATM from Fidelity Bank?,30
Fidelity Bank ATM: What transactions are possible there?,30
Are there any specific services I can utilize at a Fidelity Bank ATM?,30
What are the limits for daily transactions at Fidelity Bank?,32
Can I find out the maximum amount I can transfer daily with Fidelity Bank?,32
"Fidelity Bank, what's the daily cap on transactions through your platform?",32
What is Fidelity Bank's policy on daily transaction limits?,32
How much can I recharge or transfer each day using Fidelity Bank services?,32
What should I do if my ATM card is stuck in a Fidelity Bank ATM?,28
"I used my Fidelity Bank card, and it got held up in the machine, what now?",28
"If my Fidelity Bank ATM card gets trapped in the ATM, how can I retrieve it?",28
Can you tell me the steps to take if a Fidelity Bank ATM keeps my card?,28
I have an issue with my ATM card getting stuck at a Fidelity Bank branch; who should I contact?,28
What steps should I take to sign up for instant banking with Fidelity Bank?,31
Can you guide me on how to register for Fidelity Bank's instant banking service?,31
How can I activate my account on the instant banking platform at Fidelity Bank?,31
Fidelity Bank: What is the procedure for signing up for instant banking?,31
I want to know how to join the instant banking system through Fidelity Bank. Can you help?,31
"What should I do if my card got stuck in an ATM at another bank, Fidelity Bank?",29
"If my ATM card gets trapped in a different bank’s machine, how does Fidelity Bank handle that?",29
How does Fidelity Bank resolve issues when a card is retained by another bank's ATM?,29
I used my Fidelity Bank ATM card at a non-Fidelity ATM and it got stuck—what happens next?,29
Can you explain Fidelity Bank's process if my card is stuck in another bank's ATM?,29
What kinds of transactions can I perform on the instant banking service at Fidelity Bank?,33
Can you tell me what services Fidelity Bank offers through its instant banking platform?,33
"Fidelity Bank, what actions can I take using your instant banking features?",33
I’d like to know what transactions Fidelity Bank allows on the instant banking platform. Can you help?,33
What are the available transactions for instant banking with Fidelity Bank?,33
Can you provide me with the USSD codes for instant banking at Fidelity Bank?,34
What are the shortcuts for quick transactions I can use with Fidelity Bank's USSD service?,34
I'm looking for the mobile banking codes from Fidelity Bank to make transactions easier; what are they?,34
What instant banking options does Fidelity Bank offer through their USSD codes?,34
Where can I find the USSD transaction codes for Fidelity Bank to manage my account?,34
What should I do if I enter the wrong account number multiple times with Fidelity Bank?,35
I keep getting blocked after entering my PIN incorrectly too many times at Fidelity Bank; how can I fix this?,35
Can someone from Fidelity Bank help me if I get locked out after entering the wrong info several times?,35
"At Fidelity Bank, what happens if I make mistakes while trying to enroll or enter my PIN?",35
"If I exceed the limit on wrong entries on my Fidelity Bank account, whom do I contact for support?",35
What should I do if I see an error message right after I call the code for Fidelity Bank services?,36
"If I get an error after completing a transaction with Fidelity Bank, what could it mean?",36
Can you explain what happens when I get an error message during a transaction with Fidelity Bank?,36
"I received a network error after dialing Fidelity Bank's code, what steps should I take next?",36
What does it mean if I encounter an error message when using Fidelity Bank's phone services?,36
What should I do if my token for Fidelity Bank is not in sync?,38
Can you guide me on how to synchronize my out-of-sync token with Fidelity Bank?,38
"If my Fidelity Bank token is showing an error, what steps do I need to take?",38
I need help synchronizing my token from Fidelity Bank. What are the correct procedures?,38
How do I fix my token being out of sync when using Fidelity Bank services?,38
What should I do if I make a mistake entering my details for Fidelity Bank?,37
Can Fidelity Bank help me if I've entered the wrong token response?,37
"When I type in incorrect information for my Fidelity Bank account, what happens?",37
"Fidelity Bank, can you confirm if my token response is accurate after I've entered it?",37
"If I input incorrect details in Fidelity Bank's system, what are the steps I need to follow?",37
What should I do if my Fidelity Bank profile doesn't have any secret questions?,39
Can I set up my secret questions for Fidelity Bank online if I haven't done it yet?,39
How do I reset my secret question for my Fidelity Bank account if I never set one?,39
Fidelity Bank customers: how can I manage secret questions on my profile?,39
"If I forgot to set secret questions for my Fidelity Bank account, what is the procedure?",39
How can I resolve OTP delays when using Fidelity Bank services during network problems?,40
I’m having trouble receiving my OTP from Fidelity Bank; what should I do about it?,40
What steps do I need to take if the OTP from Fidelity Bank isn’t arriving because of Telco issues?,40
"Fidelity Bank, what can I do if there's a delay in getting my OTP during a network outage?",40
"When I'm not receiving my OTP from Fidelity Bank, especially due to network delays, what should I try first?",40
What should I do if my app for Fidelity Bank is not updated?,41
"Fidelity Bank, how can I fix issues with entering incorrect details in the app?",41
Is there a solution for when my Fidelity Bank app isn't updated or I'm entering wrong information?,41
I’m having trouble with my Fidelity Bank app not updating. What can I do?,41
Can you tell me how to correct wrong details in the Fidelity Bank app?,41
What should I do if I forgot my PIN for Fidelity Bank?,43
How can I reset my PIN with Fidelity Bank?,43
Fidelity Bank customers: how to create a new PIN if I’ve forgotten it?,43
"If I entered the wrong PIN on Fidelity Bank's app, how can I set it up again?",43
Can you guide me on resetting my PIN at Fidelity Bank?,43
What should I do if I have two usernames on Fidelity Bank's online banking?,42
How can I remove one of my usernames from Fidelity Bank's online account?,42
I need help with my Fidelity Bank online banking because I have two usernames; what can I do?,42
"Fidelity Bank, how do I delete an unused username from my online banking account?",42
"If I have two accounts with Fidelity Bank for online banking, how can I fix that?",42
How does Fidelity Bank send OTPs for accounts without tokens on Entrust?,44
Can I confirm if my phone number is correct for OTP messages from Fidelity Bank?,44
What should I do if I changed my phone number for Fidelity Bank OTPs and need it updated?,44
I need to verify my phone number for OTP at Fidelity Bank; what's the process?,44
Why am I not receiving OTPs from Fidelity Bank for my entrust profile?,44
What should I do if I'm entering the wrong login information for my Fidelity Bank account?,45
I forgot my password for Fidelity Bank. How can I reset it?,45
Can you guide me on how to check my username for Fidelity Bank if it's not working?,45
I'm having trouble logging in to my Fidelity Bank account. What are my options?,45
How can I make sure I'm using the right credentials for Fidelity Bank?,45
How do I reset my PIN if I've entered it incorrectly too many times with Fidelity Bank?,49
I exceeded the number of attempts for my PIN at Fidelity Bank; what should I do?,49
"Fidelity Bank, what's the procedure for resetting my PIN after multiple failed attempts?",49
"If I've locked myself out by entering the wrong PIN at Fidelity Bank, how can I get back in?",49
What steps do I need to follow to reset my PIN with Fidelity Bank after exceeding the tries?,49
What should I do if the secret question I provided at Fidelity Bank is invalid?,47
How can I reset my secret question at Fidelity Bank if I can't remember it?,47
"I've forgotten my secret question answers for Fidelity Bank, what steps should I take?",47
Can you help me with my secret question issue for my Fidelity Bank account?,47
Why is my secret question coming up as invalid when I try to log into Fidelity Bank?,47
What should I do if I mistakenly used the wrong token response for a transaction at Fidelity Bank?,48
How can a branch CSO help me with unlocking my account if I used the wrong token at Fidelity Bank?,48
"If I entered an incorrect token while trying to make a transaction, what’s the process at Fidelity Bank?",48
Can I get assistance from a branch CSO at Fidelity Bank to resolve an issue with a wrong token response?,48
I used the wrong token for a transaction at Fidelity Bank – how can I get my account unlocked?,48
What should I do if I'm locked out of online banking at Fidelity Bank after entering the wrong password too many times?,46
I mistakenly entered my password incorrectly five times and now I'm locked out of my Fidelity Bank online account. How can I regain access?,46
Can Fidelity Bank help me unlock my online banking access after I got locked out for entering the wrong password multiple times?,46
"If I've tried the wrong password five times on my Fidelity Bank online banking, how do I unlock my account?",46
I need assistance unlocking my Fidelity Bank online banking account since I forgot my password and got locked out. Who can I contact?,46
How can I activate my online banking with Fidelity Bank?,50
What should I do if I'm not using online banking at Fidelity Bank?,50
"Fidelity Bank, what steps do I take to activate my online banking account?",50
"I want to start using online banking at Fidelity Bank, what do I need to do?",50
Can I activate online banking at a branch of Fidelity Bank if I'm not active online?,50
How do I log into the online banking service provided by Fidelity Bank?,51
Can you tell me how to access the corporate online banking portal for Fidelity Bank?,51
"Fidelity Bank, where can I find the link to the online banking platform for corporate accounts?",51
What steps should I follow to reach the corporate online banking page at Fidelity Bank?,51
Is there a website I can visit for Fidelity Bank's corporate online banking access?,51
Can I create multiple accounts for my team members at Fidelity Bank with varying permissions?,53
"Fidelity Bank, can I link different users to my single profile and assign them different access rights?",53
Is it possible to manage various accounts for employees with distinct access levels through my Fidelity Bank profile?,53
What are my options with Fidelity Bank for setting up different user accounts for my staff?,53
"If I have Fidelity Bank, can I set up multiple users under one account with different access levels?",53
What steps do I take to transfer funds between my accounts at Fidelity Bank?,54
Can I send money to external accounts using Fidelity Bank's online services?,54
How do I initiate a transfer within my company's Fidelity Bank accounts?,54
I'm a super admin at Fidelity Bank; how do I access fund transfers?,54
Is there a specific option for transferring funds on Fidelity Bank's dashboard?,54
How can I access and save my company's transaction history on Fidelity Bank?,56
Are Fidelity Bank users allowed to download their account statements and transaction data?,56
Can I check the transaction history for my company's accounts with Fidelity Bank?,56
"With Fidelity Bank, is there a way for super admin users to view and download account statements?",56
What steps should I follow on Fidelity Bank to download my company's account transactions?,56
What security features does Fidelity Bank have to keep my business financial data safe?,52
How does Fidelity Bank ensure the protection of my company's sensitive information?,52
Can you explain the measures Fidelity Bank uses to secure my financial data?,52
I'm interested in knowing how Fidelity Bank protects my company's financial information. What are the steps taken for security?,52
"When I log into Fidelity Bank, what security protocols are in place to safeguard my financial information?",52
Can I use Fidelity Bank's online platform to send and manage international wire transfers?,55
Is it possible to handle international wire transfers online with Fidelity Bank?,55
How does Fidelity Bank process international wire transfers through their online services?,55
Do I need to contact someone at Fidelity Bank for international wire transfers initiated online?,55
"Will Fidelity Bank allow me to initiate international wire transfers online, and what is the process like?",55
What are the limits on transactions when using Fidelity Bank's online banking?,57
Can I get information on transaction restrictions for corporate accounts at Fidelity Bank?,57
How much can I transfer online through Fidelity Bank's corporate banking platform?,57
"Fidelity Bank, is there a maximum limit for transactions in your corporate online banking services?",57
Are there any specific transaction rules I need to know for Fidelity Bank's corporate online banking?,57
Can I access corporate online banking through a mobile app at Fidelity Bank?,61
"Fidelity Bank, is there a mobile banking solution for corporate online banking users?",61
What options does Fidelity Bank offer for corporate online banking on mobile devices?,61
Does the corporate online banking platform at Fidelity Bank have a mobile app for users?,61
I want to know if Fidelity Bank’s corporate online banking is available on a mobile app.,61
Is Fidelity Bank's corporate online banking accessible on various devices and operating systems?,60
Can I use Fidelity Bank's online banking platform on my smartphone or tablet?,60
What devices can I use to access Fidelity Bank's corporate online banking service?,60
Does Fidelity Bank's online banking work with browsers like Chrome and Edge?,60
Is the Fidelity Bank mobile app compatible with both Android and iOS?,60
What customer support options does Fidelity Bank offer for issues with the corporate online banking platform?,59
"If I have trouble using corporate online banking, how can I reach Fidelity Bank for assistance?",59
Can someone tell me how to get help from Fidelity Bank if there are problems with my online banking?,59
I need help with Fidelity Bank's corporate online banking. What support channels are available?,59
How can I contact Fidelity Bank for support while using their online banking services?,59
Is it possible to sync my company's accounting software with the online banking services provided by Fidelity Bank?,58
Can Fidelity Bank's online banking be connected to our ERP or SAP systems in our company?,58
I want to know if I can integrate the banking platform from Fidelity Bank into my company's existing accounting software.,58
How does Fidelity Bank support integration of their online banking with business accounting tools?,58
Does Fidelity Bank allow integration of its online banking features with my company’s software systems?,58
How can I set up more than one user to approve transactions in my Fidelity Bank company account?,63
Is it possible for my Fidelity Bank account to have multiple people authorized for transaction approvals?,63
"At Fidelity Bank, can I have different users authorized to handle transaction approvals for my business?",63
I would like to know if Fidelity Bank allows multiple users to approve company transactions on our behalf.,63
Can multiple transaction approvers be set up for a business account with Fidelity Bank?,63
Does Fidelity Bank allow me to set up bulk payments for payroll or vendors?,66
I want to know if I can manage salary payments through Fidelity Bank's services.,66
"Are there options for making bulk payments with Fidelity Bank, like for my employees?",66
Is there a way to initiate vendor payments in bulk at Fidelity Bank?,66
What features does Fidelity Bank offer for handling payroll or bulk transactions?,66
How do I receive alerts for my account activities with Fidelity Bank?,62
Can Fidelity Bank help me set up notifications for account transactions?,62
I want to know if I can configure alerts on my phone for my Fidelity Bank account activities.,62
Are there options to get activity alerts from my Fidelity Bank account?,62
What is the process for activating account alerts with Fidelity Bank?,62
What services can I access through Fidelity Bank's corporate online banking?,65
Can I pay my bills directly through Fidelity Bank's online banking platform?,65
"Fidelity Bank offers online banking, but what additional features are included?",65
Are there any extra functionalities available with Fidelity Bank's corporate online banking system?,65
What can I do on the corporate online banking platform provided by Fidelity Bank?,65
What is the typical processing time for fund transfers at Fidelity Bank?,64
Can you tell me how quickly my money will reach the recipient if I transfer it through Fidelity Bank?,64
I’m curious about how fast funds are transferred at Fidelity Bank. How long does it take?,64
How long before the recipient sees the funds when I make a transfer using Fidelity Bank's services?,64
"When I send money via NIP with Fidelity Bank, how instant is the transfer?",64
What steps do I need to follow to access my corporate online banking for the first time with Fidelity Bank?,68
Can you tell me how to log into my Fidelity Bank corporate online banking account as a new user?,68
"Fidelity Bank, how do I initiate my first login to corporate online banking?",68
I'm trying to figure out how to get into my corporate account online for the first time at Fidelity Bank. What should I do?,68
How can I access my Fidelity Bank corporate online banking account for the first time?,68
What fees can I expect for corporate online banking with Fidelity Bank?,67
Can you tell me the charges for using corporate online banking of Fidelity Bank?,67
I need to know how much Fidelity Bank charges for corporate online banking transactions.,67
Could you clarify the fee structure for corporate online banking at Fidelity Bank?,67
How does Fidelity Bank determine fees for corporate online banking services?,67
What types of instant debit cards does Fidelity Bank provide at their branches?,71
Can I get a Visa Debit or Mastercard USD Debit Card from Fidelity Bank?,71
What debit card options are available instantly at Fidelity Bank's branches?,71
Are there any debit cards issued instantly by Fidelity Bank when I visit a branch?,71
"Fidelity Bank, which debit cards can I obtain immediately at the branch?",71
What do I do if I can't remember my password for Fidelity Bank?,69
How can I reset my password with Fidelity Bank if I forgot it?,69
"Fidelity Bank, where can I get help to recover my password?",69
"If I forget my password at Fidelity Bank, who should I contact?",69
Can someone at Fidelity Bank assist me with a password reset if I've forgotten it?,69
What are the fees for card issuance and maintenance at Fidelity Bank?,72
"I want to know, Fidelity Bank, what are the charges associated with my card?",72
Can you tell me the costs related to card management and issuance at Fidelity Bank?,72
"Fidelity Bank, how much do I need to pay for card issuance and its maintenance fees?",72
What fees does Fidelity Bank charge for getting and maintaining my card?,72
What steps do I take to add a new user to my corporate online banking with Fidelity Bank?,70
Can I get help on how to create additional users for my Fidelity Bank corporate online banking?,70
"Fidelity Bank, how can I have someone else access my corporate online banking account?",70
I need to know about adding users to my Fidelity Bank corporate online banking—how is that done?,70
"Is there a way to add a verifier, inputter, or authorizer to my corporate account at Fidelity Bank?",70
What should I do if my Fidelity Bank card is blocked?,73
How can I resolve a blocked card with Fidelity Bank?,73
"I need help, my card from Fidelity Bank won't work. What can I do?",73
"If I have a blocked card at Fidelity Bank, where do I go for assistance?",73
My Fidelity Bank card is not working anymore; how do I get it unblocked?,73
What should I do if I suspect card fraud with my Fidelity Bank card?,74
Can I block my card through Fidelity Bank if it's been compromised?,74
"Fidelity Bank customers, how do I stop my card in case of fraud?",74
"If I have a fraud issue with my Fidelity Bank card, how can I block it quickly?",74
Is there a specific number to call at Fidelity Bank to report card fraud and block my card?,74
Can I use my individual naira card for international transactions with Fidelity Bank?,76
What are the rules for international usage of my naira card at Fidelity Bank?,76
Are there any transaction limits for using Fidelity Bank's individual naira card abroad?,76
I have a naira card with Fidelity Bank; is it allowed for international transactions?,76
"Fidelity Bank, do individual naira cards work for transactions outside of Nigeria?",76
What are the daily limits for ATM and POS transactions with my Fidelity Bank Naira Payment Card?,75
Can you tell me the transaction limits for the Fidelity Bank Naira Payment Cards?,75
I'm curious about how much I can withdraw daily with a Fidelity Bank Naira Payment Card; what are the limits?,75
Could you explain the spending limits for Fidelity Bank Naira Payment Cards?,75
How many times can I use my Fidelity Bank Naira Payment Card each day at ATMs or for online purchases?,75
What is the limit for international transactions with my corporate naira card at Fidelity Bank?,78
Can I use my corporate naira card for transactions outside Nigeria with Fidelity Bank?,78
"Fidelity Bank, what are the restrictions for using my corporate naira card internationally?",78
Are there any international transaction limits on corporate naira cards issued by Fidelity Bank?,78
"With my corporate naira card, what are Fidelity Bank's rules on international transactions?",78
What benefits does Fidelity Bank offer with their Visa Signature card?,79
Can you explain what a Visa Signature card is at Fidelity Bank?,79
I'm curious about the Visa Signature card from Fidelity Bank; what makes it special?,79
Fidelity Bank's Visa Signature card—what should I know about its features and services?,79
How does Fidelity Bank's Visa Signature card cater to high net worth individuals?,79
Can you tell me the international transaction limits for my dollar card with Fidelity Bank?,77
What are the ATM and POS transaction limits when using my Fidelity Bank dollar card internationally?,77
How much can I withdraw or spend internationally with my dollar card from Fidelity Bank?,77
"Fidelity Bank, what are the fees and limits for international transactions on the dollar card?",77
I'm looking for information on my individual dollar card limits for international usage at Fidelity Bank.,77
What benefits does the Visa Signature card from Fidelity Bank offer?,80
Can you tell me the features available with Fidelity Bank's Visa Signature card?,80
How does the Visa Signature card at Fidelity Bank work?,80
I'm looking for information on Fidelity Bank's Visa Signature card features.,80
What are the specific attributes of the Visa Signature card provided by Fidelity Bank?,80
What features does Fidelity Bank offer for controlling my card?,82
Can I customize my card settings with Fidelity Bank?,82
How can I manage my card options at Fidelity Bank?,82
"Fidelity Bank, what is the purpose of card control?",82
Is there a way to set limits and controls for my card through Fidelity Bank?,82
What is the process for requesting a Visa Signature Card through Fidelity Bank?,81
How can I get a Visa Signature card from Fidelity Bank?,81
Fidelity Bank: What's the fee to request a Visa Signature card and how do I do it?,81
"Can I order a Visa Signature card online with Fidelity Bank, and how long does it take?",81
I need to know how to apply for a Visa Signature card with Fidelity Bank.,81
How much do I have to pay for a Virtual card from Fidelity Bank?,84
Is there any charge for getting a Virtual card with Fidelity Bank?,84
Can you tell me if Fidelity Bank offers Virtual cards at no cost?,84
What fees are associated with a Virtual card provided by Fidelity Bank?,84
I’m wondering if Fidelity Bank charges anything for their Virtual cards.,84
What is a virtual card offered by Fidelity Bank?,83
Can you explain how Fidelity Bank's virtual card works?,83
I'm interested in knowing about virtual cards. Does Fidelity Bank provide them?,83
How can I use a virtual card with Fidelity Bank for online shopping?,83
"Fidelity Bank, what exactly is a virtual card and what can I do with it?",83
What steps do I follow to obtain a virtual card from Fidelity Bank?,85
Can I create a virtual card through Fidelity Bank's website or app?,85
"Fidelity Bank, how can I access a virtual card without visiting a branch?",85
Is it possible to generate a virtual card with Fidelity Bank online or via mobile?,85
I want to know how to get a virtual card from Fidelity Bank. Can you help?,85
Can new customers of Fidelity Bank apply for a Virtual card?,86
Who is eligible to receive a Virtual card at Fidelity Bank?,86
"As a current customer of Fidelity Bank, can I get a Virtual card?",86
"I'm looking for information on who can get a Virtual card from Fidelity Bank, could you help?",86
Does Fidelity Bank offer Virtual cards to both existing and new customers?,86
What is the daily spending limit for my Fidelity Bank Virtual card?,87
Can you tell me the transaction cap on my Virtual card from Fidelity Bank?,87
How much can I spend each day with my Fidelity Bank Virtual card?,87
"Fidelity Bank customers, what is the maximum amount I can transact daily using my Virtual card?",87
I'm looking for the daily transaction limit for my Virtual card at Fidelity Bank.,87
What is the international transaction limit for my virtual card from Fidelity Bank?,88
"If I'm using a Fidelity Bank virtual card, can I make purchases abroad, and what's the limit?",88
Does my Fidelity Bank virtual card have an international usage fee or limit?,88
"Can I use my virtual card issued by Fidelity Bank for transactions outside the US, and how much can I spend?",88
"Fidelity Bank, does the virtual card allow international transactions, and what is the monthly spending cap?",88
Can you explain what a payday loan is offered by Fidelity Bank?,90
What kind of short-term loans does Fidelity Bank provide?,90
I'm interested in understanding payday loans at Fidelity Bank; what do I need to know?,90
What are the eligibility criteria for a payday loan with Fidelity Bank?,90
How does Fidelity Bank define a payday loan?,90
What should I know about Dynamic Currency Conversion when using my card at Fidelity Bank?,89
Can Fidelity Bank explain how Dynamic Currency Conversion works during transactions?,89
How does Fidelity Bank handle Dynamic Currency Conversion for my purchases abroad?,89
I want to understand the fees related to Dynamic Currency Conversion at Fidelity Bank; what should I look out for?,89
What is the markup applied by Fidelity Bank for transactions involving Dynamic Currency Conversion?,89
What is the repayment date for loans at Fidelity Bank?,91
"At Fidelity Bank, when do I need to repay my loan?",91
Can you tell me when my loan is due at Fidelity Bank?,91
"If I take a loan from Fidelity Bank, when is the payment due?",91
"Fidelity Bank customers, when should I expect my loan repayment to be due?",91
Can I pay off my loan early with Fidelity Bank?,92
What are the steps to self-liquidate a loan at Fidelity Bank?,92
I have a loan with Fidelity Bank; can I close it before the term ends?,92
How do I prepay my loan at Fidelity Bank?,92
Is it possible to settle my loan early through Fidelity Bank?,92
What is the process to apply for a loan with Fidelity Bank?,93
Can I get a loan from Fidelity Bank through the mobile app?,93
How can I request a loan using Fidelity Bank's USSD code?,93
"Fidelity Bank, how do I start my loan application?",93
Is there a specific code I need to use to apply for a loan at Fidelity Bank?,93
What is the length of time for a Payday loan at Fidelity Bank?,94
Can you tell me how many days I have to repay my Payday loan with Fidelity Bank?,94
"Fidelity Bank, how long is the duration for your Payday loans?",94
"If I take a Payday loan from Fidelity Bank, when do I need to pay it back?",94
How does Fidelity Bank structure the repayment period for their Payday loans?,94
What fees should I expect when taking out a payday loan from Fidelity Bank?,95
Can you tell me the rates for a payday loan at Fidelity Bank?,95
"Fidelity Bank, how much do you charge for payday loans?",95
Could I find out the upfront fee for a payday loan with Fidelity Bank?,95
"When I consider a payday loan, what are the associated costs at Fidelity Bank?",95
What is the maximum loan amount I can receive from Fidelity Bank's payday loan?,96
Can you tell me how much I’m eligible to borrow with a payday loan at Fidelity Bank?,96
"Fidelity Bank, what’s the cap on the payday loan amount based on my salary?",96
"If I need a payday loan, how much can I get from Fidelity Bank considering my salary?",96
How does Fidelity Bank determine the amount I can obtain with a payday loan?,96
What factors can affect my eligibility for a loan at Fidelity Bank?,97
I'm wondering how Fidelity Bank determines my loan eligibility—what should I know?,97
Could my eligibility for loans at Fidelity Bank be influenced by my account details?,97
What should I be aware of regarding loan qualifications with Fidelity Bank?,97
Can I lose my eligibility for a loan with Fidelity Bank for any specific reasons?,97
What is the timeframe for receiving a loan from Fidelity Bank?,98
Can you tell me how quickly I can expect a loan to be processed at Fidelity Bank?,98
"Once I apply for a loan with Fidelity Bank, how soon will I see the funds in my account?",98
"Fidelity Bank, how long does the loan approval and funding take?",98
"If I get my loan approved through Fidelity Bank, when will the funds be available to me?",98
What is the process for repaying my Payday loan at Fidelity Bank?,100
How should I ensure I repay my Payday loan with Fidelity Bank?,100
"Fidelity Bank, how do I make sure my Payday loan is settled?",100
Can you explain how Fidelity Bank handles Payday loan repayments?,100
I need to know how to repay a Payday loan at Fidelity Bank.,100
Can I apply for a payday loan if my salary account isn't with Fidelity Bank?,99
What are the requirements for a payday loan application with Fidelity Bank?,99
Does Fidelity Bank require that my salary account be with them to get a payday loan?,99
"I want a payday loan from Fidelity Bank, but my salary goes through a different bank. Is that allowed?",99
Will Fidelity Bank accept my payday loan application if I don’t hold a salary account there?,99
How can I access my funds after setting up a new account with Fidelity Bank?,101
"Fidelity Bank, what steps do I need to take to get my money after opening a new account?",101
I just opened a new account at Fidelity Bank. What do I do to receive my funds?,101
What do I need to do to retrieve my funds from Fidelity Bank after opening an account?,101
Can you tell me how to get my funds with a new Fidelity Bank account?,101
What type of loan does Fidelity Bank offer for salary earners?,102
Can you explain what a Digital Personal loan from Fidelity Bank is?,102
I'm a salary earner; does Fidelity Bank have any digital loan options for me?,102
What should I know about Fidelity Bank's Digital Personal loan for employees?,102
How does Fidelity Bank define a Digital Personal loan for eligible salary earners?,102
What is the loan period for the Digital Personal loan at Fidelity Bank?,103
Can you tell me the duration of the Digital Personal loan offered by Fidelity Bank?,103
How long is the tenor for a Digital Personal loan if I apply through Fidelity Bank?,103
"Fidelity Bank, what is the time frame for repayment on a Digital Personal loan?",103
"If I take a Digital Personal loan from Fidelity Bank, how many months do I have to pay it back?",103
Can I pay off my Digital Personal loan early with Fidelity Bank?,104
How does pre-liquidation work for my loan at Fidelity Bank?,104
Is it possible to settle my Digital Personal loan at Fidelity Bank whenever I want?,104
What is Fidelity Bank's policy on early repayment of loans?,104
"If I have a loan with Fidelity Bank, can I repay it ahead of schedule?",104
What is the maximum amount I can receive from a Digital Personal Loan at Fidelity Bank?,106
"Fidelity Bank, how much can I borrow with a Digital Personal Loan?",106
"Can I get a loan from Fidelity Bank based on my annual salary, and if so, how much?",106
"With a Digital Personal Loan from Fidelity Bank, what's the limit on how much I can get?",106
How much money does Fidelity Bank offer for a Digital Personal Loan in relation to my salary?,106
What steps should I take to pay off my Digital Personal Loan with Fidelity Bank?,105
"As a Fidelity Bank customer, how do I settle my Digital Personal Loan?",105
Can you tell me the process for liquidating my loan from Fidelity Bank?,105
How do I go about paying my Digital Personal Loan at Fidelity Bank?,105
I have a loan with Fidelity Bank; how can I close it out or liquidate it?,105
What is the process for requesting a digital personal loan from Fidelity Bank?,108
Can you tell me how to apply for a loan with Fidelity Bank?,108
How can I get a personal loan through Fidelity Bank's USSD service?,108
Fidelity Bank: what steps do I follow to request a digital personal loan?,108
I want to apply for a loan; how do I do that with Fidelity Bank?,108
What does Fidelity Bank mean by a credit card?,109
Can you explain what a credit card is at Fidelity Bank?,109
I'm curious about the credit card services offered by Fidelity Bank. What should I know?,109
How does Fidelity Bank define a credit card and its usage?,109
Could you tell me what a credit card from Fidelity Bank entails?,109
What interest rates does Fidelity Bank offer for Digital Personal Loans?,107
Can you tell me about the fees for taking out a Digital Personal Loan with Fidelity Bank?,107
I'm looking for information on the monthly interest and management fees for Fidelity Bank's Digital Personal Loan.,107
How much does Fidelity Bank charge in interest and fees for their Digital Personal Loan?,107
Could you provide the interest rate and any associated fees for a Digital Personal Loan from Fidelity Bank?,107
Can I apply for a credit card with Fidelity Bank?,111
What are the requirements for getting a credit card from Fidelity Bank?,111
Is it possible for me to receive a credit card if I bank with Fidelity Bank?,111
I’m looking for information about credit card eligibility at Fidelity Bank. Am I qualified?,111
"Does Fidelity Bank offer credit cards to its customers, and am I eligible for one?",111
What do I need to apply for a credit card at Fidelity Bank?,110
Can you tell me how to obtain a credit card from Fidelity Bank?,110
I'm interested in getting a credit card; what steps should I follow at Fidelity Bank?,110
How does one go about securing a credit card with Fidelity Bank?,110
Is there a specific process for getting a credit card at Fidelity Bank?,110
What are the advantages of having a credit card with Fidelity Bank?,113
How can a credit card from Fidelity Bank help me in emergencies?,113
Why is it beneficial to consider getting a credit card from Fidelity Bank?,113
Can you explain why I might want a credit card through Fidelity Bank?,113
What reasons does Fidelity Bank give for obtaining a credit card?,113
"Does Fidelity Bank offer credit cards for all customers, not just elites?",112
Are credit cards at Fidelity Bank available to everyone regardless of their financial background?,112
I've heard that Fidelity Bank credit cards are only for the wealthy — is that true?,112
"Can anyone apply for a credit card with Fidelity Bank, or is it limited to elite customers?",112
What are Fidelity Bank's policies on credit card eligibility for different financial statuses?,112
What factors determine my credit limit at Fidelity Bank?,114
How can I find out the credit limit set by Fidelity Bank?,114
"Fidelity Bank, how is my credit limit calculated based on my income?",114
Could you tell me what influences my credit limit with Fidelity Bank?,114
I want to understand how Fidelity Bank decides my credit limit; can you explain?,114
Does Fidelity Bank charge me interest on the total credit limit?,115
"At Fidelity Bank, when do I start paying interest on my credit card?",115
"If I have a credit line with Fidelity Bank, do I pay interest on the full amount?",115
What is the interest policy for credit limits at Fidelity Bank?,115
Can you tell me if Fidelity Bank charges interest on unused credit?,115
What are the current rates for loans at Fidelity Bank?,117
Can you tell me the interest rates on different loan types offered by Fidelity Bank?,117
How much interest will I pay on loans with Fidelity Bank?,117
"Fidelity Bank, what interest percentage applies to POS/WEB and ATM loan balances?",117
"If I borrow from Fidelity Bank, what will the interest rate be?",117
Can I apply for a credit card if I have a salary account with Fidelity Bank?,118
What credit card options are available for salary earners at Fidelity Bank?,118
Does having a salary account at Fidelity Bank qualify me for a credit card?,118
Fidelity Bank customers with salary accounts—are credit cards accessible to us?,118
"If I earn a salary and bank with Fidelity, can I get a credit card?",118
What kinds of loans can I get from Fidelity Bank?,119
Can you tell me about the loan options available at Fidelity Bank?,119
I'm interested in loans offered by Fidelity Bank; what do you have?,119
"Fidelity Bank, what are the loan products I can choose from?",119
How much can I borrow from Fidelity Bank with their loan offerings?,119
Does Fidelity Bank offer credit cards in Naira?,116
"I'm a Fidelity Bank customer, can I get a Naira credit card?",116
Can I get a credit card from Fidelity Bank that's in Naira?,116
What types of credit cards does Fidelity Bank provide? Do they have Naira options?,116
"Fidelity Bank, do you have credit cards available in Nigerian Naira?",116
What do I need to know about loan eligibility criteria at Fidelity Bank?,121
How can I check my qualifications for a loan with Fidelity Bank?,121
Can you tell me the eligibility requirements for loans at Fidelity Bank?,121
"Fidelity Bank, how do I find out if I qualify for a loan?",121
Are there specific criteria for loan approval at Fidelity Bank that I should be aware of?,121
How do I apply for a business loan at Fidelity Bank?,120
Can you tell me the steps involved in getting a business loan with Fidelity Bank?,120
What do I need to do to secure a business loan from Fidelity Bank?,120
"I want to know the process for obtaining a business loan at Fidelity Bank, how does it work?",120
What’s the procedure for requesting a business loan at Fidelity Bank?,120
What options does Fidelity Bank offer for financing school expenses?,125
I'm looking for information on school financing from Fidelity Bank; can you help?,125
How can I get school financing with Fidelity Bank?,125
Can Fidelity Bank help with financial support for my school?,125
What school financing solutions are available at Fidelity Bank?,125
What sectors can get SME loans from Fidelity Bank?,122
"If I want to apply for an SME loan, which business areas are eligible at Fidelity Bank?",122
Can you tell me which industries Fidelity Bank provides SME loans to?,122
What types of businesses qualify for SME loans at Fidelity Bank?,122
Which sectors does Fidelity Bank allow for their SME loans?,122
What is the typical processing time for a loan application at Fidelity Bank?,126
How many working days does it take for Fidelity Bank to process a loan application?,126
"If I apply for a loan at Fidelity Bank, how long will it take to get the results?",126
Can you tell me the duration for loan application processing when dealing with Fidelity Bank?,126
"When I submit my loan application to Fidelity Bank, how long should I expect to wait for it to be processed?",126
Can I get a business loan from Fidelity Bank if I don't have an account with them?,123
What are the requirements for a business loan at Fidelity Bank for non-customers?,123
"If I haven't opened an account at Fidelity Bank, can I still apply for a business loan?",123
Do I need to be a Fidelity Bank customer to apply for a small business loan?,123
Can I apply for a business loan through Fidelity Bank using statements from another bank?,123
What different loan tenors can I get with Fidelity Bank?,127
Can you tell me the tenor ranges for business loans at Fidelity Bank?,127
Fidelity Bank offers business loans; what are the available tenor options?,127
"If I want a business loan from Fidelity Bank, how long can I borrow for?",127
How flexible are the tenor choices for business loans at Fidelity Bank?,127
What are the collateral requirements for a business loan at Fidelity Bank?,128
Can I get a business loan from Fidelity Bank without needing to offer property as security?,128
Does Fidelity Bank require any collateral like property or equipment for their business loans?,128
"If I apply for a business loan with Fidelity Bank, do I have to provide any assets or guarantees?",128
Are unsecured business loans available at Fidelity Bank without needing to pledge property?,128
How can I go about cancelling my loan application with Fidelity Bank?,130
I want to cancel my loan request at Fidelity Bank. What steps do I need to take?,130
What should I do if I no longer need the loan I applied for with Fidelity Bank?,130
Can you tell me the process for cancelling a loan application at Fidelity Bank?,130
"If I applied for a loan but changed my mind, how can I cancel it through Fidelity Bank?",130
What will I receive from Fidelity Bank that details my loan information?,131
Can I find out my loan specifics through an email from Fidelity Bank?,131
"After my loan at Fidelity Bank is approved, how will I get my loan agreement?",131
How does Fidelity Bank inform me about my loan repayment details?,131
When will Fidelity Bank send me the welcome kit with my loan documents?,131
Does Fidelity Bank allow a moratorium for SME loans?,132
I'm wondering if Fidelity Bank offers a grace period on facilities for SMEs?,132
Can I get a payment break on my SME loan at Fidelity Bank?,132
What are the conditions for SMEs to have a moratorium on loans with Fidelity Bank?,132
Is it possible for small and medium enterprises to enjoy a loan moratorium through Fidelity Bank?,132
How long does Fidelity Bank take to deposit loan funds into my account after approval?,129
"If I get a loan from Fidelity Bank, when can I expect the money to be in my account?",129
Can you tell me the timeframe for when the loan amount is credited to my account at Fidelity Bank?,129
I’m trying to find out how quickly Fidelity Bank disburses loan money to my bank account after it's approved.,129
"Once my loan is approved at Fidelity Bank, how soon will I see the funds in my account?",129
Do I need to provide equity when I apply for a loan at Fidelity Bank?,133
"When applying for a loan, what equity contribution does Fidelity Bank require?",133
Fidelity Bank: Is an equity contribution necessary for an asset finance loan application?,133
"If I'm interested in a loan, does Fidelity Bank expect me to make a 30% equity contribution?",133
What is Fidelity Bank's policy on equity contributions for loan applications?,133
Can I have multiple loans at Fidelity Bank as an entrepreneur?,134
Does Fidelity Bank allow business owners to have more than one loan at the same time?,134
"As an entrepreneur, what’s Fidelity Bank's policy on having several loan facilities open?",134
"Is it possible for me, as a business owner, to manage more than one loan with Fidelity Bank?",134
How many loans can I take out simultaneously with Fidelity Bank if I run a business?,134
What types of loans does Fidelity Bank offer for healthcare projects?,124
Can I get financing from Fidelity Bank for improving healthcare facilities?,124
I'm looking for information on how Fidelity Bank supports healthcare finance; what do they offer?,124
How can Fidelity Bank help me with loans aimed at enhancing healthcare services?,124
Does Fidelity Bank provide loans for medical emergencies and equipment investments?,124
Who can open the Fidelity Bank Sweet Account?,135
What age group is targeted by the Fidelity Bank for their Sweet Account?,135
Can you tell me the intended audience for the Fidelity Sweet Account at Fidelity Bank?,135
What is the target age range for customers interested in the Fidelity Bank Sweet Account?,135
Is the Fidelity Sweet Account designed for specific age groups at Fidelity Bank?,135
What age do I need to be to open a Fidelity Bank Sweet Account?,136
Can you tell me the age limits for the Fidelity Sweet Account at Fidelity Bank?,136
Who is eligible for the Fidelity Bank Sweet Account in terms of age?,136
"If I want a Fidelity Bank Sweet Account, what are the age requirements?",136
How old do you have to be for the Fidelity Sweet Account from Fidelity Bank?,136
Can my kids manage their accounts independently at Fidelity Bank?,137
How do teens operate savings accounts with Fidelity Bank?,137
"At Fidelity Bank, do children have the ability to run their own accounts?",137
What are the rules for children and teen account management at Fidelity Bank?,137
Do parents need to control their children's accounts at Fidelity Bank?,137
Can you tell me if I can get an ATM card for my savings account at Fidelity Bank?,138
"Fidelity Bank, at what age are customers eligible for an ATM card on their savings accounts?",138
I’m a Fidelity Bank account holder. Can anyone between 15 and 17 receive an ATM card?,138
What are the age requirements for obtaining an ATM card with Fidelity Bank's savings accounts?,138
Is it possible for someone aged 15 to 17 to obtain an ATM card at Fidelity Bank?,138
Does Fidelity Bank provide any interest on the Sweet Account?,140
Can I earn interest with a Fidelity Bank Sweet Account?,140
I want to know if Fidelity Bank pays monthly interest for the Sweet Account.,140
Is there interest paid monthly on the Fidelity Sweet Account from Fidelity Bank?,140
What kind of interest does the Fidelity Sweet Account at Fidelity Bank offer?,140
What benefits does the Fidelity Bank Sweet Account provide to its customers?,139
Can you tell me about the perks of having a Fidelity Bank ‘SWEETA’ savings account?,139
Fidelity Bank offers the Sweet Account; what are the key features of this account?,139
I'm interested in the Fidelity Bank Sweet Account—what value does it bring to account holders?,139
What are the advantages of the Fidelity Sweet Account from Fidelity Bank?,139
What are the steps for opening a SWEET account at Fidelity Bank?,143
How do I sign up for the Fidelity Bank SWEET savings account?,143
Can I open the SWEET account with Fidelity Bank online or do I need to go to a branch?,143
Where can I go to initiate an account opening for the Fidelity Bank SWEET account?,143
Is it possible to open the Fidelity Bank SWEET account via their mobile app?,143
Do Fidelity Bank customers automatically qualify for the loyalty reward upon opening an account?,142
"What is the requirement to receive the ‘N150,000 school fees support’ at Fidelity Bank?",142
Fidelity Bank: Is it necessary to enroll in the loyalty reward program when opening a savings account?,142
"When I open an account with Fidelity Bank, will I benefit from the loyalty rewards?",142
Can I expect to receive the school support incentive when I become a Fidelity Bank SWEETA holder?,142
"What should I do to access the N150,000 school fees support from Fidelity Bank?",141
Can you explain how I can benefit from the school fees support program at Fidelity Bank?,141
How can I take advantage of the school fees support offered by Fidelity Bank?,141
"If I have a Fidelity Sweet Account, how do I qualify for the N150,000 school fees support?",141
"Fidelity Bank, what steps do I need to follow to receive the school fees support?",141
Who is the Fidelity Bank Flex Account designed for?,146
Can you tell me about the target group for the Fidelity Bank savings account?,146
What types of customers does Fidelity Bank target with the Flex Account?,146
"Fidelity Bank, who should consider opening a Flex Account?",146
What customer segments does the Fidelity Flex Account serve?,146
What are the requirements for opening the Fidelity Bank Sweet account?,144
Can you tell me the documents I need for a Fidelity Bank account for my child?,144
"How do I open a Fidelity Bank Sweet account, and what paperwork is necessary?",144
"Fidelity Bank, what identification is required to set up a Sweet savings account?",144
"When opening a Fidelity Bank Sweet account, what documents should I prepare?",144
Can I open a Flex account at Fidelity Bank if I'm under 18?,147
"Fidelity Bank, what documents do minors need to open a Flex account?",147
Is it possible for someone under 18 to have a Flex account with Fidelity Bank?,147
What requirements does Fidelity Bank have for opening a Flex account for someone who is younger than 18?,147
"If I’m under age, how can I open a Flex account with Fidelity Bank?",147
What are the benefits of having a Fidelity Bank Flex Account?,149
Can you tell me what features are included in the Fidelity Bank Flex Account?,149
I'm interested in opening a Flex Account; what advantages does Fidelity Bank provide?,149
What does Fidelity Bank offer for customers with a Flex Account?,149
Could you list the perks of the Fidelity Flex Account from Fidelity Bank?,149
How does Fidelity Bank calculate the interest for the Flex Account?,148
Can you tell me about interest earnings on the Fidelity Flex Account at Fidelity Bank?,148
What’s the process for earning interest on my Fidelity Bank Flex Account?,148
"With Fidelity Bank, how is interest accumulated each month for the Flex Account?",148
"If I want to know about monthly interest on my Fidelity Flex Account, what should I consider at Fidelity Bank?",148
What are the steps to open a Fidelity Bank Flex account?,151
Can I set up a Fidelity Bank Flex account online or do I need to go in person?,151
How do I go about opening my Fidelity Bank Flex account?,151
Does Fidelity Bank allow me to open a Flex account at a branch or online?,151
What options does Fidelity Bank offer for opening a Flex account?,151
What do I need to bring to Fidelity Bank to open a Flex account?,152
Can you tell me the required documents for opening a Fidelity Bank Flex account?,152
"When I go to Fidelity Bank, what identification will I need for the Fidelity Flex account?",152
Fidelity Bank requires what paperwork to set up a Flex account?,152
How can I open a Fidelity Flex account and what documents does Fidelity Bank need from me?,152
Who is the Fidelity Bank Personal Savings Scheme intended for?,153
Can you tell me about the target audience for the Fidelity Bank savings plan?,153
What kind of customers does Fidelity Bank cater to with its Personal Savings Scheme?,153
"I’m curious about the typical client for Fidelity Bank’s FPSS, can you explain?",153
What demographic does Fidelity Bank's Personal Savings Scheme focus on?,153
What is the withdrawal limit for earning interest on my Fidelity Bank Flex Account?,150
"If I have a Fidelity Bank Flex Account, how many times can I withdraw money in a month without losing interest?",150
Can you tell me about interest conditions for the Fidelity Flex Account at Fidelity Bank regarding monthly withdrawals?,150
Do I need to worry about making too many withdrawals from my Fidelity Bank Flex Account if I want to earn interest?,150
How many withdrawals can I make from my Fidelity Bank account before I stop earning interest?,150
What is the minimum age required for the Fidelity Bank Personal Savings Scheme?,154
Can you tell me who qualifies for the Fidelity Bank Personal Savings Scheme?,154
I want to know the age eligibility for the Fidelity Personal Savings Scheme at Fidelity Bank.,154
What age do I need to be to open a personal savings account with Fidelity Bank?,154
At what age can one participate in the Fidelity Bank Personal Savings Scheme?,154
What is the minimum requirement to start a savings account with Fidelity Bank?,155
"Fidelity Bank, how much do I need to open a personal savings scheme?",155
"Can I open a Fidelity Bank savings account with any amount, or is there a minimum?",155
Tell me the minimum opening balance for the Fidelity Personal Savings Scheme at Fidelity Bank.,155
Is there a specific minimum amount needed to open a savings account at Fidelity Bank?,155
What is the withdrawal limit per month at Fidelity Bank to keep earning interest on savings?,145
I want to know if Fidelity Bank has a cap on monthly withdrawals for interest accumulation on my account.,145
"At Fidelity Bank, how many times can I withdraw from my savings without losing interest?",145
Does Fidelity Bank impose a restriction on the number of withdrawals I can make monthly to receive interest?,145
Can you tell me the rules for withdrawals at Fidelity Bank to still qualify for interest on a savings account?,145
What benefits do I get when I open a personal savings account with Fidelity Bank?,157
Can you tell me about the rewards for Fidelity Bank's Personal Savings Scheme?,157
What does Fidelity Bank offer as loyalty rewards for opening a savings account?,157
"If I open a personal savings account at Fidelity Bank, what cash rewards can I expect?",157
How does the Fidelity Bank Personal Savings Scheme reward its customers quarterly?,157
What is the minimum balance required for the Fidelity Bank Personal Savings Scheme?,156
Can you tell me the operating balance for the savings account at Fidelity Bank?,156
What amount do I need to maintain in my Fidelity Bank Personal Savings Scheme?,156
How much is the operating balance for the Fidelity Bank FPSS account?,156
"Is the minimum operating balance for the Fidelity Bank Personal Savings Scheme set at N2,000?",156
Can I earn interest with the Fidelity Bank Personal Savings Scheme?,159
How often does Fidelity Bank pay interest on their personal savings accounts?,159
Is there a monthly interest payment for accounts at Fidelity Bank?,159
What is the interest payment schedule for the Fidelity Personal Savings Scheme?,159
Does Fidelity Bank provide monthly interest for their savings account customers?,159
Can third parties make withdrawals from my Fidelity Bank Personal Savings Scheme?,158
"When I open a Fidelity Bank Personal Savings Scheme, am I allowed to have third-party withdrawals?",158
What is Fidelity Bank's policy on third-party withdrawals for the Personal Savings Scheme?,158
Is it possible for someone else to withdraw cash from my savings account with Fidelity Bank?,158
"If I have a Personal Savings Scheme with Fidelity Bank, can others access the funds?",158
What are the withdrawal limits at Fidelity Bank for earning interest?,160
Can I still receive interest on my savings at Fidelity Bank if I withdraw frequently?,160
How many withdrawals can I make with my Fidelity Bank savings account before it affects interest?,160
"Fidelity Bank, is there a restriction on withdrawals for interest payout?",160
"If I have a savings account with Fidelity Bank, how does withdrawing affect my interest?",160
"What steps do I need to take to access the N500,000 Extra Income at Fidelity Bank?",161
"Can I get the N500,000 extra income if I open a personal savings account with Fidelity Bank?",161
How can I enjoy the loyalty benefits from Fidelity Bank's savings accounts?,161
"I want to benefit from the N500,000 offer; what should I do at Fidelity Bank?",161
"Does Fidelity Bank offer an Easy way to unlock the N500,000 Extra Income for savings?",161
What do I need to bring to Fidelity Bank to open a Personal Savings Scheme?,163
Can you tell me the required documents for opening an account at Fidelity Bank?,163
I'm looking to open a Fidelity Bank Personal Savings account; what identification do I need?,163
Are there specific documents needed to set up a Savings Scheme account with Fidelity Bank?,163
"When opening a Fidelity Bank Personal Savings account, what paperwork should I prepare?",163
Who are the ideal customers for the Fidelity Bank High Yield Savings Account?,164
What types of savers does Fidelity Bank target with their High Yield Savings Account?,164
Can you tell me about Fidelity Bank's High Yield Savings Account and who it's meant for?,164
I'm curious about the target audience for the High Yield Savings Account at Fidelity Bank.,164
What kind of people should consider opening a High Yield Savings Account with Fidelity Bank?,164
What are the steps to set up a Fidelity Bank Personal Savings Scheme account?,162
Can I open a Personal Savings Scheme account with Fidelity Bank online?,162
How do I go about opening a savings account at Fidelity Bank?,162
Which methods can I use to initiate a Fidelity Bank Personal Savings Scheme account?,162
Is it possible to open an account at Fidelity Bank without visiting a branch?,162
What is the minimum age for opening a Fidelity Bank High Yield Savings Account?,165
At what age can someone start a High Yield Savings Account with Fidelity Bank?,165
Can you tell me the age requirements for Fidelity Bank's High Yield Savings Account?,165
I'm looking for information about age eligibility for the Fidelity Bank High Yield Savings Account—what is it?,165
How old do I need to be to open a High Yield Savings Account at Fidelity Bank?,165
How much money do I need to start a High Yield Savings Account with Fidelity Bank?,166
Can I open a Fidelity Bank High Yield Savings Account with any deposit?,166
What is the lowest deposit required to set up a High Yield Savings Account at Fidelity Bank?,166
Is there a minimum balance needed when opening a Fidelity High Yield Savings Account?,166
What amount do I need to begin my savings account at Fidelity Bank?,166
What is the minimum balance required for a Fidelity Bank High Yield Savings Account?,167
Can you tell me the operating balance for the High Yield Savings Account at Fidelity Bank?,167
"Fidelity Bank, how much do I need as an operating balance for the High Yield Savings Account?",167
"Is it true that the operating balance for the Fidelity Bank High Yield Savings Account is N5,000?",167
What’s the required operating balance if I open a High Yield Savings Account with Fidelity Bank?,167
What benefits can I get from a Fidelity Bank High Yield Savings Account?,168
How does Fidelity Bank's High Yield Savings Account help me earn interest?,168
Can you tell me what Fidelity Bank offers with their High Yield Savings Account?,168
What are the key features of the High Yield Savings Account at Fidelity Bank?,168
"If I open a High Yield Savings Account with Fidelity Bank, will I earn regular interest?",168
Does Fidelity Bank offer interest on their High Yield Savings Account?,169
How often does Fidelity Bank pay interest for their savings accounts?,169
I want to know if interest is credited monthly for my Fidelity Bank High Yield Savings Account.,169
Can you tell me if a Fidelity Bank High Yield Savings Account earns interest?,169
What’s the interest payment schedule for the Fidelity Bank High Yield Savings Account?,169
What is the difference between the interest rates on a HYSA and regular savings accounts at Fidelity Bank?,170
Can I expect a higher interest rate on a high-yield savings account compared to the regular savings account at Fidelity Bank?,170
How does the interest rate for the HYSA at Fidelity Bank compare to that of a standard savings account?,170
Is Fidelity Bank's high-yield savings account offering better interest rates than its regular savings account?,170
Does Fidelity Bank provide a higher interest rate for its HYSA than for regular savings accounts?,170
What do I need to bring to Fidelity Bank to set up a High Yield Savings Account?,171
Can you tell me the documents required by Fidelity Bank for opening a savings account?,171
I’m looking to open a Fidelity Bank High Yield Savings Account. What paperwork is necessary?,171
"Fidelity Bank, what identification and documents are needed to open a savings account?",171
What are the requirements at Fidelity Bank for opening an individual High Yield Savings Account?,171
Can I access Internet banking services with Fidelity Bank?,172
What are the Internet banking options available at Fidelity Bank?,172
Does Fidelity Bank provide Internet banking access?,172
Is Internet banking available for my account at Fidelity Bank?,172
I want to know if there’s online banking at Fidelity Bank.,172
What is the minimum age requirement for opening a Fidelity Bank savings account?,175
Can I open a savings account with Fidelity Bank if I am 17 years old?,175
At what age can someone start a savings account with Fidelity Bank?,175
"Fidelity Bank, do I need to be a certain age to qualify for a savings account?",175
Could you tell me the age limits for Fidelity Bank's savings account eligibility?,175
Who is the Fidelity Bank Savings Account intended for?,174
"I'm curious about the target audience for the Fidelity Bank Savings Account, could you help?",174
Fidelity Bank: what age group and types of individuals can open a Savings Account?,174
Can you tell me about the customer demographic that Fidelity Bank aims to serve with their Savings Account?,174
What kind of people does Fidelity Bank consider for their Savings Account offerings?,174
What benefits come with opening a Fidelity Bank savings account?,176
Can you tell me about the advantages of a savings account at Fidelity Bank?,176
"I'm curious, what perks does Fidelity Bank offer for their savings accounts?",176
What features can customers enjoy with a Fidelity Bank savings account?,176
How does Fidelity Bank's savings account provide value to its account holders?,176
Can I deposit checks or dividend warrants into my Fidelity Bank Yield Savings Account?,173
Does the Yield Savings Account at Fidelity Bank accept cheque deposits and dividend warrants?,173
"If I have a dividend warrant, can I bring it to Fidelity Bank and deposit it into my savings account?",173
"Fidelity Bank, do you allow cheque deposits for the Yield Savings Account?",173
What is Fidelity Bank's policy on depositing cheques or dividend warrants in the Yield Savings Account?,173
Does Fidelity Bank provide interest on their savings accounts every month?,177
I want to know if Fidelity Bank’s savings account earns interest for customers.,177
How often does Fidelity Bank pay interest on savings accounts?,177
Is there an interest payout for customers with a savings account at Fidelity Bank?,177
What’s the interest policy for savings accounts at Fidelity Bank?,177
What is the maximum number of withdrawals allowed at Fidelity Bank before I stop earning interest?,178
Can you tell me how many times I can withdraw from my account at Fidelity Bank in a month to still receive interest?,178
I want to know about withdrawal limits for interest at Fidelity Bank. How many can I make?,178
"At Fidelity Bank, is there a certain number of withdrawals I should be careful about to ensure I still earn interest?",178
Does Fidelity Bank have a policy regarding withdrawals affecting interest accrual? How many can I make?,178
What features should I know about the savings account at Fidelity Bank?,181
Can you tell me what the Fidelity Bank savings account offers?,181
I'm interested in opening a savings account with Fidelity Bank – what are the features?,181
What are the benefits of having a savings account with Fidelity Bank?,181
How does the Fidelity Bank savings account work in terms of minimum balance and withdrawals?,181
Can I use Internet banking with my Fidelity Bank Savings Account?,182
Does Fidelity Bank offer free online banking for savings accounts?,182
What are the internet banking options for a savings account at Fidelity Bank?,182
Is online banking available for Fidelity Bank's savings account customers?,182
"Fidelity Bank, do I have access to free Internet banking if I open a savings account?",182
What are the ways to open a savings account with Fidelity Bank?,179
Can I start a Fidelity Bank savings account online or do I have to visit a branch?,179
How do I go about opening a savings account at Fidelity Bank?,179
Is it possible to set up a Fidelity Bank savings account using digital options?,179
Where can I go to open a savings account with Fidelity Bank?,179
What do I need to get started with a Fidelity Bank savings account?,180
Can you tell me the required documents for opening a savings account at Fidelity Bank?,180
I'm looking to open a savings account; what documents does Fidelity Bank require?,180
"Fidelity Bank, what’s the list of documents I should bring to open a new savings account?",180
Do I need any specific papers to open a savings account at Fidelity Bank?,180
What is the minimum age to open a Fidelity Bank Easi-Save Account?,184
Can you tell me the age requirements for opening an account at Fidelity Bank?,184
At what age can someone start a Fidelity Bank Easi-Save Account?,184
Is there a specific age limit for Fidelity Bank's Easi-Save Account?,184
Who is eligible for the Easi-Save Account at Fidelity Bank in terms of age?,184
Who is the Fidelity Bank Easi-Save Account designed for?,183
Can you tell me about the target audience for Fidelity Bank's Easi-Save Account?,183
What types of customers does Fidelity Bank aim to attract with their Easi-Save Account?,183
"I'm curious about the intended market for the Easi-Save Account at Fidelity Bank, can you help?",183
Fidelity Bank — who should consider opening an Easi-Save Account?,183
What are the steps to set up a Fidelity Bank Easi-Save account?,187
Can I open a Fidelity Bank savings account online or do I need to visit a branch?,187
How do I go about opening an Easi-Save account with Fidelity Bank?,187
Is it possible to register for a Fidelity Bank Easi-Save account via digital means?,187
Where can I go to open a Fidelity Bank savings account?,187
What are the benefits of opening a Fidelity Bank Easi-Save Account?,185
Can you tell me about the features of the Easi-Save Account at Fidelity Bank?,185
"I'm interested in the perks associated with Fidelity Bank's Easi-Save Account, what do they include?",185
How does Fidelity Bank's Easi-Save Account support account holders?,185
What advantages does a Fidelity Bank customer get with an Easi-Save Account?,185
Does the Fidelity Bank offer interest for the Easi-Save Account?,186
I want to know if Fidelity Bank pays interest on the Easi-Save Account every month.,186
Are customers of Fidelity Bank receiving monthly interest on their Easi-Save Accounts?,186
How does Fidelity Bank handle interest for the Easi-Save Account?,186
Can you tell me if Fidelity Bank's Easi-Save Account earns interest?,186
What are the requirements to open a Fidelity Bank Easi-Save account?,188
Can you tell me what documents Fidelity Bank requires to set up an Easi-Save account?,188
I'm looking to open a Fidelity Bank account; what documentation will I need?,188
What does Fidelity Bank require from me in terms of paperwork for the Easi-Save account?,188
Do I need specific documents to establish an Easi-Save account at Fidelity Bank?,188
What features does the Easi-Save Account from Fidelity Bank offer?,189
Can you tell me about the benefits of opening a Fidelity Bank Easi-Save Account?,189
I want to know what I can expect from the Fidelity Bank Easi-Save Account.,189
What are the characteristics of the Easi-Save Account available at Fidelity Bank?,189
How much do I need to start a savings account with Fidelity Bank?,189
Can I use Internet banking with my Fidelity Bank Easi-Save Account?,190
Does Fidelity Bank offer online banking access for the Easi-Save Account?,190
How can I access Internet banking if I have a Fidelity Bank Easi-Save Account?,190
Is online banking available for customers of Fidelity Bank who have an Easi-Save Account?,190
What are the Internet banking options for the Easi-Save Account at Fidelity Bank?,190
What advantages do I get with virtual accounts at Fidelity Bank?,193
Can you tell me how Fidelity Bank's virtual accounts help with managing my transactions?,193
How does Fidelity Bank improve flexibility and security with virtual accounts?,193
Why should I consider using virtual accounts from Fidelity Bank?,193
What makes virtual accounts beneficial at Fidelity Bank?,193
Can I open a virtual account with Fidelity Bank?,191
What does Fidelity Bank mean by virtual accounts?,191
How does a virtual account work at Fidelity Bank?,191
I want to know more about virtual accounts at Fidelity Bank; what are they used for?,191
What is the purpose of a virtual account at Fidelity Bank?,191
What do I need to submit for a virtual account at Fidelity Bank?,195
Can you tell me the requirements for opening a virtual account with Fidelity Bank?,195
"Fidelity Bank, what kind of documentation is required for a virtual account?",195
I'm looking to start a virtual account at Fidelity Bank; what paperwork do I need?,195
What is required when applying for a virtual account at Fidelity Bank?,195
What are the steps for a merchant to create a Virtual Account with Fidelity Bank?,194
Can someone explain how I can set up a Virtual Account at Fidelity Bank if I'm a business owner?,194
I want to open a Fidelity Bank Virtual Account for my business; what do I need to do?,194
How does a merchant get started with a Fidelity Bank Virtual Account?,194
What information is required for a merchant to open a Virtual Account at Fidelity Bank?,194
Can you explain how virtual accounts operate at Fidelity Bank?,192
What’s the process behind virtual accounts at Fidelity Bank?,192
How do I utilize virtual accounts with Fidelity Bank?,192
"Fidelity Bank, what does a virtual account mean for customers?",192
I want to know how transactions are managed with virtual accounts at Fidelity Bank.,192
Are there any fees associated with having a virtual account at Fidelity Bank?,197
Does Fidelity Bank require a minimum balance for their virtual accounts?,197
"I'm curious if Fidelity Bank imposes charges on their virtual accounts, or if there's a minimum balance requirement?",197
What are the costs involved with a virtual account at Fidelity Bank? Is there a minimum balance?,197
Can I open a virtual account with Fidelity Bank without worrying about charges or minimum balance limits?,197
Can I set up my account with Fidelity Bank without going to a branch?,196
Is it necessary to visit a branch of Fidelity Bank to establish my account?,196
How can I start setting up my Fidelity Bank account without visiting a physical location?,196
Do I have to go to a Fidelity Bank branch to create my virtual account?,196
What are the steps for starting a Fidelity Bank account if I don't want to go to a branch?,196
How quickly does Fidelity Bank process instant settlements?,198
Can you tell me if Fidelity Bank offers instant settlement and how long it takes?,198
What is the time frame for instant settlements at Fidelity Bank?,198
"When I make an instant settlement with Fidelity Bank, how fast will it be completed?",198
Is the settlement time immediate for transactions with Fidelity Bank?,198
Does Fidelity Bank have any restrictions on payments made through a Virtual Account?,200
What are the limits for making payments with a Virtual Account at Fidelity Bank?,200
Can I make unlimited payments through my Virtual Account at Fidelity Bank?,200
"Fidelity Bank, is there a cap on payments handled via Virtual Accounts?",200
"If I'm using a Virtual Account with Fidelity Bank, are there any transaction limits I should know about?",200
What options does Fidelity Bank provide for confirming payment statuses?,199
How does Fidelity Bank notify me about my payment confirmations?,199
Can I check my payment validation in real-time with Fidelity Bank?,199
"Fidelity Bank, how can I find out if my payment has been successfully processed?",199
Is there a way to verify payments with notifications through Fidelity Bank?,199
In which sectors does Fidelity Bank suggest virtual accounts can be beneficial?,201
Can you tell me what kinds of businesses use virtual accounts according to Fidelity Bank?,201
"Fidelity Bank, which industries are typically associated with the use of virtual accounts?",201
What types of companies does Fidelity Bank mention that utilize virtual accounts?,201
"For a customer of Fidelity Bank, what industries take advantage of virtual accounts?",201
Can I use virtual accounts from Fidelity Bank for transactions outside the country?,202
What are the international transaction capabilities of Fidelity Bank's virtual accounts?,202
Are there any restrictions on using Fidelity Bank virtual accounts for overseas payments?,202
How does Fidelity Bank handle international transactions with virtual accounts?,202
"I'm curious, can Fidelity Bank virtual accounts facilitate transactions internationally?",202
Is it safe to use virtual accounts with Fidelity Bank?,204
What security measures should I consider for my Fidelity Bank virtual account?,204
Can I trust the virtual accounts offered by Fidelity Bank?,204
Are the virtual accounts at Fidelity Bank protected against fraud?,204
How secure are virtual accounts provided by Fidelity Bank?,204
Can I set up recurring payments with my virtual account at Fidelity Bank?,205
"Fidelity Bank, do virtual accounts support automatic billing for subscriptions?",205
Are recurring payments possible through Fidelity Bank's virtual accounts?,205
How does Fidelity Bank handle recurring payments using virtual accounts?,205
Is it true that I can use my virtual account at Fidelity Bank for regular payment services?,205
What sets a virtual account apart from a traditional bank account at Fidelity Bank?,203
Can you explain how Fidelity Bank's virtual accounts differ from regular bank accounts?,203
I'm curious about the differences between traditional accounts and virtual accounts with Fidelity Bank. What should I know?,203
How does Fidelity Bank's virtual account compare to a standard bank account?,203
What are the benefits of using a virtual account instead of a traditional one at Fidelity Bank?,203
What are the different kinds of virtual accounts offered by Fidelity Bank?,206
Can you tell me about the types of Fidelity Bank virtual accounts?,206
How many virtual account options does Fidelity Bank provide?,206
I'm curious about the Fidelity Bank virtual accounts—how many types do they have?,206
What categories of virtual accounts can I find at Fidelity Bank?,206
Can you explain what a static virtual account is at Fidelity Bank?,207
What does Fidelity Bank mean by a static virtual account?,207
How does Fidelity Bank define a static virtual account?,207
I want to know about static virtual accounts offered by Fidelity Bank. What are they?,207
What is the difference between a static virtual account and other types at Fidelity Bank?,207
Can you explain what a dynamic virtual account is at Fidelity Bank?,208
I heard about dynamic virtual accounts. How does this work with Fidelity Bank?,208
What does Fidelity Bank mean by a dynamic virtual account?,208
"Fidelity Bank, could you clarify how dynamic virtual accounts operate?",208
Is there a unique account number for each transaction with the dynamic virtual account at Fidelity Bank?,208
What services does Fidelity Bank offer to customers living abroad?,211
"If I'm a diaspora customer, what products can I access at Fidelity Bank?",211
Can you tell me what Fidelity Bank provides for its international customers?,211
I want to know the account types and services available for diaspora customers at Fidelity Bank?,211
What are the options for expatriates banking with Fidelity Bank?,211
What are the eligibility requirements for opening a Diaspora account with Fidelity Bank?,210
Can I operate a Diaspora account if I'm living outside Nigeria with Fidelity Bank?,210
Who qualifies to open a Diaspora account at Fidelity Bank?,210
I'm a Nigerian living abroad; can I manage a Diaspora account in Fidelity Bank?,210
Does Fidelity Bank allow Nigerians living outside the country to open Diaspora accounts?,210
What do I need to provide to open a diaspora account with Fidelity Bank?,212
Can you tell me the requirements for opening a diaspora account at Fidelity Bank?,212
I'm interested in opening a Fidelity Bank diaspora account; what documents are necessary?,212
What are the steps and documents needed to set up a diaspora account at Fidelity Bank?,212
"Fidelity Bank, what identification and proof do I need for a diaspora account application?",212
Can you guide me on how to open a Diaspora account with Fidelity Bank?,213
What’s the process for opening a Fidelity Bank Diaspora account?,213
"I need information about opening a Diaspora account at Fidelity Bank, can you help?",213
How can I complete the application for a Diaspora account at Fidelity Bank?,213
What steps should I follow to open a Diaspora account with Fidelity Bank?,213
Can I change my existing Fidelity Bank account to a Diaspora account after moving overseas?,214
"If I have a Fidelity Bank account and relocate abroad, how do I migrate it to a Diaspora account?",214
What steps do I need to take for my Fidelity Bank account after I move to another country?,214
"Fidelity Bank, can I convert my regular account into a Diaspora account since I’m now living abroad?",214
Is it possible to update my Fidelity Bank account to a Diaspora account when I have an overseas address?,214
What are the ways to deposit money into my Fidelity Bank diaspora account while I'm overseas?,216
Can I use wire transfers to fund my Fidelity Bank diaspora account from abroad?,216
How can I send money to my Fidelity Bank account while I'm from a different country?,216
I'm looking for options to add funds to my account at Fidelity Bank from outside Nigeria. What should I do?,216
What methods are available for funding my diaspora account with Fidelity Bank when I'm living abroad?,216
Will I keep the same account number with Fidelity Bank after transferring to a diaspora account?,215
"If I migrate my account to a diaspora account, does Fidelity Bank change my account number?",215
Can you tell me whether Fidelity Bank assigns a new account number when switching to a diaspora account?,215
I’m planning to convert my existing account to a diaspora account with Fidelity Bank. Will my account number stay the same?,215
Does my account number change when I switch to a diaspora account at Fidelity Bank?,215
What methods does Fidelity Bank offer for withdrawing money from my Diaspora accounts while I'm outside the country?,217
How can I access funds in my Fidelity Bank Diaspora account from abroad?,217
"If I have a Fidelity Bank Diaspora account, what are my options for making withdrawals overseas?",217
I'm abroad and want to withdraw from my Diaspora account at Fidelity Bank; what can I do?,217
Can you tell me how to withdraw funds from my Fidelity Bank Diaspora account while I'm not in Nigeria?,217
Why does Fidelity Bank need a Nigerian address to open my diaspora account?,218
I’m opening a diaspora account with Fidelity Bank; why do I have to provide a Nigerian supporting address?,218
Could you explain why Fidelity Bank requires a Nigerian address for diaspora account applications?,218
What’s the reason that Fidelity Bank asks for a Nigerian supporting address when I want to open a diaspora account?,218
"Fidelity Bank, why am I being requested to provide a Nigerian address for my diaspora account?",218
How can I include a signatory on my account with Fidelity Bank?,219
Is it possible to add someone as a signatory to my Fidelity Bank account?,219
I want to know if Fidelity Bank allows joint nominees for accounts. Can I have a signatory added?,219
Can you tell me if I can designate a signatory for my Fidelity Bank account?,219
What are the options for signing authorities on my account at Fidelity Bank?,219
Can you tell me what Diaspora Banking is at Fidelity Bank?,209
What services does Fidelity Bank offer for Nigerians living abroad?,209
How does Fidelity Bank support its diaspora customers with banking?,209
I'm interested in knowing more about Fidelity Bank's Diaspora Banking services. What are they?,209
What is the purpose of Fidelity Bank's Diaspora Banking program for Nigerians overseas?,209
What is the process for receiving my debit card from Fidelity Bank?,220
"Fidelity Bank, how can I arrange for my debit card to be delivered?",220
Can I get my debit card sent to my address with Fidelity Bank?,220
How do I obtain my debit card if I bank with Fidelity Bank?,220
"If I want my debit card, what do I need to do with Fidelity Bank?",220
Can I send money to someone who doesn't have a bank account at Fidelity Bank?,221
What are the steps for making a payment to a beneficiary if they aren't a Fidelity Bank account holder?,221
How can I pay a beneficiary without them needing an account with Fidelity Bank?,221
Is it possible to transfer funds to a beneficiary through Fidelity Bank if they don't have a bank account?,221
"Fidelity Bank, how can I ensure my beneficiary receives funds without them holding an account?",221
What steps do I need to take to register for my BVN while overseas with Fidelity Bank?,223
"I’m abroad and wondering how I can enroll for BVN through Fidelity Bank, any guidance available?",223
Can you provide information on how to get my BVN registered from outside the country with Fidelity Bank?,223
"As a customer of Fidelity Bank, what’s the procedure to register for a BVN while living abroad?",223
Where can I find details on BVN registration centers overseas through Fidelity Bank?,223
What are the contact options for Diaspora Banking at Fidelity Bank?,224
How can I reach Fidelity Bank's Diaspora Banking customer service?,224
Can you provide me with Fidelity Bank's Diaspora Banking email and phone number?,224
What is the phone number and email for reaching out to Fidelity Bank about Diaspora Banking?,224
I'm looking for the contact details for Fidelity Bank's Diaspora Banking; what can I use?,224
What steps do I need to take to reactivate my diaspora account with Fidelity Bank?,222
How can I update my information for my Fidelity Bank diaspora account?,222
Can you guide me on how to reactivate my account at Fidelity Bank for diaspora customers?,222
"Fidelity Bank, what documents do I need to submit to update my diaspora account?",222
I'm trying to update my details with Fidelity Bank for my diaspora account; what should I do?,222
What steps do I need to take to open an SME account at Fidelity Bank?,225
Can I open an SME bank account with Fidelity Bank online or do I need to visit a branch?,225
How can I go about setting up my SME bank account with Fidelity Bank?,225
Can you guide me on how to open an SME account at Fidelity Bank?,225
Where do I find information on opening an SME banking account with Fidelity Bank?,225
What business accounts can I open with Fidelity Bank?,226
Can you tell me about the types of business accounts offered by Fidelity Bank?,226
"Fidelity Bank, what options do I have for business accounts?",226
I'm looking for SME banking options at Fidelity Bank; what accounts do you provide?,226
What types of accounts does Fidelity Bank offer for both registered and unregistered businesses?,226
What is the duration until my account is considered dormant at Fidelity Bank?,227
Can you tell me how long it takes for my Fidelity Bank account to go inactive?,227
"At Fidelity Bank, after how many months of no activity will my account become dormant?",227
How many months of inactivity must pass before my account at Fidelity Bank becomes inactive?,227
"I want to know, with Fidelity Bank, when does an account fall into dormancy?",227
Can I still open an account with Zenith Bank if I'm not in the country?,228
Zenith Bank: Is it possible to open an account while I’m overseas?,228
I want to know if Zenith Bank allows account openings from outside the country.,228
How can I open a Zenith Bank account when I'm currently abroad?,228
Is there a way to set up a bank account with Zenith Bank while I'm out of the country?,228
Is a withdrawal booklet necessary for my savings account at Zenith Bank?,230
What do I need to withdraw cash from my savings account with Zenith Bank?,230
Can I operate my Zenith Bank savings account without a withdrawal booklet?,230
How do I take out money from my savings account at Zenith Bank?,230
Zenith Bank customers: do you require a withdrawal booklet for savings account transactions?,230
Can I operate my Zenith Bank account while I'm outside the country?,229
Is it allowed to manage my account with Zenith Bank if I'm abroad?,229
How can I access my Zenith Bank account when I'm not in the country?,229
"Zenith Bank, can I open an account and still use it from another country?",229
What are the options for handling my Zenith Bank account when I'm overseas?,229
What steps do I need to follow to set up a salary account at Zenith Bank?,231
Can my employer write to Zenith Bank on my behalf to help me open a salary account?,231
How do I go about opening a salary account with Zenith Bank?,231
I want to open a salary account; does Zenith Bank require my company to introduce me?,231
Does Zenith Bank need an introduction from my organization to help me establish a salary account?,231
Does a savings account at Zenith Bank ever go dormant?,233
Can my savings account at Zenith Bank become inactive?,233
"I'm curious, does Zenith Bank allow savings accounts to become dormant?",233
What happens to a savings account with Zenith Bank? Does it become dormant?,233
Is it possible for my Zenith Bank savings account to be considered dormant?,233
How long does it take for my account to be considered inactive at Zenith Bank?,232
I’d like to know when my account will turn dormant with Zenith Bank if I don’t use it.,232
What is the time frame for an account to become inactive at Zenith Bank due to no transactions?,232
"If I don’t make any transactions, when will my account at Zenith Bank go dormant?",232
"Zenith Bank, can you tell me how many months of inactivity lead to my account being deemed inactive?",232
What is the timeframe for opening an account at Zenith Bank?,234
Can I find out how quickly an account can be set up with Zenith Bank?,234
"Zenith Bank, how soon can I expect my new account to be activated once I submit all the documents?",234
How fast does Zenith Bank process account openings after receiving the necessary paperwork?,234
"If I go to Zenith Bank, how long will it take for my account to be officially opened?",234
Does Zenith Bank charge fees for using my account at a different branch?,235
I'm with Zenith Bank. Will I incur charges when I perform transactions at a branch other than where I opened my account?,235
"Zenith Bank customers, are there any fees for accessing accounts at branches outside of my original location?",235
How does Zenith Bank handle transactions at other branches? Are there any charges?,235
"If I operate my Zenith Bank account from a different branch, will I be charged for transactions?",235
Can I move money from my Dollar account to my Naira account at Zenith Bank?,236
"Zenith Bank, is it possible to transfer funds between my accounts in different currencies?",236
How does Zenith Bank handle transfers between Naira and Dollar accounts?,236
I'm a customer of Zenith Bank; can I send money from my Naira account to my Dollar account?,236
What are the rules for transferring money between my accounts at Zenith Bank in different currencies?,236
Can I change my account information at any Zenith Bank branch?,237
"At Zenith Bank, am I allowed to update my account details in person?",237
Which branches of Zenith Bank can help me with updating my account information?,237
"If I want to modify my account details, can I go to any Zenith Bank location?",237
Is it possible to make updates to my account at any branch of Zenith Bank?,237
Do I need to go to my branch at Zenith Bank to ask for services?,238
Can I make requests from Zenith Bank without visiting a physical branch?,238
Is it necessary to visit Zenith Bank in person to request products or services?,238
What’s the process for requesting services at Zenith Bank if I'm not near my branch?,238
Are there other ways to request services from Zenith Bank besides visiting a branch?,238
How long will it take to transfer my account to a different branch with Zenith Bank?,240
"Zenith Bank, what is the timeframe for moving my account to another location?",240
Can you tell me the duration for an account transfer within Zenith Bank?,240
"If I request an account transfer at Zenith Bank, how quickly can I expect it to be completed?",240
What is the expected time for an account to be switched to another Zenith Bank branch after approval?,240
What amount do I need to open an account at Zenith Bank?,239
Can I start a bank account at Zenith Bank without any money?,239
"Zenith Bank, what is the required balance to open an account?",239
Is there a minimum deposit needed when I open a Zenith Bank account?,239
How much do I have to deposit initially for an account with Zenith Bank?,239
Can I get a passbook if I hold a savings account at Zenith Bank?,242
How does Zenith Bank handle withdrawals for savings account holders without a passbook?,242
"As a customer of Zenith Bank, do I receive a passbook for my savings account?",242
What is the procedure for withdrawing money from my Zenith Bank savings account without a passbook?,242
"Does Zenith Bank provide passbooks to those who have savings accounts, and how does it work?",242
Can I open multiple bank accounts at different branches of Zenith Bank?,243
What’s the policy for having several accounts with Zenith Bank at different locations?,243
Is it allowed for me to maintain more than one type of account at various Zenith Bank branches?,243
How many accounts can a person hold with Zenith Bank if they are at different branches?,243
Does Zenith Bank permit a customer to have both a savings and a current account at separate branches?,243
"If I move my account to a different branch at Zenith Bank, will my account number stay the same?",241
"When transferring my account to another branch, does Zenith Bank change your account number?",241
"Zenith Bank, does my account number change if I switch branches?",241
What happens to my account number when I transfer to a new branch with Zenith Bank?,241
Is the account number issued by Zenith Bank different when I transfer to another branch?,241
What steps do I need to take at Zenith Bank to order a new cheque book?,244
Can customers of Zenith Bank request a cheque book online or do they have to visit a branch?,244
"At Zenith Bank, how can I go about getting a cheque book for my account?",244
I want to apply for a cheque book through Zenith Bank; what do I need to do?,244
"How can I get a cheque book from my account at Zenith Bank, and what forms are required?",244
Can I request a cheque book at one Zenith Bank branch and pick it up at another?,247
"If I order a cheque book from Zenith Bank, can I collect it from a different location?",247
Does Zenith Bank allow cheque book requests to be made in one branch while collecting from another?,247
"When I make a cheque book request at Zenith Bank, can I choose a different branch for the pickup?",247
Is it possible to apply for a cheque book at Zenith Bank and then collect it at a separate branch?,247
What is the number of leaves in a cheque book at Zenith Bank and how much do they cost?,246
Can you tell me how much a cheque book costs at Zenith Bank and how many leaves come with it?,246
"Zenith Bank, how many leaves can I expect in a standard cheque book and what are the prices for them?",246
"If I have an account with Zenith Bank, how many leaves are there in a cheque book and how much will I need to pay for it?",246
"How many leaves come in a cheque book for Zenith Bank customers, and what are the associated costs?",246
How can I request a cheque book online with Zenith Bank?,248
Is it possible to make a cheque book request through Zenith Bank's online services?,248
What options does Zenith Bank provide for online cheque book requests?,248
Can I use Zenith Direct to order a cheque book online?,248
Do I have the ability to request a cheque book from Zenith Bank via their internet banking platform?,248
Can I have someone else pick up my cheque book at Zenith Bank?,249
What’s the process at Zenith Bank for allowing a third party to collect a cheque book?,249
"If I want my cheque book collected, what should I do at Zenith Bank?",249
"Zenith Bank, can a friend or family member retrieve my cheque book for me?",249
Is it possible for someone to collect my cheque book from Zenith Bank on my behalf?,249
What steps do I need to take to activate my new cheque book from Zenith Bank?,250
Can you tell me how to get my recently collected cheque book activated at Zenith Bank?,250
I recently got a new cheque book from Zenith Bank; how do I activate it?,250
How do customers at Zenith Bank activate their cheque books after receiving them?,250
Zenith Bank: what is the process for activating a new cheque book that I just picked up?,250
What should I do if I lose my cheque book at Zenith Bank?,251
"If my cheque book is misplaced, how can Zenith Bank assist me?",251
"Zenith Bank, how do I report a lost cheque book and get a new one?",251
What steps do I need to take with Zenith Bank if my cheque book goes missing?,251
Can you tell me the procedure for lost cheque books at Zenith Bank?,251
What do I need to provide to Zenith Bank for updating my address?,252
Can you tell me how I can change my address at Zenith Bank?,252
"Zenith Bank, what are the steps to notify you about a new address?",252
"If I want to change my address with Zenith Bank, what documents are required?",252
How does Zenith Bank handle requests for changing an account holder's address?,252
What is the time frame for changing my address with Zenith Bank?,253
I need to know how quickly Zenith Bank processes address changes. Can you help?,253
How fast will Zenith Bank update my address once I submit the request?,253
"If I change my address with Zenith Bank, how long should I expect it to take?",253
Can you tell me how long it typically takes for Zenith Bank to effect an address change?,253
Does a name change with Zenith Bank happen instantly?,254
I want to know if Zenith Bank will update my name right away after I request it.,254
How quickly can I expect my name change to be processed at Zenith Bank?,254
Is it true that Zenith Bank can complete a name change in just a few minutes if everything is in order?,254
"After submitting my request, when will Zenith Bank reflect my new name in the account?",254
What do I need to change the name on my corporate account at Zenith Bank?,255
Can you tell me the process for changing a corporate account name with Zenith Bank?,255
What are Zenith Bank's requirements if I want to update the name of my business account?,255
I would like to change my corporate account name at Zenith Bank; what documents are necessary?,255
"Zenith Bank, what should I provide to request a name change on my corporate account?",255
What is the processing time for requests at Zenith Bank?,245
How quickly can I expect my request to be handled by Zenith Bank?,245
Can you tell me how long Zenith Bank takes to process requests?,245
"If I submit a request to Zenith Bank, when should I expect a response?",245
How soon will I hear back after making a request with Zenith Bank?,245
Does Zenith Bank make changes to account information right away?,256
"If I update my details at Zenith Bank, when will the changes take effect?",256
Can I expect immediate updates on my documents with Zenith Bank?,256
"When I modify my name at Zenith Bank, how quickly will that show up?",256
How soon will Zenith Bank reflect changes made to my account details?,256
What are the requirements to open a fixed deposit account at Zenith Bank?,257
Can I set up a fixed deposit at Zenith Bank if I don't already have an account?,257
How do I initiate a fixed deposit with Zenith Bank from my existing account?,257
"Zenith Bank, what do I need to provide to establish a fixed deposit account?",257
"If I want to open a fixed deposit at Zenith Bank, what information must I include in my request?",257
How does Zenith Bank calculate the interest on my deposits?,259
Can you explain to me the method Zenith Bank uses for deposit interest accrual?,259
What is the formula used by Zenith Bank for calculating interest on deposits?,259
"When I make a deposit at Zenith Bank, how is the interest that builds up determined?",259
Is the interest on deposits at Zenith Bank computed using simple interest?,259
What is the shortest and longest duration for a fixed deposit at Zenith Bank?,258
Can you tell me the minimum and maximum tenure available for fixed deposits with Zenith Bank?,258
"Zenith Bank, how long can my fixed deposit be set for—what's the minimum and maximum?",258
I'm interested in fixed deposits at Zenith Bank. What are the limits for the tenor?,258
"At Zenith Bank, what are the tenor options for fixed deposits in terms of minimum and maximum lengths?",258
How does Zenith Bank calculate the withholding tax on my interest?,260
"What is the withholding tax percentage at Zenith Bank, and when is it applied?",260
"Zenith Bank customers, what amount of withholding tax should I expect on my accrued interest?",260
Can you tell me the withholding tax rate at Zenith Bank and how it works?,260
"If I earn interest at Zenith Bank, how much will be taken out for withholding tax?",260
What do I need to do to close my fixed deposit with Zenith Bank?,261
"Zenith Bank, how can I withdraw my money from a fixed or call deposit?",261
Is there a specific procedure at Zenith Bank for liquidating call deposits?,261
Can you tell me the steps to take for liquidating my fixed deposit at Zenith Bank?,261
"I have a fixed deposit at Zenith Bank, how do I go about cashing it out?",261
What types of investment options does Zenith Bank offer besides Treasury bills?,262
Can you explain what Treasury bills are in the context of Zenith Bank?,262
How do Treasury bills work at Zenith Bank and who issues them?,262
"Zenith Bank, could you provide details on Treasury bills as government debt tools?",262
I'm curious about Treasury bills—what role does Zenith Bank play in issuing them?,262
What are the current rates for Treasury Bills offered by Zenith Bank?,263
Can you explain how Zenith Bank's Treasury Bills pricing works?,263
I’m interested in Treasury Bills; what rates does Zenith Bank have?,263
"At Zenith Bank, how do the rates for Treasury Bills operate since there are no fixed rates?",263
Could you tell me if I can find specific Treasury Bills rates at Zenith Bank?,263
What does MPR stand for in the context of Zenith Bank?,265
Can you explain the Monetary Policy Rate according to Zenith Bank?,265
I'm looking for information on MPR and how it relates to Zenith Bank.,265
"Zenith Bank, what is the Monetary Policy Rate and why is it important?",265
How did Zenith Bank define the MPR and when was it introduced?,265
What are the available tenor options for Treasury Bills at Zenith Bank?,264
"Zenith Bank customers, how long can I invest in Treasury Bills?",264
Can you tell me the different investment tenors for Treasury Bills offered by Zenith Bank?,264
"If I wanted to invest in Treasury Bills, what tenors does Zenith Bank provide?",264
"Zenith Bank, what are the durations for Treasury Bills investments you offer?",264
What is Zenith Bank's current rate for monetary policy?,266
Can you tell me the MPR at Zenith Bank right now?,266
How much is the Monetary Policy Rate at Zenith Bank?,266
"Zenith Bank, what is the latest MPR percentage?",266
I'd like to know the current Monetary Policy Rate as per Zenith Bank.,266
Can you explain what the interbank market is at Zenith Bank?,267
I want to know more about the interbank market—what does Zenith Bank say about it?,267
What is the role of the interbank market according to Zenith Bank?,267
How does Zenith Bank describe the interbank market and its purpose?,267
"Zenith Bank, when is the interbank market open for trading?",267
What is the meaning of NIBOR as explained by Zenith Bank?,268
Can you tell me about NIBOR and how Zenith Bank defines it?,268
"Zenith Bank, what does NIBOR stand for in the context of banking?",268
Could I find information on NIBOR from Zenith Bank's FAQ section?,268
What does Zenith Bank say about the Nigeria Inter Bank Offered Rate (NIBOR)?,268
Can you explain what OBB and FBB stand for in Zenith Bank's investment products?,269
"Zenith Bank, what are the differences between Open Buy Back and Fixed Buy Back?",269
I need info on OBB and FBB; does Zenith Bank offer details about these terms?,269
What does Zenith Bank mean by OBB and FBB in their banking services?,269
Could you tell me what OBB and FBB represent according to Zenith Bank?,269
Where can I use my credit card provided by Zenith Bank?,270
Can you tell me the places I can shop with my Zenith Bank credit card?,270
At which locations will my Zenith Bank credit card be accepted?,270
I have a Zenith Bank credit card; where can I use it for purchases?,270
What are the accepted establishments for Zenith Bank credit card payments?,270
Is it possible to shop online using my credit card from Zenith Bank?,271
Can I make internet purchases with my Zenith Bank credit card?,271
I want to know if Zenith Bank allows online shopping with their credit cards. Is that true?,271
Can Zenith Bank credit cards be used for making purchases on the internet?,271
What are the rules for using a Zenith Bank credit card for online transactions?,271
What is the process for withdrawing cash with my credit card from Zenith Bank?,272
Is it possible to take out cash from an ATM using a Zenith Bank credit card?,272
How much cash can I withdraw at once with my Zenith Bank credit card?,272
Can Zenith Bank customers access cash through their credit cards at ATMs?,272
Are there any limits on cash withdrawals using a Zenith Bank credit card?,272
"If I’ve reached my credit limit with my Zenith Bank card, can I still use it?",273
What happens to my Zenith Bank credit card usage when I hit my full credit limit?,273
Can Zenith Bank customers withdraw or use their credit card after maxing out the limit?,273
Is it possible to use my Zenith Bank credit card once I've exhausted my credit limit?,273
"After using my full credit limit on my Zenith Bank card, when can I use it again?",273
What fees can I expect when withdrawing cash with my Zenith Bank credit card?,274
"If I use my Zenith Bank credit card to take out cash, is there a withdrawal charge?",274
Can you tell me about cash withdrawal fees for Zenith Bank credit card users?,274
How much does Zenith Bank charge for cash advances on credit cards?,274
Is there a fee I incur for cash withdrawals made using my credit card from Zenith Bank?,274
What does the 'Current Balance' mean on my Zenith Bank credit card statement?,276
Can you explain how Zenith Bank calculates the balance shown in my credit card statements?,276
I want to know how the balance on my credit card statement from Zenith Bank is determined. Can you help?,276
"Zenith Bank, how is the outstanding amount on my credit card calculated in the statement?",276
How does Zenith Bank arrive at the balance displayed on my credit card statement?,276
Can you explain how I can view my credit card statement with Zenith Bank?,275
What details does my monthly credit card statement from Zenith Bank include?,275
"Zenith Bank, how often do I receive my credit card statement via email?",275
I'm looking for information about my credit card statement from Zenith Bank; what can I expect to find?,275
Could you tell me what information is provided in the credit card statements sent by Zenith Bank?,275
What should I do if my Zenith Bank credit card is about to expire next month?,277
I have a credit card from Zenith Bank that expires soon; how is the renewal process handled?,277
Can you tell me what happens with my Zenith Bank credit card when it expires next month?,277
How does Zenith Bank manage credit card renewals for cards that are expiring soon?,277
"If my credit card from Zenith Bank expires next month, do I need to do anything to get a new one?",277
What steps should I follow once my prepaid card from Zenith Bank arrives?,280
Zenith Bank prepaid card received—how do I activate it?,280
Can you tell me how to start using my prepaid card from Zenith Bank?,280
I've just got my prepaid card from Zenith Bank; what now?,280
How do I fund and activate my Zenith Bank prepaid card after receiving it?,280
How quickly can I get a prepaid card from Zenith Bank?,279
What is the waiting time for receiving a prepaid card at Zenith Bank?,279
"Can I pick up my prepaid card right away at Zenith Bank, or does it take longer?",279
"After ordering a prepaid card, how long does it take for Zenith Bank to have it ready for me?",279
"Zenith Bank customers, how soon can we collect prepaid cards after making a request?",279
How can I add money to my prepaid card at Zenith Bank?,281
What are the steps to load cash onto my Zenith Bank prepaid card?,281
Is there a way to top up my prepaid card through Zenith Bank's online services?,281
Where can I go if I want to load funds onto my prepaid card with Zenith Bank?,281
Can I load cash onto my Zenith Bank prepaid card at a branch?,281
Is it possible to continue using my prepaid card from Zenith Bank once the funds are depleted?,282
How does the prepaid card from Zenith Bank work when my balance runs out?,282
Can I reload my Zenith Bank prepaid card instead of using it when funds are low?,282
What should I do with my Zenith Bank prepaid card when I've spent all the money on it?,282
Can I add more money to my prepaid card at Zenith Bank if the previous funds are finished?,282
What does Zenith Bank mean when they refer to a debit card?,283
Can you explain how a debit card works at Zenith Bank?,283
How can I use my Zenith Bank debit card for payments?,283
What are the features of a debit card from Zenith Bank?,283
Is the Zenith Bank debit card accepted for online purchases?,283
What is the daily ATM withdrawal limit for my Zenith Bank account?,278
How much money can I take out from a Zenith Bank ATM in one day?,278
Zenith Bank ATM: Is there a cap on how much I can withdraw in 24 hours?,278
Can you tell me the maximum withdrawal amount allowed at Zenith Bank ATMs each day?,278
How often can I withdraw cash from a Zenith Bank ATM and what is the limit?,278
What steps do I follow to obtain a debit card from Zenith Bank?,284
"Can I get a debit card at Zenith Bank, and if so, how do I apply?",284
I'm looking for information on getting a debit card from Zenith Bank. What should I do?,284
How can I request my preferred debit card type from Zenith Bank?,284
Zenith Bank debit card application process: what do I need to know?,284
What is the daily withdrawal limit for withdrawals made at Zenith Bank?,285
How much cash can I take out from Zenith Bank ATMs in one go?,285
Can you tell me the maximum daily withdrawal limit at Zenith Bank?,285
"Zenith Bank, how much am I allowed to withdraw each day from my account?",285
Is there a cap on the amount I can withdraw per transaction at Zenith Bank ATMs?,285
What should I do if my debit card from Zenith Bank is not being recognized at an ATM?,286
"Zenith Bank, what does it mean if my ATM shows that my card cannot be read?",286
"I inserted my card from Zenith Bank, and an error message popped up. What does it indicate?",286
Can you tell me what to do if the ATM doesn't read my Zenith Bank debit card?,286
Why is my Zenith Bank debit card giving a 'Card Cannot Be Read' error when I use an ATM?,286
What should I do if my card is rejected by an ATM at Zenith Bank?,287
"Zenith Bank, how can I report a faulty card that was not accepted by the ATM?",287
"If Zenith Bank's ATM doesn’t take my card, what steps do I follow?",287
Can you tell me what to do if my Zenith Bank card is rejected by an ATM?,287
I’m having issues with my Zenith Bank card at an ATM; how do I file a complaint?,287
What should I do at Zenith Bank if I see an 'Incorrect PIN' message on the ATM?,288
"Zenith Bank, how can I address the issue of my ATM saying 'Incorrect PIN'?",288
"If I experience 'Incorrect PIN' on a Zenith Bank ATM, who do I contact?",288
"Zenith Bank, can you tell me the steps to take when my ATM shows an incorrect PIN error?",288
What procedure does Zenith Bank recommend when encountering an 'Incorrect PIN' alert on the ATM?,288
What should I do if my card is stuck in a Zenith Bank ATM?,289
"If my Zenith Bank card gets jammed in the ATM, how can I retrieve it?",289
I encountered an issue with my card stuck at a Zenith Bank ATM; who do I contact?,289
Can anyone tell me the steps to follow if my card is retained by a Zenith Bank ATM?,289
What happens if my card is trapped in the ATM at Zenith Bank?,289
What should I do if I forgot my debit card PIN for my Zenith Bank card?,290
How can I request a new PIN for my Zenith Bank debit card?,290
I need assistance with getting a new PIN for my Zenith Bank debit card; what steps should I take?,290
Can someone tell me how to recover my forgotten PIN at Zenith Bank?,290
"Zenith Bank, how do I get a new PIN if I've misplaced my current one?",290
How can I add more accounts to my debit card at Zenith Bank?,292
Is it possible to link additional accounts to my Zenith Bank debit card?,292
Can I request to connect other accounts to my debit card with Zenith Bank?,292
What is the process to attach extra accounts to my debit card at Zenith Bank?,292
"Zenith Bank, can you tell me how I can tie another account to my existing debit card?",292
What should I do if I've lost my debit card at Zenith Bank?,291
"Zenith Bank customers, how can I report a lost debit card?",291
"If I misplaced my debit card, what are the steps I need to take with Zenith Bank?",291
"Zenith Bank, how do I freeze my debit card and get a replacement?",291
What is the procedure for cancelling a lost debit card with Zenith Bank?,291
What should I do if my card from Zenith Bank is broken?,293
"Zenith Bank, how can I replace a damaged debit card?",293
"If my debit card is not working properly, what steps should I take with Zenith Bank?",293
"Zenith Bank customers, what’s the procedure for getting a replacement card if it’s been damaged?",293
Can I submit an online request to Zenith Bank for a new debit card if mine is damaged?,293
What currencies does Zenith Bank offer for its debit cards?,295
Can I use my Zenith Bank debit card in different currencies?,295
Zenith Bank debit cards: which currencies are available?,295
Which currency options are there for a debit card from Zenith Bank?,295
"If I have a Zenith Bank debit card, what currencies can I use it with?",295
What should I do if I have the wrong name on my Debit Card from Zenith Bank?,294
I've noticed that my Zenith Bank Debit Card has an incorrect name; how can I get it changed?,294
Zenith Bank customers: how do I request a new Debit Card with the correct name?,294
"If my Debit Card from Zenith Bank has the wrong name, what steps do I take to fix it?",294
Can anyone tell me how to handle a Debit Card from Zenith Bank that shows the wrong name?,294
What should I do when my Zenith Bank credit card is about to expire next month?,296
Is there a process at Zenith Bank for renewing credit cards that will expire soon?,296
How does Zenith Bank handle the expiration of Visa and Mastercard credit cards?,296
"If my credit card from Zenith Bank expires soon, will I receive a new one automatically?",296
Can you tell me how to get a new credit card from Zenith Bank if the one I have is expiring?,296
How long is the validity period for cards issued by Zenith Bank?,298
Can you tell me the expiration duration for Zenith Bank MasterCard and VISA?,298
What is the lifespan of the different types of Zenith Bank cards?,298
Zenith Bank customers want to know: how many years are the cards valid?,298
What’s the validity duration for the various cards provided by Zenith Bank?,298
What features can I expect from my Zenith Bank debit card?,297
Can you tell me about the benefits of using a debit card with Zenith Bank?,297
How does Zenith Bank’s debit card work and what advantages does it offer?,297
What are the key attributes of the Zenith Bank debit card that I should know?,297
I’m interested in learning what a Zenith Bank debit card provides.,297
Can I use my Zenith Bank card to pay for purchases in stores?,300
Zenith Bank cards - can I pay for items at retail locations?,300
Is it possible to make payments at shops with my Zenith Bank card?,300
What are the payment options for a Zenith Bank card when shopping?,300
Do I have the ability to use a Zenith Bank card for payments at point-of-sale terminals?,300
Can I use my Zenith Bank card for making purchases online?,301
Are online transactions possible with a Zenith Bank card?,301
What should I know about online buying using a Zenith Bank card?,301
"Is my Zenith Bank card valid for online purchases, and what precautions should I take?",301
"Can I shop online with my Zenith Bank card, and how do I do it safely?",301
Can I use my Zenith Bank foreign currency debit card at any other bank's ATM both locally and internationally?,299
Is it possible to withdraw cash with my Zenith Bank foreign currency debit card from ATMs that are not Zenith's?,299
"Zenith Bank customers, can you tell me if I can access ATMs from different banks with my foreign currency debit card?",299
What are the rules regarding the use of my foreign currency debit card from Zenith Bank at foreign and domestic ATMs?,299
I heard I could use my Zenith Bank debit card overseas. Can I really use it at other banks’ ATMs as well?,299
What types of credit cards does Zenith Bank offer?,304
Can you tell me about the credit card options available at Zenith Bank?,304
I'm looking for information on Zenith Bank's credit card products; what do they have?,304
Zenith Bank provides what kinds of credit cards?,304
What are the credit card types I can get from Zenith Bank?,304
What types of credit cards does Zenith Bank offer?,306
Can you tell me about the Visa and MasterCard credit card options provided by Zenith Bank?,306
I'm curious to know the different classes of credit cards available at Zenith Bank.,306
"Zenith Bank, what kinds of Visa and MasterCard credit cards can I apply for?",306
Could you list the Visa and MasterCard credit card categories that Zenith Bank has?,306
What types of customers does Zenith Bank offer credit cards to?,305
Can you tell me who is eligible for a credit card with Zenith Bank?,305
I'm curious about who Zenith Bank's credit card is designed for.,305
Who can apply for a credit card at Zenith Bank?,305
Zenith Bank credit cards: who should consider applying for one?,305
How can I access my transaction history online with Zenith Bank?,302
"Zenith Bank, can I check my transactions through the app or internet banking?",302
I'm trying to see my transactions online; does Zenith Bank allow that?,302
Is it possible to view my account transactions online if I'm a Zenith Bank customer?,302
Can a customer of Zenith Bank access their transaction details via online banking?,302
Can you explain what a credit card is at Zenith Bank?,303
What does Zenith Bank mean by a credit card?,303
I want to learn about credit cards offered by Zenith Bank. What are they?,303
How does Zenith Bank define a credit card for its customers?,303
What should I know about credit cards from Zenith Bank?,303
Can I get both a Visa and a MasterCard from Zenith Bank?,307
Is it possible to hold multiple credit cards like Visa and MasterCard at Zenith Bank?,307
What are the rules at Zenith Bank regarding having more than one type of credit card?,307
"Zenith Bank customers, can I apply for both Visa and MasterCard credit cards?",307
I want to know if Zenith Bank allows me to have a Visa card along with a MasterCard.,307
Can my Zenith Bank card be used anywhere with a Visa or MasterCard logo?,309
Where is my Zenith Bank Visa/MasterCard accepted for purchases?,309
"I want to know if Zenith Bank cards work at all locations displaying Visa/MasterCard, is that correct?",309
Are there specific places I can shop with my Zenith Bank Visa or MasterCard?,309
Does the Zenith Bank credit card have limitations on where it can be used?,309
What are the spending limits for my Zenith Bank card?,311
"Zenith Bank, are there specific restrictions on card transactions?",311
How does Zenith Bank control the transaction amounts and frequency for its cards?,311
Can you tell me if there are any limits on transactions when using my Zenith Bank card?,311
"With my Zenith Bank card, what are the daily and monthly transaction limits I should know about?",311
"How can I switch my credit class at Zenith Bank, like moving from Classic to Gold?",308
"At Zenith Bank, is it possible to change my credit classification from a Classic card to a Gold card?",308
Can I upgrade my credit class from Classic to Gold at Zenith Bank based on my credit history?,308
"Zenith Bank, do you allow customers to migrate between credit classes such as from Classic to Gold?",308
"What is the process for changing credit classes, like from Classic to Gold, at Zenith Bank?",308
Can I get a Visa or MasterCard credit card from Zenith Bank if I'm not already a customer?,310
Do you need to have an account with Zenith Bank to apply for a credit card?,310
Is it possible to obtain a credit card from Zenith Bank if I'm not their customer?,310
"As someone who's not a Zenith Bank customer, am I eligible for a Visa/MasterCard credit card?",310
What are the requirements to get a credit card at Zenith Bank—must I be a customer?,310
What steps should I take if I lose my card at Zenith Bank?,313
How do I report a damaged card to Zenith Bank?,313
"Zenith Bank, how can I get a new card if my old one is lost?",313
"If I need to deactivate my card, who do I contact at Zenith Bank?",313
Can I get assistance from Zenith Bank if my card is broken or missing?,313
What percentage do I need to pay off my credit card with Zenith Bank at the end of the billing cycle?,312
Could you tell me how much I’m required to settle on my credit card at Zenith Bank each month?,312
"At Zenith Bank, how do I determine the amount I should repay on my credit card by the cycle's end?",312
Zenith Bank customers want to know how much of their outstanding balance should be settled on their credit card—what’s the percentage?,312
How does Zenith Bank calculate the minimum repayment amount for my credit card each month?,312
What exactly is a PIN for my card at Zenith Bank?,314
Can you explain what a Personal Identification Number is in relation to Zenith Bank cards?,314
How does a PIN work for Zenith Bank card accounts?,314
I'm trying to understand what the PIN means for my Zenith Bank account. Can you help?,314
What does Zenith Bank define as a PIN number for their cards?,314
What should I do if my PIN at Zenith Bank has been compromised?,315
"In case my PIN gets leaked, how do I handle it with Zenith Bank?",315
"Zenith Bank, how can I change my PIN if I think it has been stolen?",315
"If my Zenith Bank PIN is in the wrong hands, who do I contact to reset it?",315
What happens if someone else has access to my PIN at Zenith Bank?,315
What should I do if I keep entering the wrong PIN for my Zenith Bank card?,316
"Zenith Bank, how many times can I try my PIN before my card is locked?",316
Can you tell me what happens if I enter an incorrect PIN on my Zenith Bank card?,316
"If I mess up my PIN three times, will my Zenith Bank card stop working?",316
I have a Zenith Bank card and I've entered the wrong PIN—what are the next steps?,316
What methods can I use to pay off my credit card at Zenith Bank?,317
"Zenith Bank, how do I make payments for my credit card transactions?",317
Can you explain the process for settling my Zenith Bank credit card balance?,317
I'm looking for ways to settle my credit card with Zenith Bank—what are my options?,317
How do I handle my credit card payments with Zenith Bank?,317
Can you tell me what features the supplementary card at Zenith Bank has?,319
What should I know about supplementary cards offered by Zenith Bank?,319
I'm interested in Zenith Bank's supplementary card; what are its main features?,319
What are the benefits of having a supplementary card with Zenith Bank?,319
"Zenith Bank customers, what are the responsibilities associated with the supplementary card?",319
What exactly does Zenith Bank mean by a Supplementary card?,318
How can I get a Supplementary card with my Zenith Bank account?,318
Can you explain the purpose of a Supplementary card at Zenith Bank?,318
I’m interested in sharing my credit limit; what is a Supplementary card from Zenith Bank?,318
What is the definition of a Supplementary card according to Zenith Bank?,318
What is the process to get a new PIN for my Zenith Bank card?,320
"If I want to change my card PIN, how do I do that with Zenith Bank?",320
How can I request a new PIN for my Zenith Bank card?,320
"Zenith Bank customers, what steps do I take to reissue my card PIN?",320
Can I get help from Zenith Bank on how to change my PIN if I remember the old one?,320
What are the maximum amount limits for loading Zenith Bank prepaid cards?,321
Can you tell me the limits for loading my prepaid card with Zenith Bank?,321
I'm looking for information on how much I can load onto a prepaid card from Zenith Bank. What are the restrictions?,321
"Zenith Bank, what are the quarterly loading limits for your prepaid cards?",321
How much can I load onto my prepaid card at Zenith Bank?,321
Is it possible to have my card sent to my home address by Zenith Bank?,322
I want to know if Zenith Bank can deliver my card to my preferred location.,322
Can I receive my payment card at home instead of at a branch from Zenith Bank?,322
What are the options for card delivery with Zenith Bank?,322
"If I need a card, can Zenith Bank send it to my house?",322
Which types of cards from Zenith Bank are available for making payments internationally?,323
"If I have a Zenith Bank card, can it be used for transactions outside the country?",323
What kind of card should I get from Zenith Bank for my overseas purchases?,323
"Zenith Bank customers, what card options do I have for international spending?",323
"For international transactions, what types of Zenith Bank cards do I need?",323
What should I do if my Zenith Bank card isn't accepted while I'm traveling abroad?,324
Can someone from Zenith Bank explain why my card isn't working internationally?,324
I'm experiencing issues with my card overseas; how can Zenith Bank assist me?,324
How can I ensure my Zenith Bank card is ready for use abroad?,324
"Zenith Bank, why do I have problems using my card when I am in another country?",324
What steps do I need to take to obtain a gift card from Zenith Bank?,326
Can you tell me how to request a gift card at Zenith Bank?,326
I'm looking for information on how to get a gift card through Zenith Bank. What's the process?,326
How can a corporate client get a gift card from Zenith Bank?,326
Where can I find the instructions for getting a gift card from Zenith Bank?,326
What is the cost of a co-branded card from Zenith Bank?,328
Can you tell me how much Zenith Bank charges for their co-branded cards?,328
I'm looking for information on pricing for the co-branded card at Zenith Bank. Can you help?,328
How much do I need to pay for a Zenith Bank co-branded card?,328
"Zenith Bank, what are the current prices for co-branded cards?",328
What steps do I need to follow to apply for a co-branded card at Zenith Bank?,327
Can you explain how to obtain a co-branded card from Zenith Bank?,327
"Zenith Bank, how can I request co-branded cards for my employees?",327
I want to know the procedure for getting a co-branded card with Zenith Bank; what do I need to do?,327
"If I need multiple co-branded cards from Zenith Bank, how should I go about making the request?",327
Does Zenith Bank offer naira cards that can be used for shopping on Amazon or other foreign sites?,325
I’m a Zenith Bank customer; can I use my naira card for international purchases online?,325
What can I use my Zenith Bank naira card for with regards to foreign websites like Amazon?,325
"Are there any options with Zenith Bank for using naira cards on places like Amazon, or do I need a foreign card?",325
"If I have a naira card from Zenith Bank, can it be used for transactions on international websites?",325
What are the fees for getting a debit card at Zenith Bank?,329
Can you tell me how much a debit card costs with Zenith Bank?,329
"Zenith Bank, how much do I need to pay for a debit card?",329
I heard about debit cards at Zenith Bank; what's the price for each type?,329
Are there any charges for debit cards issued by Zenith Bank?,329
What types of cards can I get from Zenith Bank?,330
Can you tell me about the card options available at Zenith Bank?,330
What are the different kinds of cards that Zenith Bank offers?,330
I'm looking for information on Zenith Bank's card types; what do they have?,330
"Zenith Bank, what kinds of debit, credit, and prepaid cards do you provide?",330
Do I need to have a bank account to get a prepaid card from Zenith Bank?,331
Can non-customers apply for a prepaid card with Zenith Bank?,331
What are the requirements for obtaining a prepaid card at Zenith Bank?,331
Is it necessary to be a Zenith Bank account holder in order to request a prepaid card?,331
Are prepaid cards from Zenith Bank available to individuals who do not have an account?,331
Can you explain what a prepaid card offered by Zenith Bank is?,333
What does Zenith Bank mean by a prepaid card?,333
How does a prepaid card from Zenith Bank work?,333
What is the definition of a prepaid card at Zenith Bank?,333
I want to know about Zenith Bank's prepaid card; what exactly is it?,333
What are the main distinctions between gift cards and prepaid cards offered by Zenith Bank?,332
Can you explain how a prepaid card differs from a gift card at Zenith Bank?,332
"At Zenith Bank, what sets apart a gift card from a prepaid card?",332
I need information on Zenith Bank's gift cards compared to their prepaid cards. What’s the difference?,332
How do the prepaid cards and gift cards work differently at Zenith Bank?,332
What are the benefits of using a Zenith Bank card?,335
Can you tell me about the reward programs offered by Zenith Bank?,335
"I'm interested in what Zenith Bank offers for card rewards, could you explain?",335
How does Zenith Bank's card rewards program work?,335
Does Zenith Bank provide any exclusive benefits for cardholders?,335
What travel insurance perks do I get with my Zenith Bank card?,336
Does Zenith Bank offer any kind of travel insurance for its cardholders?,336
Can I find travel insurance benefits with my Zenith Bank card?,336
Are there any travel-related insurance benefits for Zenith Bank card users?,336
How does travel insurance work with Zenith Bank's premium cards?,336
How do I put money onto my prepaid card at Zenith Bank?,334
Can I load my prepaid card with cash at a Zenith Bank location?,334
What’s the process for loading a prepaid card if I have an account with Zenith Bank?,334
"At Zenith Bank, where can I go to load my prepaid card?",334
"How can I add funds to my Zenith Bank prepaid card, especially through my regular account?",334
What do I need to qualify for a credit card at Zenith Bank?,339
Can you tell me the eligibility criteria for a credit card from Zenith Bank?,339
How do I know if I'm eligible for a credit card with Zenith Bank?,339
"Zenith Bank, what are the requirements to get a credit card?",339
I'm looking to apply for a credit card with Zenith Bank – what do I need?,339
What interest rate does Zenith Bank offer on credit cards?,337
I want to know the credit card interest rate at Zenith Bank.,337
Zenith Bank: how much interest do I pay on my outstanding credit card balance?,337
Can you tell me the interest percentage for credit cards from Zenith Bank?,337
How much is the interest charged by Zenith Bank for credit cards?,337
What’s the typical time frame for credit card approval at Zenith Bank?,338
How quickly can I get my credit card approved if I’m a Zenith Bank customer?,338
"Zenith Bank, how long do I have to wait for my credit card to be approved?",338
Could you tell me the number of working days it usually takes for Zenith Bank to process a credit card application?,338
"I’m curious, once I meet the credit criteria, how long does a credit card approval take with Zenith Bank?",338
What are the requirements to qualify for a credit card at Zenith Bank?,340
How can I get a credit card if I have an account with Zenith Bank?,340
Can you tell me how Zenith Bank determines eligibility for credit cards?,340
I want to know what it takes to be eligible for a credit card at Zenith Bank.,340
"Zenith Bank, what criteria must I meet to apply for a credit card?",340
What steps should I take if I encounter a problem with my card from Zenith Bank?,342
"If I have issues related to my card account at Zenith Bank, who should I reach out to?",342
"Zenith Bank, what’s the protocol for resolving issues with my card account?",342
How do I resolve card account issues with Zenith Bank?,342
Can someone at Zenith Bank tell me what to do if I face problems with my card?,342
Can you tell me what a virtual card is at Zenith Bank?,344
What does Zenith Bank mean by a virtual card?,344
I'm curious about virtual cards at Zenith Bank; how do they work?,344
"Zenith Bank, can you explain what a virtual card is?",344
What is the definition of a virtual card offered by Zenith Bank?,344
Where can I make online purchases with my Zenith Bank virtual card?,343
Can I use a virtual card from Zenith Bank for transactions on the web?,343
What are the uses of a virtual card provided by Zenith Bank?,343
Is it possible to use my Zenith Bank virtual card for online transactions?,343
How do virtual cards from Zenith Bank work for internet shopping?,343
What types of debit cards does Zenith Bank offer?,341
Can you tell me about the debit card options available at Zenith Bank?,341
I want to know the debit card brands that Zenith Bank provides. What are they?,341
"Zenith Bank, what different kinds of debit cards can I get from you?",341
"Are there various debit cards from Zenith Bank, and if so, what are they?",341
What is the cost of a Virtual card offered by Zenith Bank?,345
Can you tell me how much Zenith Bank charges for a Virtual card?,345
"Zenith Bank, how much will I have to pay for a Virtual card?",345
I'm curious about the price of a Virtual card. What does Zenith Bank charge for it?,345
How much does it cost to get a Virtual card from Zenith Bank?,345
What’s the process for getting a virtual card from Zenith Bank?,346
"Zenith Bank, how can I obtain a virtual card?",346
"Can I get a virtual card at Zenith Bank, and if so, how?",346
How do I request a virtual card using Zenith Bank's services?,346
I need a virtual card; what are the steps with Zenith Bank?,346
Can I get more than one card for my savings account at Zenith Bank?,348
How many cards can I have connected to my Zenith Bank current account?,348
What types of cards can I request from Zenith Bank if I already have one?,348
"Zenith Bank, is it possible to hold multiple cards on my account?",348
I'm a Zenith Bank customer; am I allowed to have cards from different brands?,348
How do I temporarily suspend my card with Zenith Bank?,347
Can I deactivate my Zenith Bank card for a short period?,347
What steps do I need to follow to deactivate my card at Zenith Bank?,347
Is it possible to put my Zenith Bank card on hold temporarily?,347
What options does Zenith Bank offer for temporarily deactivating cards?,347
What steps do I need to follow to activate my virtual card with Zenith Bank?,349
Can I activate my virtual card for my Zenith Bank account online?,349
How do I go about activating a virtual card from Zenith Bank?,349
"After requesting a virtual card from Zenith Bank, how can I activate it?",349
Zenith Bank customers: what’s the procedure for activating my virtual card?,349
What steps do I need to take to activate my new Zenith Bank card?,350
Can you tell me how I can activate my card with Zenith Bank?,350
I just received a new card from Zenith Bank; how do I go about activating it?,350
How do I get my new card activated at Zenith Bank?,350
Is there a way to activate my new Zenith Bank card at an ATM?,350
What steps do I need to take to raise my card transaction limit with Zenith Bank?,351
"Can I increase my transaction limit on my Zenith Bank card, and how?",351
How do I get in touch with Zenith Bank to lift my card's transaction limit?,351
"Zenith Bank customers, how can I enhance the transaction limit on my card?",351
Is there a way to contact Zenith Bank regarding an increase in my card's transaction limit?,351
Does Zenith Bank offer a virtual card in US dollars?,353
"I'm looking to get a virtual card from Zenith Bank, can I obtain it in Dollar?",353
Can I create a Dollar virtual card with Zenith Bank?,353
"Zenith Bank, is a Dollar virtual card available for me?",353
What type of currency is supported for the virtual card at Zenith Bank?,353
What is the process for requesting a POS terminal from Zenith Bank?,354
"Can I get a POS terminal if I'm a customer of Zenith Bank, and how do I go about it?",354
"Zenith Bank, how do I apply for a POS terminal?",354
I want to know how to request a POS terminal at Zenith Bank. What should I do?,354
Who should I contact at Zenith Bank to ask for a POS terminal?,354
What is the maximum amount I can spend daily with my Zenith Bank virtual card?,352
Can you tell me the daily spending cap for a virtual card from Zenith Bank?,352
How much money can I use in a day on my Zenith Bank virtual card?,352
What’s the daily limit for transactions made using the virtual card at Zenith Bank?,352
"Zenith Bank customers, what’s the daily transaction limit on the virtual card?",352
What is the deployment time for terminals at Zenith Bank for merchants located in Lagos?,355
Could you tell me how many days it typically takes for Zenith Bank to set up point of sale terminals for merchants?,355
Zenith Bank: How long will it take for me to get my terminal if I'm outside Lagos?,355
"If I’m a merchant, how soon can I expect my terminal deployment from Zenith Bank?",355
Can Zenith Bank provide information on the period it takes to install terminals for merchants in and out of Lagos?,355
What are the ways to check the terminal type assigned to me as a merchant from Zenith Bank?,356
Can you tell me how I can see what type of terminal Zenith Bank has given me?,356
I'm a merchant with Zenith Bank; how do I find out the model of the terminal I received?,356
"Zenith Bank, how can I identify the specific terminal model installed for my business?",356
How do I know what terminal type Zenith Bank has deployed to me for transactions?,356
Can I connect my POS terminals to my local network with Zenith Bank?,357
How does Zenith Bank support POS terminal setup on a local area network?,357
Is it possible for my POS terminals from Zenith Bank to operate on my home or office network?,357
"Zenith Bank, can you tell me if my POS devices can run on a LAN?",357
What do I need to set up my Zenith Bank POS terminals to use my local area network?,357
What should I do if I see an 'ISSUER OR SWITCH INOPERATIVE' error when using my Zenith Bank card?,358
Can you tell me how to handle the error message 'ISSUER OR SWITCH INOPERATIVE' with a Zenith Bank debit card?,358
Why am I getting an 'ISSUER OR SWITCH INOPERATIVE' alert on my Zenith Bank card and what can I do about it?,358
Is there a fix for the 'ISSUER OR SWITCH INOPERATIVE' error message at Zenith Bank transactions?,358
I received an error stating 'ISSUER OR SWITCH INOPERATIVE' while using my card from Zenith Bank. What are my options?,358
What steps should I take to check the bulk settlements in my Zenith Bank account for my POS transactions?,361
How can I view the details of my POS transaction settlements at Zenith Bank?,361
"Zenith Bank, how do I get the POS Settlement Viewer to reconcile my account?",361
Can you guide me on how to monitor my POS transactions in my Zenith Bank account?,361
I need help accessing my POS transaction details at Zenith Bank; what should I do?,361
Can I monitor my POS transactions in real-time if I have internet at my office with Zenith Bank?,360
What steps do I need to take to see my POS transactions as they happen with Zenith Bank?,360
Is it possible to receive live updates on my POS transactions through Zenith Bank?,360
"Zenith Bank, can my account officer help me set up a way to view my POS transactions instantly?",360
How can I enable a transaction viewer for my POS system with Zenith Bank from my office?,360
How long does it take for my transactions at Zenith Bank to be settled?,362
"After using my POS at Zenith Bank, when can I expect my funds to be available?",362
"Zenith Bank, can you tell me when I will receive payments from my POS transactions?",362
Is there a specific timeframe for settlement on transactions made via Zenith Bank's POS system?,362
When will my POS transaction at Zenith Bank be fully processed and settled?,362
What should I do if my transactions at Zenith Bank on Friday haven't cleared by Monday morning?,363
How does Zenith Bank handle the settlement of transactions made on Fridays over the weekend?,363
I noticed my Friday transactions with Zenith Bank are still pending on Monday – how can I track them?,363
"Zenith Bank, can you explain why my transactions from Friday are not settled by Monday?",363
"If I make a transaction at Zenith Bank on a Friday, when can I expect it to be settled?",363
Can you explain what a wallet is for Zenith Bank customers?,366
How does Zenith Bank define a wallet?,366
I'm curious about wallets; what does Zenith Bank say they are?,366
"Zenith Bank, could you tell me what a wallet entails?",366
What kind of transactions can I perform with a wallet according to Zenith Bank?,366
What should I do if my transactions at Zenith Bank aren't processed on time?,364
Who do I contact for assistance if my payments through Zenith Bank aren't settled as expected?,364
"If I experience delays with my Zenith Bank transactions, where can I seek help?",364
Zenith Bank's transactions are not settling; who can I reach out to for support?,364
"When my transactions at Zenith Bank are delayed, who should I contact for help?",364
What should I do if I encounter the message 'Terminal Cannot Process Visa Card' at Zenith Bank?,365
Can you tell me how to resolve the error 'Terminal Cannot Process Visa Card' with Zenith Bank?,365
"If I see the error 'Terminal Cannot Process Visa Card', whom do I contact at Zenith Bank?",365
"Zenith Bank, what steps should I take if my terminal won't process a Visa card?",365
How do I handle a situation where my Zenith Bank terminal says it can't process my Visa card?,365
What should I do if my account with Zenith Bank is charged but there's no receipt from the POS?,359
"Zenith Bank, how do I handle a debit without a printed receipt after using the POS terminal?",359
"If I pay at a Zenith Bank POS and no receipt prints, what steps should I take?",359
Can Zenith Bank clarify the process if my card is debited without a receipt from the terminal?,359
"When using Zenith Bank's POS system, what happens if I get charged but the receipt doesn't print?",359
What do they call the wallet service at Zenith Bank?,367
Can you tell me about Zenith Bank's mobile wallet?,367
I've heard about eaZymoney; is that what Zenith Bank uses for its wallet?,367
How does Zenith Bank's wallet work and what is it named?,367
What is the name of the mobile wallet provided by Zenith Bank?,367
Where can I go to deposit cash with Zenith Bank?,370
"Can I withdraw cash from my Zenith Bank account, and if so, where?",370
What are the locations for making cash deposits or withdrawals at Zenith Bank?,370
"If I need to cash in or cash out, which places can I visit that are authorized by Zenith Bank?",370
"Zenith Bank, where do I find agents or branches for cash deposits and withdrawals?",370
What functions does my Zenith Bank eaZymoney wallet offer?,369
Can I use my eaZymoney wallet through Zenith Bank for different transactions?,369
How can I manage my Zenith Bank wallet to send money or pay bills?,369
What can I do with an eaZymoney wallet at Zenith Bank?,369
Are there limits to what I can do with my wallet from Zenith Bank's eaZymoney platform?,369
What steps do I take to start using Zenith Bank's eaZymoney service?,372
I want to create a wallet with Zenith Bank; how do I begin?,372
Can you guide me on how to set up an eaZymoney wallet at Zenith Bank?,372
How can I initiate wallet registration through Zenith Bank?,372
"Zenith Bank, what is the process to get started with eaZymoney?",372
What information do I need to set up a wallet with Zenith Bank?,371
Can you tell me the details required to create a wallet at Zenith Bank?,371
I'm looking to create a wallet; what specifics does Zenith Bank need?,371
"For wallet creation, what personal details does Zenith Bank ask for?",371
"Zenith Bank, what do I have to provide to establish my wallet account?",371
What steps do I need to follow to activate my wallet with Zenith Bank?,373
Can you guide me on how to use the USSD code to activate the wallet for Zenith Bank?,373
How do I go about activating my Zenith Bank wallet after creating it?,373
Is there a specific procedure from Zenith Bank to activate my wallet using USSD?,373
"Zenith Bank, what do I do if I want to activate my wallet and need the OTP?",373
Is my e-wallet with Zenith Bank secure?,375
How safe is my wallet if I use Zenith Bank?,375
"Zenith Bank customers, how do I know my wallet is protected?",375
What security measures does Zenith Bank have for my wallet?,375
Can I trust my wallet security at Zenith Bank?,375
What steps do I take to connect my wallet to my Zenith Bank account?,374
Can you tell me how to link my accounts with Zenith Bank's wallet feature?,374
"Zenith Bank, how do I go about linking my wallet after I’ve created it?",374
I’m trying to understand the process for linking my wallet to my account at Zenith Bank. What should I do?,374
How can I link my wallet to my account with Zenith Bank using my mobile phone?,374
What does Zenith Bank mean by wallet PIN?,376
Can you explain the wallet PIN required for new accounts at Zenith Bank?,376
How do I set up a wallet PIN when creating my Zenith Bank wallet?,376
"I need to know what a wallet PIN is for my Zenith Bank account, can you help?",376
"Zenith Bank asks for a 4-digit PIN during wallet setup, what is that all about?",376
What is the process for resetting my USSD PIN with Zenith Bank?,378
Can you tell me how to change my Wallet PIN at Zenith Bank?,378
I need help with changing my USSD PIN; how do I do that through Zenith Bank?,378
"Zenith Bank, how can I reset my Wallet PIN using USSD?",378
What steps do I follow to reset my PIN for the eaZymoney service at Zenith Bank?,378
Can someone without an account at Zenith Bank still create a wallet?,379
Is it possible to have a Zenith wallet if I'm not a customer of Zenith Bank?,379
Do I have to hold an account with Zenith Bank in order to set up a wallet?,379
"I want to know if Zenith Bank allows non-account holders to own a wallet, is that true?",379
What’s the requirement for setting up a wallet with Zenith Bank if I don’t have a bank account?,379
How do I create a USSD PIN for my Zenith Bank wallet?,377
"Zenith Bank wants to know, what is the purpose of a USSD PIN?",377
Can you explain what a USSD PIN is for Zenith Bank's wallets?,377
"I need information about the USSD PIN for my Zenith Bank account, what is it?",377
"When setting up a wallet with Zenith Bank, what do I need to know about the USSD PIN?",377
What are the transaction limits for my Zenith Bank eaZymoney wallet?,381
Can you let me know the transaction limit specifics for Zenith Bank?,381
"Zenith Bank, what is the maximum amount I can transact daily through my eaZymoney account?",381
Are there limits I should be aware of when using Zenith Bank's eaZymoney service?,381
How does Zenith Bank define the transaction limitations on different wallet tiers?,381
What can I do with my wallet at Zenith Bank?,380
Can you tell me the different functionalities of the wallet with Zenith Bank?,380
I want to know how to use my wallet at Zenith Bank—what transactions can I perform?,380
"Zenith Bank, what are the available services for wallet transactions?",380
How does the wallet work with Zenith Bank—what can I use it for?,380
What criteria does Zenith Bank use to classify its customers?,382
Can you explain how Zenith Bank decides on customer categories based on KYC details?,382
How are customers categorized at Zenith Bank according to their KYC information?,382
I'm curious about the process Zenith Bank employs for determining customer categories. Can you clarify that?,382
"Zenith Bank, how do you identify different categories of customers through KYC details?",382
What do Tier 1 and Tier 3 mean at Zenith Bank?,383
Can you explain the tier system used by Zenith Bank for customer authentication?,383
"How does Zenith Bank categorize its customers into tiers, especially regarding Tier 3?",383
Is there a Tier 2 for customers at Zenith Bank or is it just Tier 1 and Tier 3?,383
"At Zenith Bank, what happens when I link my wallet to my account in terms of tier classification?",383
What fees does Zenith Bank charge for transactions?,384
Can you tell me the costs associated with using Zenith Bank's Eazymoney service?,384
I'm curious about the transaction fees for Eazymoney at Zenith Bank—what are they?,384
How much does it cost to withdraw cash at Zenith Bank or transfer money to non-Zenith accounts?,384
"Zenith Bank, what are the charges for sending money between Eazymoney wallets?",384
What should I do if I lost my phone and I bank with Zenith Bank?,386
"If my phone gets stolen, how does Zenith Bank protect my money?",386
"Zenith Bank, what happens to my funds if my phone is lost?",386
"I’m a Zenith Bank customer, and I’m worried about my phone being stolen. What can I do to keep my account safe?",386
How does Zenith Bank ensure my money is secure when my phone is missing?,386
Can anyone have a wallet with Zenith Bank?,368
Is it possible for someone without a Zenith Bank account to own a wallet?,368
What are the requirements for owning a Zenith Bank wallet?,368
Who is eligible to create a wallet at Zenith Bank?,368
"If I have a mobile phone, can I register for a wallet at Zenith Bank?",368
What types of currencies can I use in my Zenith Bank wallet?,385
Can Zenith Bank customers transact with currencies other than Naira?,385
I'm a wallet holder at Zenith Bank; which currency transactions are currently allowed?,385
Are there any currency options besides Naira for transactions in the eaZymoney wallet from Zenith Bank?,385
"Zenith Bank, what currencies can I transact with in the eaZymoney wallet?",385
What are the ways a beneficiary can access money from Zenith Bank?,388
How does a person receive their funds at Zenith Bank?,388
Can you tell me how Zenith Bank allows beneficiaries to get their transferred money?,388
What methods does Zenith Bank provide for beneficiaries to collect funds?,388
"If I transfer money, how can the recipient cash out at Zenith Bank?",388
How do I send money through Zenith Bank to someone who doesn't have an Eazymoney account?,387
Can I transfer funds to individuals not signed up for Eazymoney with Zenith Bank?,387
What steps should I follow with Zenith Bank to send money to a person without an Eazymoney registration?,387
"With Zenith Bank's Eazymoney, is it possible to make transfers to users who haven't registered?",387
What is the process on my mobile with Zenith Bank to fund the wallet of someone using Eazymoney when they’re not registered?,387
What are the steps to cash out to a beneficiary from my Zenith Bank wallet?,389
Can I transfer money to someone using my Zenith Bank wallet?,389
How do I use Zenith Bank's wallet service to pay a beneficiary?,389
"Zenith Bank, how can I withdraw cash for someone else from my wallet account?",389
Is there a way to send funds to a beneficiary directly from my Zenith Bank wallet?,389
How does Zenith Bank allow a beneficiary to take out money from the ATM using funds sent to their wallet?,390
Is it possible for a beneficiary to withdraw funds credited via the ATM at Zenith Bank?,390
What steps should I follow at a Zenith Bank ATM to get cash if I received a wallet transfer?,390
Can someone explain to me the process for withdrawing funds with Zenith Bank from an ATM if the money was sent to a wallet?,390
What does a beneficiary need to do at a Zenith Bank ATM to access funds credited to their wallet?,390
What are some ways I can use my Zenith Bank wallet?,392
Can Zenith Bank wallet be utilized for payments besides just transfers?,392
In which situations would a Zenith Bank wallet be practical to use?,392
Are there other purposes for using the wallet feature with Zenith Bank?,392
How can I leverage my wallet from Zenith Bank for different transactions?,392
What does Zenith Bank define as an EaZymoney Agent?,393
Can you tell me who qualifies as an EaZymoney Agent at Zenith Bank?,393
How does Zenith Bank describe an EaZymoney Agent?,393
"I’d like to know the role of an EaZymoney Agent with Zenith Bank, please.",393
What is the function of an agent in Zenith Bank’s EaZymoney service?,393
What are the transaction limits for EaZymoney with Zenith Bank?,391
Can you tell me the limits on transactions for my Zenith Bank EaZymoney account?,391
"Zenith Bank, do you have information on the transaction limits for the EaZymoney service?",391
How much can I send or receive using EaZymoney at Zenith Bank?,391
Zenith Bank's EaZymoney: what are the maximum transaction limits I should know about?,391
What signs should I look for to identify a Zenith Bank EaZymoney agent?,394
Can you tell me how to spot an EaZymoney agent of Zenith Bank?,394
How can I find out if an agent is from Zenith Bank's EaZymoney service?,394
What should I check to recognize Zenith Bank EaZymoney agents?,394
Where can I see signage that confirms an agent is affiliated with Zenith Bank's EaZymoney?,394
Where can I locate a list of agents for Zenith Bank and where they are situated?,395
Can you tell me where I might find Zenith Bank's agent locations on their website?,395
I'm looking for the Zenith Bank agents and their addresses; where should I look?,395
What is the best way to access the list of Zenith Bank agents and their respective locations?,395
How do I find the addresses of Zenith Bank agents online?,395
What steps do I need to follow to set up my EaZymoney wallet with Zenith Bank?,397
Can you guide me on how to access the EaZymoney wallet at Zenith Bank?,397
How do I create an EaZymoney wallet through Zenith Bank?,397
"Zenith Bank, how can I send money using my EaZymoney wallet?",397
Is there a quick way for me to access my EaZymoney wallet with Zenith Bank?,397
Can I register for the EaZymoney wallet service without having an account at Zenith Bank?,396
What do I need to sign up for EaZymoney with Zenith Bank?,396
I want to use the EaZymoney service from Zenith Bank; do I have to open a bank account first?,396
Does Zenith Bank require a bank account for signing up for their EaZymoney wallet?,396
"If I don’t have a bank account, can I still use Zenith Bank's EaZymoney wallet?",396
What does Zenith Bank mean by Internet banking?,399
Can you explain what Internet banking is at Zenith Bank?,399
How does Internet banking work with Zenith Bank?,399
I want to know about Internet banking services offered by Zenith Bank?,399
Is it possible to access my account anytime through Zenith Bank's Internet banking?,399
Who is eligible to access internet banking services at Zenith Bank?,400
"As a Zenith Bank customer, can I use the internet banking platform?",400
What type of account holders at Zenith Bank can utilize the internet banking feature?,400
Are individual and corporate customers of Zenith Bank allowed to use internet banking?,400
Can anyone with a Zenith Bank account sign up for internet banking?,400
What are the charges for using Internet Banking with Zenith Bank?,401
Is there any fee associated with getting Internet Banking at Zenith Bank?,401
Can you tell me if Zenith Bank charges for Internet Banking services?,401
I want to know if there's a cost for Internet Banking at Zenith Bank?,401
Does Zenith Bank offer Internet Banking for free or is there a fee involved?,401
What services can I access through Zenith Bank's internet banking?,402
I want to know what I can do with my online banking at Zenith Bank.,402
Is there a list of features for internet banking available at Zenith Bank?,402
"Zenith Bank customers, what functionalities are available when using internet banking?",402
Can you tell me what I am able to do with Internet Banking at Zenith Bank?,402
What do I need to set up internet banking with Zenith Bank?,403
I'm trying to access online banking; what infrastructure does Zenith Bank require?,403
Can you tell me the necessary equipment for using Zenith Bank's internet banking?,403
"When using Zenith Bank's online banking, what devices should I have available?",403
"Zenith Bank customers, what is the minimum setup needed for internet banking?",403
How do I apply for internet banking with Zenith Bank?,404
What steps do I need to take to enable internet banking at Zenith Bank?,404
Can you guide me on how to get the internet banking service from Zenith Bank?,404
Where can I find the internet banking application form for Zenith Bank?,404
I want to set up internet banking; what do I need to do with Zenith Bank?,404
What is the process for using Internet Banking with Zenith Bank?,405
Can you tell me how to access my account online at Zenith Bank?,405
How do I log into my Internet Banking account at Zenith Bank?,405
Zenith Bank: What steps should I follow to start using Internet Banking?,405
What do I need to do to use Internet Banking services offered by Zenith Bank?,405
What fees do I have to pay for using Internet Banking with Zenith Bank?,407
"Zenith Bank charges for online fund transfers, right?",407
Can you tell me how much it costs to use Internet Banking at Zenith Bank?,407
Are there any costs associated with Internet Banking services at Zenith Bank?,407
"If I transfer money using Zenith Bank's Internet Banking, will I incur any charges?",407
What are the fees for using internet banking transfers at Zenith Bank?,408
Can you tell me how much Zenith Bank charges for online transfer transactions?,408
I'm curious about the cost for making transfers on Zenith Bank's internet banking platform.,408
"Zenith Bank, what’s the flat fee for internet banking transfers?",408
Are there any charges for transferring money through internet banking with Zenith Bank?,408
Can I use EaZymoney to access my Zenith Bank account?,398
I have an account with Zenith Bank; how can I link it to EaZymoney?,398
Does Zenith Bank allow me to connect my bank account through the EaZymoney platform?,398
What do I need to do to access my Zenith Bank account using EaZymoney?,398
Is it possible for a Zenith Bank customer to manage their account via the EaZymoney app?,398
What steps do I need to follow for my first-time login at Zenith Bank?,406
Zenith Bank: How do I log in for the first time?,406
Can you explain how to access my account at Zenith Bank if it's my first time?,406
I'm trying to log into my Zenith Bank account for the first time. What should I do?,406
How does a new customer at Zenith Bank go about logging in the first time?,406
Can I use Zenith Bank's internet banking to transfer money offshore?,409
Is it possible to make offshore transfers via my Zenith Bank online banking account?,409
"With Zenith Bank, do I need a specific type of account for offshore transfers using internet banking?",409
How does Zenith Bank handle offshore money transfers through internet banking?,409
Do I require an ordinary domiciliary account to perform offshore transfers in Zenith Bank's internet banking?,409
Does Zenith Bank charge a fee for their hardware token?,410
What is the cost of a hardware token at Zenith Bank?,410
I'm curious if there's a fee associated with the hardware token from Zenith Bank.,410
Can you tell me if I need to pay for a hardware token when using Zenith Bank?,410
How much does Zenith Bank charge for the hardware token?,410
How does Zenith Bank ensure the safety of their hardware tokens?,411
Is it secure to use the hardware token from Zenith Bank?,411
What security measures are in place for the hardware token at Zenith Bank?,411
Zenith Bank: Can I trust the hardware token for my online banking?,411
What can you tell me about the safety of hardware tokens issued by Zenith Bank?,411
Can I send money to someone using Zenith Bank's services?,413
What are the options for transferring funds with Zenith Bank?,413
Who can I transfer money to when using Zenith Bank?,413
Are transfers available to both local and international recipients through Zenith Bank?,413
What types of beneficiaries can I send funds to via Zenith Bank?,413
What is the maximum amount I can transfer daily with Zenith Bank?,412
How frequently can I make fund transfers using my Zenith Bank account?,412
Can customers send money as often as they want with Zenith Bank?,412
Are there limits on how much money I can transfer daily to or from Zenith Bank?,412
How much can I transfer to another bank account from my Zenith Bank account in a day?,412
What services can I access through Zenith Bank's Corporate Internet Banking?,416
Can you tell me what I can do with Corporate Internet Banking at Zenith Bank?,416
How does Zenith Bank's Corporate Internet Banking help me manage my transactions?,416
"I'm interested in the capabilities of Corporate Internet Banking with Zenith Bank, what can it do?",416
What functionalities are available to me through Zenith Bank's Corporate Internet Banking platform?,416
What does Zenith Bank offer in terms of Corporate Internet Banking?,414
Can you explain what Corporate Internet Banking is at Zenith Bank?,414
How does Corporate Internet Banking work with Zenith Bank?,414
Zenith Bank's Corporate Internet Banking: what is it all about?,414
"If I want to know about Corporate Internet Banking, what information does Zenith Bank provide?",414
What does Zenith Bank's Corporate Internet Banking offer?,415
How does the Corporate I-Banking service work at Zenith Bank?,415
Can you explain what Corporate Internet Banking means for Zenith Bank customers?,415
I want to know about Corporate Internet Banking; is it available at Zenith Bank?,415
Is Zenith Bank's Corporate Internet Banking designed for businesses making frequent payments?,415
What costs should I expect with Zenith Bank's Corporate Internet Banking?,418
Can you tell me if there are any fees for using Zenith Bank's Corporate Internet Banking services?,418
"With Zenith Bank, are there any charges associated with signing up for Corporate Internet Banking?",418
How much does it cost to use Corporate Internet Banking through Zenith Bank?,418
Are there any transaction fees I should know about for Zenith Bank's Corporate Internet Banking?,418
What steps do I need to take to register for Zenith Bank's Corporate Internet Banking?,417
Can I fill out the Corporate Internet Banking form for Zenith Bank online?,417
How do I apply for Corporate Internet Banking at Zenith Bank?,417
Where can I find the application form for Zenith Bank's Corporate Internet Banking service?,417
What's the process for getting Corporate Internet Banking set up with Zenith Bank?,417
How can I use Zenith Bank's Corporate Internet Banking for payment approvals?,420
What is the process for Corporate Internet Banking at Zenith Bank?,420
"Zenith Bank, can you explain how Corporate Internet Banking works?",420
In what ways does Zenith Bank's Corporate Internet Banking facilitate payment processing?,420
Can you tell me about the functionality of Corporate Internet Banking offered by Zenith Bank?,420
What advantages does Zenith Bank offer for corporate internet banking?,419
Can you tell me the benefits of using Zenith Bank's corporate online banking services?,419
I'm looking for information on Zenith Bank's internet banking benefits. What should I know?,419
How does Zenith Bank's corporate internet banking improve efficiency and security?,419
What perks come with signing up for corporate internet banking at Zenith Bank?,419
What can I find in the Corporate Internet Banking information section at Zenith Bank?,422
Can you provide me with the step-by-step guide for Corporate Internet Banking offered by Zenith Bank?,422
I'm looking for details on how to use Corporate Internet Banking with Zenith Bank. Where can I find this?,422
Is there a guide available for Zenith Bank's Corporate Internet Banking services?,422
How do I access more information on Corporate Internet Banking from Zenith Bank?,422
What steps do I need to follow to log into Corporate Internet Banking at Zenith Bank?,421
Can you tell me how to get access to Zenith Bank's Corporate Internet Banking?,421
I’m trying to access the Corporate Internet Banking of Zenith Bank. What do I need?,421
"As a Zenith Bank customer, how can I enter the Corporate Internet Banking portal?",421
What do I need to access Zenith Bank's Corporate Internet Banking online?,421
What should I do if I forget my username for Zenith Bank's Corporate Internet Banking?,423
Can you explain how I can create a new PIN for my Zenith Bank account?,423
Where do I find my token if I registered for Zenith Bank's Corporate Internet Banking?,423
Why am I receiving an 'Invalid token' message when I try to access my Zenith Bank account?,423
How can I report a lost or damaged token issued by Zenith Bank?,423
What services does Zenith Bank offer for accepting international card payments?,426
Can you tell me about the GlobalPAY service from Zenith Bank?,426
How does Zenith Bank help businesses with card payments from around the world?,426
I want to know what GlobalPAY is like at Zenith Bank for online payment solutions.,426
Zenith Bank's GlobalPAY: what does it do for corporate customers?,426
What types of businesses can use GlobalPAY from Zenith Bank?,427
Is there a specific customer base for Zenith Bank's GlobalPAY service?,427
Who can benefit from using GlobalPAY offered by Zenith Bank?,427
Can I find out which organizations are suitable for GlobalPAY at Zenith Bank?,427
What kind of companies is GlobalPAY designed for at Zenith Bank?,427
What should I do if I forget my login details for Zenith Bank's Corporate Internet Banking?,424
Can I get help from Zenith Bank if I can't remember my PIN or username?,424
"Zenith Bank, what procedures should I follow if my token gets locked?",424
"If I can't access my Corporate Internet Banking at Zenith Bank because I've forgotten my access code, what can I do?",424
I need to recover my login info for Zenith Bank's Corporate Internet Banking; who can I contact?,424
How can I get support from Zenith Bank?,425
"Zenith Bank, who should I contact for assistance?",425
"If I need help with my account, what should I do at Zenith Bank?",425
"I’m looking for customer support contact details for Zenith Bank, can you provide them?",425
What’s the best way to reach Zenith Bank for support?,425
What kinds of cards does Zenith Bank allow on the GlobalPAY payment system?,428
Can I use a Visa or MasterCard with Zenith Bank's GlobalPAY service?,428
"Zenith Bank, which card types can I use for payments on GlobalPAY?",428
Are both local and international cards accepted on Zenith Bank's GlobalPAY gateway?,428
I'm using Zenith Bank's GlobalPAY; what types of cards can I pay with?,428
What is the process after I submit my GlobalPAY merchant application to Zenith Bank?,430
"After applying for GlobalPAY with Zenith Bank, how will I know what happens next?",430
Can Zenith Bank tell me what steps follow the submission of my GlobalPAY merchant application forms?,430
"When I finish my GlobalPAY application at Zenith Bank, who will reach out to me, and what can I expect?",430
How does Zenith Bank support me once I’ve submitted my forms for GlobalPAY merchant services?,430
What do I need as a merchant to access the GlobalPAY platform offered by Zenith Bank?,429
Can Zenith Bank tell me what requirements I must meet to use the GlobalPAY Payment Gateway?,429
"I'm looking for the prerequisites for merchants to have access to GlobalPAY through Zenith Bank, what are they?",429
Could you list the necessary criteria for merchants wanting to enroll in the GlobalPAY service at Zenith Bank?,429
"Zenith Bank, what are the key documents and accounts needed for merchants to get started with GlobalPAY?",429
How can my company without a website access the GlobalPAY service from Zenith Bank?,431
What options does Zenith Bank provide for businesses like mine that lack a functional website but want to use GlobalPAY?,431
"Is there a way for my organization to utilize the GlobalPAY payment gateway if we don’t have a website, according to Zenith Bank?",431
"Zenith Bank, can you tell me how entities without a website can take advantage of the GlobalPAY payment process?",431
Could you explain how Zenith Bank helps firms without websites to use the GlobalPAY payment gateway?,431
Does Zenith Bank charge a fee to set up GlobalPAY?,432
I'm looking to integrate GlobalPAY with Zenith Bank. Is there a setup fee?,432
Can you tell me if Zenith Bank requires any fees for setting up GlobalPAY?,432
Are there any initial costs for using GlobalPAY with Zenith Bank?,432
Zenith Bank's GlobalPAY integration — is there a fee involved for setup?,432
What benefits does GlobalPAY offer for Zenith Bank customers?,433
Can you tell me about the features of GlobalPAY at Zenith Bank?,433
"Zenith Bank, what are the main advantages of using GlobalPAY?",433
I'm looking for information on GlobalPAY features offered by Zenith Bank.,433
How does GlobalPAY help Zenith Bank customers with transactions?,433
How much does Zenith Bank charge for using GlobalPAY?,434
Can you tell me the transaction fees for GlobalPAY at Zenith Bank?,434
What are the costs associated with GlobalPAY transactions with Zenith Bank?,434
I'm interested in knowing the transaction fees on GlobalPAY through Zenith Bank. What are they?,434
"For transactions on GlobalPAY, what is the fee structure according to Zenith Bank?",434
How long does it take for my GlobalPAY transactions to settle at Zenith Bank?,435
"Zenith Bank, can you tell me the settlement period for local and foreign GlobalPAY transactions?",435
What is the timeframe for transaction settlements in Zenith Bank’s GlobalPAY service?,435
"If I use GlobalPAY with Zenith Bank, how quickly will the funds reach the merchant?",435
Could you explain the settlement cycle for GlobalPAY transactions at Zenith Bank?,435
What should I do if I have a chargeback issue with my Zenith Bank account?,437
How can I report a chargeback at Zenith Bank?,437
Zenith Bank customers: who can I contact regarding chargebacks?,437
"If I need assistance with chargebacks, how do I reach Zenith Bank?",437
Where can I find help for chargebacks at Zenith Bank?,437
"What happens with the transaction fees when I use my Zenith Bank card for payments, is it on me or the merchant?",438
Can you tell me if Zenith Bank charges transaction fees to cardholders or the merchants during payments?,438
"When I make a payment with my Zenith Bank card, who is responsible for the transaction fee?",438
I’m curious about transaction fees: Does Zenith Bank charge them to the cardholder or the merchant?,438
"Who ends up paying the transaction fee in Zenith Bank transactions, the customer or the store?",438
What measures does Zenith Bank use to secure GlobalPAY transactions?,439
I'm concerned about security; how safe are my transactions with Zenith Bank's GlobalPAY?,439
Can you tell me about the security features for GlobalPAY at Zenith Bank?,439
"Zenith Bank, how do you ensure the safety of transactions on your GlobalPAY platform?",439
How does Zenith Bank protect my information when I use GlobalPAY?,439
Who should I reach out to at Zenith Bank for help with settlement issues?,436
"If there’s a problem with my settlement, who do I contact at Zenith Bank?",436
I'd like to know the best way to address settlement concerns with Zenith Bank. Can you help?,436
"Zenith Bank, can you tell me who I need to speak to regarding settlement problems?",436
What is the contact information for Zenith Bank if I have a settlement issue?,436
What is the feature of MasterCard SecureCode offered by Zenith Bank?,441
Can you explain how MasterCard SecureCode from Zenith Bank protects my online purchases?,441
What does Zenith Bank mean by MasterCard SecureCode?,441
How does Zenith Bank enhance my MasterCard account with SecureCode?,441
I heard about MasterCard SecureCode; how does Zenith Bank make my card more secure online?,441
What does Zenith Bank mean when they mention 3D Secure for online payments?,440
Can you explain how Zenith Bank's 3D Secure helps protect my card during online transactions?,440
I want to know about Zenith Bank's 3D Secure system—how does it work to ensure my payments are safe?,440
"Zenith Bank, can you tell me what 3D Secure is and why it's important for me when paying online?",440
How does Zenith Bank implement 3D Secure to keep cardholders safe during internet purchases?,440
What is the purpose of MasterCard SecureCode when banking with Zenith Bank?,442
Can you explain when I should use MasterCard SecureCode at Zenith Bank?,442
Why does Zenith Bank require MasterCard SecureCode for online transactions?,442
How does MasterCard SecureCode work with Zenith Bank for my online payments?,442
"Every time I shop online, do I need MasterCard SecureCode with Zenith Bank?",442
What security does Zenith Bank offer with MasterCard SecureCode?,444
Can you explain how Zenith Bank's MasterCard SecureCode keeps my transactions safe?,444
How does my SecureCode from Zenith Bank ensure my identity when shopping online?,444
"Zenith Bank, how does your SecureCode feature for MasterCard protect my online purchases?",444
What happens if I enter the wrong SecureCode while using my Zenith Bank MasterCard?,444
What is the process for using SecureCode with my Zenith Bank MasterCard?,443
Can you explain how MasterCard's SecureCode works for Zenith Bank customers?,443
I want to know how Zenith Bank protects my online purchases with SecureCode. How does it operate?,443
How does the SecureCode feature function when I use my Zenith Bank MasterCard for online shopping?,443
"Zenith Bank, how does the SecureCode service ensure the safety of my transactions?",443
What type of card should I use for MasterCard SecureCode at Zenith Bank?,445
"If I want to use MasterCard SecureCode, do I need to get a new card from Zenith Bank?",445
"Zenith Bank customers, can I use my existing MasterCard to access MasterCard SecureCode?",445
"When using MasterCard SecureCode with Zenith Bank, what cards can I use?",445
Do I have to obtain a new card from Zenith Bank to utilize MasterCard SecureCode?,445
How many MasterCard cards can I sign up for with Zenith Bank SecureCode?,446
"Zenith Bank, is there a maximum number of cards I can register for MasterCard SecureCode?",446
"When using MasterCard SecureCode, what is the limit on card registrations with Zenith Bank?",446
Can I register multiple MasterCard cards with Zenith Bank's SecureCode feature?,446
What’s the policy at Zenith Bank regarding the registration of MasterCard cards for SecureCode?,446
Can both account holders in a joint account at Zenith Bank share the same password for MasterCard SecureCode?,447
"If I have a joint account at Zenith Bank, do we both need our own separate passwords for the MasterCard SecureCode?",447
What is Zenith Bank's policy on passwords for joint accounts regarding MasterCard SecureCode?,447
"At Zenith Bank, are two people with a joint account allowed to use one password for registering for MasterCard SecureCode?",447
Do Zenith Bank's joint account holders need to enroll for MasterCard SecureCode separately or can they share a password?,447
Is it possible to use MasterCard SecureCode with Zenith Bank from any computer?,448
Can I access my Zenith Bank account and use MasterCard SecureCode on different devices?,448
"Zenith Bank customers, can I shop online from any computer and still use MasterCard SecureCode?",448
"If I have a Zenith Bank account, can I utilize MasterCard SecureCode from any computer without special software?",448
What are the options for using MasterCard SecureCode for Zenith Bank customers when shopping online?,448
How can I find out if a merchant is part of the SecureCode program with Zenith Bank?,451
"Zenith Bank customers want to know, where can I check if a merchant accepts SecureCode?",451
"If I don’t see the SecureCode logo on a website, can I still trust that the merchant works with Zenith Bank?",451
What should I look for on a merchant's site to see if they support SecureCode with Zenith Bank?,451
Can Zenith Bank tell me how to identify merchants that participate in SecureCode?,451
How does Zenith Bank inform online merchants that I'm signed up for MasterCard SecureCode?,452
Can you tell me if Zenith Bank's Online Merchant recognizes my MasterCard SecureCode registration?,452
"When I shop online, how will Zenith Bank's merchants know I'm using MasterCard SecureCode?",452
"At Zenith Bank, how do merchants identify that I've registered for MasterCard SecureCode during my online transactions?",452
What happens at participating online merchants when I use my MasterCard from Zenith Bank that's enrolled in SecureCode?,452
How does Zenith Bank's SecureCode work when I shop with a participating merchant?,453
Can you explain what I need to do at the checkout if I use my SecureCode with Zenith Bank?,453
"When I'm shopping online, how does Zenith Bank prompt me for my SecureCode at merchants that accept it?",453
What steps do I take for using my SecureCode at a merchant if I am banking with Zenith Bank?,453
Zenith Bank customer here! What should I expect when entering my SecureCode during a purchase at a partnered merchant?,453
What is the Personal Greeting feature for SecureCode at Zenith Bank?,454
Can you explain how my Personal Greeting works with SecureCode at Zenith Bank?,454
"Zenith Bank, what should I do if my SecureCode Personal Greeting is incorrect?",454
How does Zenith Bank ensure my communication is secure with the Personal Greeting for SecureCode?,454
I would like to know about the SecureCode Personal Greeting process at Zenith Bank.,454
What secret question should I expect from Zenith Bank if I forget my SecureCode?,455
"In the case that I forget my SecureCode, how does Zenith Bank help me with the secret question?",455
"Zenith Bank, can you tell me what I need to do if I forget my SecureCode and how a secret question fits in?",455
How does the secret question work at Zenith Bank if I can't remember my SecureCode for an online payment?,455
"If I lose my SecureCode at Zenith Bank, what is the process involving the secret question and answer?",455
What changes will Zenith Bank introduce for online purchases with SecureCode?,456
Can you explain how SecureCode impacts my online shopping experience at Zenith Bank?,456
How does Zenith Bank's SecureCode affect the way I buy things online?,456
"When shopping online with Zenith Bank, what role does SecureCode play in the payment process?",456
Will I need to use SecureCode for my online transactions with Zenith Bank?,456
Can I shop at stores that take MasterCard but aren't part of the SecureCode program with Zenith Bank?,457
"If a merchant accepts MasterCard and isn't in the SecureCode program, how does that affect my purchases with Zenith Bank?",457
"Zenith Bank customers, do I need to enter a SecureCode when buying from merchants who don't participate in MasterCard SecureCode?",457
Will my purchases be secure if I use a Zenith Bank card at merchants that don't use the MasterCard SecureCode?,457
"When shopping with my Zenith Bank card at non-SecureCode participating retailers, will I still be protected from fraud?",457
What should I do after cancelling my card at Zenith Bank and receiving a new one with a new account number?,450
"If I get a different card number from Zenith Bank, how do I re-register for MasterCard SecureCode?",450
"Zenith Bank, what happens if I cancel my card and then obtain a new one that has a different number?",450
"After cancelling my Zenith Bank card, how can I register my new card for MasterCard SecureCode?",450
Can you tell me about the process I need to follow at Zenith Bank if I switch to a new card with another account number?,450
How can I learn about offering MasterCard SecureCode for my customers through Zenith Bank?,458
"Zenith Bank, where can I find details for merchants interested in SecureCode?",458
What steps do I need to take as a merchant at Zenith Bank to provide SecureCode to my clients?,458
"If I want to participate in MasterCard SecureCode as a merchant, who at Zenith Bank should I contact for more information?",458
Could someone tell me how to get information about MasterCard SecureCode from Zenith Bank?,458
What measures does Zenith Bank have in place to protect my card from fraud?,460
How does Zenith Bank ensure security against card theft?,460
Is there additional security for my card when using it online with Zenith Bank?,460
I've heard about Verified by Visa; how is Zenith Bank involved in protecting my card?,460
What security features does Zenith Bank offer to prevent unauthorized transactions?,460
What are the benefits of signing up for Verified By Visa with Zenith Bank?,459
"Zenith Bank, how does Verified By Visa enhance my online safety?",459
Can you tell me why I should enroll in Verified By Visa for my Zenith Bank card?,459
Why is it important for customers of Zenith Bank to use the Verified By Visa service?,459
Is there extra security for online purchases at Zenith Bank through Verified By Visa?,459
Does Zenith Bank support Verified by Visa for my existing Visa cards?,461
I have cards from Zenith Bank; can I use Verified by Visa with them?,461
Can any Visa card I own through Zenith Bank be utilized with Verified by Visa?,461
Is it possible to use Verified by Visa with my Zenith Bank Visa credit and debit cards?,461
How does Verified by Visa work with the Visa cards issued by Zenith Bank?,461
What steps should I follow to use Verified by Visa with my Zenith Bank card when shopping online?,462
Can Zenith Bank customers shop safely using Verified by Visa?,462
How can I pay online using my Visa card and Verified by Visa through Zenith Bank?,462
I'm a Zenith Bank account holder—how does the Verified by Visa process work for my purchases?,462
What do I need to do to activate Verified by Visa when shopping online at stores that accept Zenith Bank cards?,462
What does Zenith Bank's AlertZ service provide?,463
Can you explain what AlertZ is from Zenith Bank?,463
How does AlertZ work with my Zenith Bank transactions?,463
What kind of notifications does Zenith Bank's AlertZ product send?,463
Why should I use the AlertZ feature offered by Zenith Bank?,463
Can you explain how AlertZ works at Zenith Bank?,464
What notifications does Zenith Bank's AlertZ send?,464
How does Zenith Bank deliver notifications through AlertZ?,464
"I'm curious about the functionality of AlertZ from Zenith Bank, how does it operate?",464
What methods does AlertZ use to send alerts at Zenith Bank?,464
What steps do I need to take to sign up for AlertZ at Zenith Bank?,466
"Hey, can you tell me how to get AlertZ notifications if I’m already a Zenith Bank customer?",466
I’m looking to subscribe to AlertZ with Zenith Bank; how do I go about it?,466
Can someone explain how to enroll in AlertZ at Zenith Bank when I visit a branch?,466
"Zenith Bank customers, how can we subscribe to the AlertZ service when opening a new account?",466
What services does AlertZ offer to customers of Zenith Bank?,465
"As a Zenith Bank customer, why should I consider using AlertZ?",465
Can you explain the benefits of AlertZ for someone with an account at Zenith Bank?,465
What types of notifications does AlertZ provide for Zenith Bank users?,465
Who benefits from using AlertZ services at Zenith Bank and what does it include?,465
What does Zenith Bank's SMS reference number mean?,467
Can you tell me how to verify the reference number from Zenith Bank's AlertZ messages?,467
I received an SMS from Zenith Bank; how do I check if the AlertZ is legit using the reference number?,467
"Zenith Bank, what should I do with the reference number I got in my text alert?",467
How can I confirm the authenticity of an AlertZ SMS from Zenith Bank with the reference number?,467
What charges does Zenith Bank have for using the AlertZ service?,468
Can you tell me about the costs involved with AlertZ at Zenith Bank?,468
Are there any fees for AlertZ notifications from Zenith Bank?,468
How much does Zenith Bank charge for SMS alerts with AlertZ?,468
"If I use AlertZ at Zenith Bank, what are the notification fees I should expect?",468
Can I choose to receive alerts from Zenith Bank via email or SMS only?,469
Is it allowed to subscribe to just email or SMS alerts with Zenith Bank?,469
What are the options for receiving alerts from Zenith Bank? Can I opt for only SMS or email?,469
Does Zenith Bank offer the possibility to sign up for either email or SMS alerts exclusively?,469
"If I want to subscribe to alert services, can I do that through just email or SMS with Zenith Bank?",469
What should I do if my billing info changes with Zenith Bank?,449
How does Zenith Bank handle expired cards or updated billing details?,449
"If my card expires, will Zenith Bank update my profile automatically?",449
Can I expect my billing information to be updated at Zenith Bank when my card expires?,449
"Zenith Bank, how do you manage changes to my billing information or an expired card?",449
How can I set up AlertZ with a mobile number from abroad at Zenith Bank?,471
Is it possible for me to register my foreign phone number for AlertZ with Zenith Bank?,471
"Zenith Bank, can I configure AlertZ on my international mobile number?",471
Can I use my non-local phone number for AlertZ services at Zenith Bank?,471
What do I need to do to get AlertZ working with my foreign number at Zenith Bank?,471
How can I stop using the AlertZ service with Zenith Bank?,470
What steps do I need to take to deactivate my AlertZ notifications at Zenith Bank?,470
"Zenith Bank, what should I do if I no longer wish to use AlertZ?",470
I'm looking for information on how to cancel my AlertZ service with Zenith Bank. Can you help?,470
Could you tell me how to write a letter to deactivate AlertZ with Zenith Bank?,470
What can I do with Zenith Bank's mobile banking service?,472
How does the Zenith Bank mobile app help me manage my account?,472
Can I perform transactions using the Zenith Bank mobile application?,472
What are the features of mobile banking at Zenith Bank?,472
Is there a way to handle my account through the Zenith Bank mobile app?,472
Can anyone use the Zenith Bank mobile app?,473
Who is eligible to access the mobile app from Zenith Bank?,473
"I have a smartphone, so can I use the Zenith Bank app?",473
What types of customers are allowed to use the Zenith Bank mobile application?,473
Is the Zenith Bank mobile app available for all customers with smartphones?,473
Is there any fee associated with getting the Zenith Mobile App?,474
Can you tell me if downloading the Zenith Bank Mobile App costs anything?,474
What do I need to pay to set up the Zenith Mobile App with Zenith Bank?,474
How much will I be charged for the Zenith Mobile App at Zenith Bank?,474
Is there a cost for signing up for the Zenith Bank Mobile App?,474
What services can I access through the Zenith Bank mobile app?,475
Can you tell me what I’m able to do with the Zenith Bank app?,475
How does the Zenith Bank app help me with my banking tasks?,475
What functionalities are available in the mobile app from Zenith Bank?,475
I want to know what features the Zenith Bank mobile application offers.,475
What fees does Zenith Bank charge for using the mobile app for transactions?,476
Can you tell me about the transaction costs for the Zenith Bank mobile app?,476
How much does Zenith Bank charge for app transactions according to their fee structure?,476
I need to know the transaction fees associated with the Zenith Bank mobile app—is there a set amount for different ranges?,476
"If I use the Zenith Bank app, what are the fees for transactions of various amounts?",476
Is it possible to use the Zenith Bank mobile app when I'm overseas?,477
Can I access my Zenith Bank app from outside of my home country?,477
Will my Zenith Bank mobile app work while I'm traveling abroad?,477
"As a Zenith Bank customer, can I utilize the mobile app when I'm not in the country?",477
"If I'm outside the country, can I still use the Zenith Bank app?",477
What steps do I need to follow to register for the Zenith Mobile App as a new user?,479
Can you tell me how to sign up for the Zenith Bank Mobile App for the first time?,479
I want to start using the Zenith Bank app; how can I create a new account?,479
How do I get started with the Zenith Mobile App as a first-time customer of Zenith Bank?,479
"Zenith Bank, how do I register my account on the mobile app for the first time?",479
Can I access all my accounts with Zenith Bank through their mobile app?,478
How do I view multiple accounts in the Zenith Bank app?,478
Is it possible to manage several Zenith Bank accounts using the mobile application?,478
What should I do if I want to see all my Zenith Bank accounts on the app?,478
Does the Zenith Mobile App allow me to check all my accounts with Zenith Bank?,478
How can I use Face ID or fingerprints for my Zenith Bank app?,481
Is it possible to set up biometrics like Face ID when logging into my Zenith Bank mobile app?,481
"Can I activate biometric login, such as fingerprints or Face ID, in Zenith Bank's mobile application?",481
"What options for biometric authentication, including Face ID or fingerprints, does Zenith Bank offer?",481
Does the Zenith Bank app allow me to use Face ID or my fingerprint for login purposes?,481
How can I register for the Zenith Bank mobile app?,480
What registration options does Zenith Bank offer for their mobile app?,480
Can you tell me the methods Zenith Bank provides for signing up on their mobile app?,480
I'm looking for ways to register on the Zenith Bank mobile application; what are my options?,480
What are the ways to create an account on the Zenith Bank mobile app?,480
How do I turn off the biometric feature in the Zenith Bank mobile app?,482
Is it possible to disable biometrics when using the Zenith Bank app?,482
What steps should I follow to remove biometrics from my Zenith Bank mobile application?,482
"Zenith Bank, can I deactivate the biometric option in the mobile app settings?",482
"If I'm using the Zenith Bank app, how can I disable the biometrics feature?",482
What are the limits for transferring money using the Zenith Bank mobile app?,484
"Zenith Bank, can you tell me how much I can transfer through your mobile application?",484
How much can I send via the Zenith Bank app on a debit card or through other methods?,484
"If I use the Zenith Bank mobile app, what is the maximum amount I can transfer?",484
Could you inform me about the different transfer limits associated with Zenith Bank's mobile application?,484
What does Zenith Bank mean by Transaction Pin?,486
How do I create a Transaction Pin for my Zenith Bank app?,486
Can you explain the purpose of a Transaction Pin in Zenith Bank?,486
"Zenith Bank, what is a Transaction Pin and how is it used?",486
I need to know about Transaction Pins in the Zenith Bank mobile application.,486
What steps do I follow to raise my limit on the Zenith Bank mobile app?,485
Can I find instructions for increasing transfer limits in the Zenith Bank app?,485
How can Zenith Bank customers increase their transfer limits on the mobile application?,485
What do I need to do in the Zenith Bank app to adjust my transfer limits?,485
Is there a way to increase my transfer limits through the Zenith Bank mobile app?,485
How many devices am I allowed to have the Zenith Bank mobile application on?,483
"Can I install the Zenith Bank app on multiple devices, and if so, how many?",483
What is the device limit for using the Zenith Bank mobile app?,483
Zenith Bank: What do I need to know about using the mobile app on different devices?,483
"If I have the Zenith Bank app, how many devices can I use it on?",483
What kind of password do I need for my Zenith Bank Mobile App?,488
"Zenith Bank, can you tell me what a valid password is for the app?",488
How do I create a valid password for the Zenith Bank Mobile App?,488
What should my password look like for accessing the Zenith Bank app?,488
Can you explain what a proper password is for Zenith Bank's mobile application?,488
What steps should I follow to change my transaction PIN in the Zenith Bank app?,487
How can I reset my PIN for transactions with Zenith Bank?,487
"Zenith Bank, how do I go about resetting my 4-digit PIN in the mobile app?",487
Can you guide me on resetting my transaction PIN in the Zenith Bank mobile application?,487
"I need help with resetting my transaction PIN, what should I do as a Zenith Bank customer?",487
Where do I send my bank statements for Zenith Bank?,491
Can I forward my bank statement to my email through Zenith Bank?,491
What are the options for sending my bank statement with Zenith Bank?,491
"If I want to send my bank statement, who can I send it to at Zenith Bank?",491
"Zenith Bank, where should I email my bank statement?",491
What exactly is a bank statement for my account with Zenith Bank?,490
Can you tell me what a bank statement means at Zenith Bank?,490
I'm trying to understand what a bank statement is when I have an account with Zenith Bank.,490
"How does Zenith Bank define a bank statement, and what does it include?",490
What should I know about bank statements if I have accounts at Zenith Bank?,490
What steps should I follow to reset my Zenith Bank app password?,489
How can I change my password for the Zenith Mobile App from Zenith Bank?,489
"Zenith Bank, how do I go about resetting my password in the mobile app?",489
"I need help with changing my password for the Zenith Bank mobile application, what do I do?",489
Can you tell me the process to reset my password on the Zenith Mobile App provided by Zenith Bank?,489
What should I do if my bank statement to the embassy from Zenith Bank didn't have a code?,493
Can I get assistance from Zenith Bank if my financial institution didn't receive a code on my bank statement?,493
Why is there no code on my Zenith Bank statement that I sent to a financial entity?,493
"If my bank statement from Zenith Bank lacks a code for the embassy, how can I resolve this issue?",493
"Zenith Bank, what steps can I take if the bank statement I provided to the embassy didn't generate a code?",493
How do I get my bank statement from Zenith Bank?,492
Can you tell me the steps to generate a bank statement using the Zenith Bank mobile app?,492
What process do I need to follow for generating a statement with Zenith Bank?,492
I need to generate a bank statement—what do I do in the Zenith Bank app?,492
Zenith Bank: How can I quickly obtain my account statement?,492
What steps do I take to update my beneficiary list in Zenith Bank's mobile app?,495
Can you tell me how to access and manage my beneficiaries in the Zenith Bank app?,495
How can I find the option to manage my beneficiaries on Zenith Bank's mobile application?,495
I'm looking for guidance on how to handle my beneficiary list in the Zenith Bank app. Any tips?,495
Where do I go in the Zenith Bank mobile app to manage my beneficiary settings?,495
What steps do I need to follow to add a beneficiary in my Zenith Bank app?,494
Can anyone tell me how to save a beneficiary while transferring money using Zenith Bank?,494
I need help with adding a beneficiary in the Zenith Bank mobile application; how do I do that?,494
How do I initiate a transfer and add a beneficiary in the Zenith Bank app?,494
"Zenith Bank users, how can I enter beneficiary details for future transfers?",494
How can I remove a beneficiary in the Zenith Bank mobile app?,496
What steps do I need to take to delete a beneficiary from Zenith Bank?,496
Zenith Bank's mobile app: How do I get rid of a beneficiary?,496
Can someone guide me on deleting a beneficiary on the Zenith Bank app?,496
How do I clear out a beneficiary from my Zenith Bank account in the app?,496
What types of bills can I settle through Zenith Bank?,499
Can I pay for services like electricity and DSTV using the Zenith Bank mobile app?,499
"Zenith Bank, what are the bill payment options available to me?",499
Are there different bills I can manage with Zenith Bank’s app?,499
How many different types of bills does Zenith Bank allow me to pay for?,499
How can I save a beneficiary in the Zenith Bank mobile app after I've made a transfer?,497
"Zenith Bank customers, what’s the process to add a beneficiary after completing a fund transfer?",497
Is there a way to save a beneficiary's details for future use in the Zenith Bank app post-transfer?,497
"When using the Zenith Bank app, how do I ensure a recipient is saved after I've transferred money?",497
"After transferring funds through Zenith Bank, can I keep the beneficiary's information for next time?",497
Can I use the Zenith Bank mobile app to pay my bills?,498
How do I pay bills through the Zenith Bank app?,498
Is it possible to settle bills on Zenith Bank's mobile application?,498
What steps should I follow to make a bill payment on the Zenith Bank app?,498
Can bills be paid via the app provided by Zenith Bank?,498
What steps do I need to take in the Zenith Bank app to create a receipt after making a transfer?,501
Can someone tell me how to get a transfer receipt from Zenith Bank's mobile application?,501
How can I find my transfer receipt within the Zenith Bank app?,501
"Zenith Bank users, how do I generate a receipt after completing a transfer?",501
Is there a way to print a receipt for my transfer on the Zenith Bank mobile app?,501
What should I do if I experience a payment issue with my bill at Zenith Bank?,500
"Zenith Bank, how can I report a problem with a bill I tried to pay?",500
"If my bill payment fails, what's the process at Zenith Bank?",500
Can anyone explain how to handle a failed bill payment with Zenith Bank?,500
"Zenith Bank, where can I go to resolve a problem with my bill payment?",500
Can I transfer USD from my USD account to a Domiciliary Account at Zenith Bank?,503
Is it possible to send USD to a Local Domiciliary Account using my USD account at Zenith Bank?,503
"At Zenith Bank, can I move funds in USD from my USD account to a Domiciliary Account?",503
I have a USD account with Zenith Bank. Can I make transfers to my Local Domiciliary Account in USD?,503
"Zenith Bank, can you tell me if I am allowed to send USD from my USD account to a Local Domiciliary Account?",503
Can I transfer money in USD or Pounds to an international account through my Zenith Bank USD account?,502
Does Zenith Bank allow sending foreign currencies like USD and Pounds to accounts abroad from my USD account?,502
Is it possible to make foreign account transfers in USD or Pounds using my Zenith Bank account?,502
"With Zenith Bank, can I send USD or Pounds to a foreign bank account from my USD account?",502
"If I have a USD account with Zenith Bank, can I use it to send money in USD or Pounds internationally?",502
What should I do if my money transfer through Zenith Bank hasn’t reached the recipient?,505
"I used Zenith Bank to send money, but the recipient hasn’t gotten it. What’s the next step?",505
Can I find help from Zenith Bank if my beneficiary hasn’t received the money I transferred?,505
"Zenith Bank, what should I do when there’s an issue with a money transfer not being received?",505
"If a transfer fails and my beneficiary didn’t get it, how can Zenith Bank assist me?",505
What should I do if a transfer through Zenith Bank fails and I've already been charged?,504
"In case my account gets debited after a failed transaction, how can Zenith Bank help?",504
"If my funds have been deducted but the transfer didn’t go through, what steps do I take at Zenith Bank?",504
"Zenith Bank, what happens if I get debited for a transfer that didn’t succeed?",504
Can I get assistance from Zenith Bank if a transfer fails and I see a charge on my account?,504
What should I do if I don't receive my airtime purchase with Zenith Bank?,506
"If I buy airtime through Zenith Bank and it fails, how can I resolve it?",506
"Zenith Bank, what steps should I take if my airtime hasn't credited?",506
I faced an issue with airtime not being delivered after buying it; how can Zenith Bank assist me?,506
Can you tell me the process with Zenith Bank for getting help when airtime isn't received?,506
What does Zenith Bank mean by QR Code?,509
Can you explain what a QR Code is as per Zenith Bank's definition?,509
"Zenith Bank, what exactly is a QR Code used for?",509
Could Zenith Bank give me details about QR Codes?,509
"I heard about QR Codes from Zenith Bank, but what are they really?",509
What is the Scan to Pay feature offered by Zenith Bank?,508
Can you explain how Zenith Bank's Scan to Pay works?,508
How do I use Scan to Pay at merchants with Zenith Bank?,508
"Zenith Bank customers, what does Scan to Pay mean?",508
"I want to know about Scan to Pay from Zenith Bank, how does it function?",508
Can I reverse a large airtime recharge I made through Zenith Bank?,507
What should I do if I accidentally recharged too much airtime with Zenith Bank?,507
Is there a way to get my money back from an oversized airtime purchase at Zenith Bank?,507
I recharged more airtime than I intended. How can Zenith Bank help me fix this?,507
"If I want to undo a significant airtime recharge, what steps do I take with Zenith Bank?",507
What customers can use the Scan to Pay app from Zenith Bank?,510
Can I use the Scan to Pay app if I am a Zenith Bank customer?,510
Who can access the Scan to Pay service at Zenith Bank?,510
Is the Scan to Pay app available for everyone with an account at Zenith Bank?,510
Which users is the Scan to Pay app intended for at Zenith Bank?,510
How do I add an additional phone number to my Zenith Bank account?,511
"Zenith Bank, can I update my account to include another phone number?",511
What steps should I follow to include another phone number in my Zenith Bank profile?,511
Can I modify my contact information to add another account number with Zenith Bank?,511
Zenith Bank – how can I go about adding a different phone number for my account?,511
What should I do if I have a dispute using the Zenith Bank platform?,515
"Zenith Bank, how can I resolve a dispute on your service?",515
"If there's an issue with my payment, who do I contact at Zenith Bank?",515
Can you tell me how disputes are handled by Zenith Bank?,515
"Zenith Bank, who should I reach out to for help with a dispute?",515
What should I expect from Zenith Bank after a payment goes through?,513
Can you tell me how I can confirm if my transaction with Zenith Bank was successful?,513
"After making a payment with Zenith Bank, how will I be notified if it went through?",513
"Zenith Bank, how do I know if my transaction has been completed successfully?",513
"If I make a payment with Zenith Bank, will I get any notifications about its success?",513
What is the limit for transactions using Scan To Pay at Zenith Bank?,514
"Zenith Bank, can you tell me how much I can transact in one go?",514
Is there a maximum amount I can send with the Scan To Pay feature of Zenith Bank?,514
How much can I transfer in a single transaction at Zenith Bank?,514
I heard there's a limit on transactions at Zenith Bank's Scan To Pay; what is it?,514
Which account will be charged when I use Scan To Pay at Zenith Bank?,512
Can you tell me what account number gets debited during a scan to pay transaction with Zenith Bank?,512
"When I use the scan to pay feature, which account with Zenith Bank is debited?",512
"Zenith Bank customers, how do I know which account will be used for payments when scanning?",512
"If I scan to pay with Zenith Bank, which account number will the payment come from?",512
What is the process for making a payment with Zenith Bank using a QR code?,517
Can you explain how customers can pay at outlets with Zenith Bank?,517
How do I use the Scan To Pay service with Zenith Bank?,517
"If I want to pay at a store, how can Zenith Bank help with that?",517
"Zenith Bank, what steps do I need to follow to complete a transaction using Scan To Pay?",517
Can you explain what a QR code is in the context of Zenith Bank?,518
How does Zenith Bank utilize QR codes for transactions?,518
What does QR mean and how does it relate to Zenith Bank's services?,518
I want to learn about QR codes—what does Zenith Bank say about them?,518
What is a QR code according to information from Zenith Bank?,518
What does Zenith Bank mean by Scan to Pay?,516
Can you explain how Scan to Pay works at Zenith Bank?,516
How can merchants use Scan to Pay with Zenith Bank?,516
Zenith Bank: What is the Scan to Pay option for quick transactions?,516
Why should I consider using Scan to Pay at Zenith Bank?,516
How does Zenith Bank process payments for me?,521
I want to know when my payment is credited with Zenith Bank.,521
What is the payment value receipt process at Zenith Bank?,521
Can you tell me how quickly I get credited for payments made through Zenith Bank?,521
"At Zenith Bank, when will my account reflect the payment I've just made?",521
What steps do I need to take to sign up for Scan To Pay at Zenith Bank?,520
Can you tell me how I can register for the Scan To Pay service with Zenith Bank?,520
I'm interested in the Scan To Pay feature at Zenith Bank. How do I enroll as a merchant?,520
How can I get started with the Scan To Pay app through Zenith Bank?,520
"Zenith Bank, what do I need to do to become a merchant for the Scan To Pay solution?",520
What should I look for to confirm a successful transaction with Zenith Bank?,522
Can you tell me how I know if my payment went through at Zenith Bank?,522
How can I verify that my transaction was successful when using Zenith Bank's services?,522
"Zenith Bank, how do I receive confirmation for successful transactions?",522
"When I make a payment with Zenith Bank, how will I be informed if it was successful?",522
What steps should I follow to open an account with GTBank?,523
Can you guide me on how to set up a new account at GTBank?,523
"GTBank, how do I open a savings or current account online?",523
Is there a way to register for an account using the GTBank ATM?,523
How can I open an account with GTBank using the GTWorld app?,523
How can I get my account statement from GTBank?,525
"GTBank, what's the process for generating my account statement online?",525
Can you tell me how to request my GTBank account statement via USSD?,525
"I need to know the steps to receive my account statement from GTBank, how do I do that?",525
What options does GTBank offer for obtaining an account statement?,525
What are the steps to link my BVN to my GTBank account?,524
Can I link my BVN to GTBank using USSD?,524
How do I connect my BVN with my GTBank account online?,524
"GTBank, how can I add my BVN to my account easily?",524
Is there a USSD code for linking my BVN to my account at GTBank?,524
What steps should I take to request a Premium Advance from GTBank?,527
Can you guide me on how to initiate a Premium Advance request at GTBank?,527
"GTBank, how do I start my Premium Advance application?",527
"I need help with making a Premium Advance request with GTBank, what do I do?",527
How can a platinum customer at GTBank apply for a Premium Advance?,527
What steps do I need to follow to apply for a salary advance at GTBank?,526
Can you explain how I can get a salary advance through GTBank's app?,526
How do I request a salary advance from GTBank using USSD?,526
Is there a way to initiate a salary advance with GTBank through Internet Banking?,526
What is the process for obtaining a salary advance with GTBank and how long does it take?,526
How can I link my account to my GTBank card?,528
"GTBank customers, what steps do I need to follow to unlink my account from my card?",528
I want to know how to connect my account to my GTBank card for ATM access. Can you help?,528
What is the process for unlinking an account from a GTBank card?,528
Could you guide me on linking or unlinking my account to a GTBank card?,528
What steps do I need to take to confirm a cheque with GTBank?,529
"GTBank, how can I verify my cheque online?",529
Can you guide me through the process of cheque confirmation at GTBank?,529
How do I confirm cheques using GTBank’s Internet Banking?,529
I want to know how to confirm a cheque — what does GTBank require me to do?,529
How can I make an account invisible on GTBank's online banking?,532
What steps do I need to follow to unhide an account with GTBank?,532
Can you guide me on hiding my account on GTBank's Internet Banking?,532
"GTBank, how do I access account profile settings to hide my account?",532
What do I do to remove an account from my GTBank Internet Banking display?,532
"Can I liquidate my loan with GTBank, and if so, how?",531
"GTBank, what are the steps for loan liquidation through your services?",531
How do I go about liquidating a loan from GTBank?,531
I'm looking to liquidate a GTBank loan; what methods can I use?,531
What’s the process for loan liquidation at GTBank?,531
What are the steps to check my account balance with GTBank?,530
Can GTBank customers find their account balance through the app?,530
How can I see my GTBank account balance online?,530
What methods does GTBank provide to check my balance?,530
Is there a way to inquire my account balance with GTBank using USSD?,530
What steps do I need to follow to update my GTBank account online?,533
Can you guide me on how to make changes to my GTBank account via the internet?,533
How can I perform a customer information update for my GTBank account?,533
Is there a way for me to change my details in GTBank through online banking?,533
Where can I find information about updating my account with GTBank online?,533
What types of businesses can use Scan to Pay at Zenith Bank?,519
Can individuals and businesses use Scan to Pay with Zenith Bank services?,519
Is Scan to Pay available for all kinds of business owners at Zenith Bank?,519
Who can benefit from the Scan to Pay feature offered by Zenith Bank?,519
Are there any specific eligibility criteria for using Scan to Pay at Zenith Bank?,519
How can I check for blocked funds in my GTBank account?,534
I need to find out how GTBank shows blocked funds on my account; can you help?,534
What’s the process to view my blocked funds at GTBank?,534
Could you tell me how I can see the details of blocked funds on my GTBank account?,534
What steps should I follow with GTBank to view any blocked amounts in my account?,534
What is the process to apply for QuickCredit at GTBank?,535
Can you guide me on how to access QuickCredit through GTBank?,535
How can I get a QuickCredit loan if I'm a GTBank customer?,535
GTBank offers QuickCredit; what steps do I need to follow to apply?,535
I want to apply for QuickCredit with GTBank — what do I need to do?,535
What steps do I need to take to confirm my GTBank account reference?,536
Can you tell me how to verify a reference for my GTBank account?,536
"GTBank, how can I check my account reference using USSD?",536
What’s the process for confirming a reference with GTBank?,536
How do I use the Self Service Portal on GTBank's website to confirm my account reference?,536
What steps should I follow to fix a transfer mistake involving GTBank?,537
"If I send money to the wrong account at GTBank, how can I get it back?",537
Can GTBank help me recover funds sent to the wrong beneficiary account?,537
I need assistance with an erroneous transfer to a GTBank account; what should I do?,537
How do I handle a wrong transfer issue if I am dealing with GTBank?,537
What steps do I need to follow to change my GTBank online banking password?,540
Can you guide me on how to update my password for GTBank Internet Banking?,540
How do I reset my GTBank password for online access?,540
Where can I find instructions for changing my GTBank online banking password?,540
I need help with the process to change my password in GTWorld at GTBank; what do I do?,540
How can I update my secret question for GTBank's Internet Banking?,539
"I need to change my security question in GTBank's app, what steps should I follow?",539
What is the process for resetting the secret question in GTBank online banking?,539
Can GTBank help me with changing the secret question and answer for my Internet Banking account?,539
Where do I go in GTBank to modify my online banking secret question?,539
What is the process GTBank customers should follow to use the 737 Checkout feature?,541
Can you walk me through how to make a payment using GTBank's 737 Checkout?,541
How do I complete a transaction with GTBank using the 737 system?,541
I'm looking for instructions on how GTBank's 737 Checkout works. Can you help?,541
What steps do I need to take to use the 737 Checkout service provided by GTBank?,541
What steps do I need to follow to start using the new GTBank app?,543
Can you guide me on how to set up the GTWorld app from GTBank?,543
How do I begin using GTBank's GTWorld application?,543
GTBank is asking for my old password when I try to use the new app; what's the procedure?,543
What do I need to do to install and activate the GTWorld app by GTBank?,543
What steps do I need to follow to set my 4-digit PIN with GTBank on the 737 service?,542
How can I create or reset my PIN for GTBank's 737 banking service?,542
"GTBank, how do I select a new 4-digit PIN using my phone?",542
Can you guide me on how to manage my PIN through GTBank's 737?,542
I need help with setting up my 4-digit PIN for GTBank; what should I do?,542
What should I do if I'm getting errors while trying to open an account with GTBank?,538
"GTBank has issues during account opening, how can I fix that?",538
How do I troubleshoot errors when opening my account online at GTBank?,538
"I'm encountering problems while applying for an account with GTBank, how can I resolve them?",538
Can GTBank assist me with account opening errors I’m facing on their website?,538
What steps do I follow to generate a soft token using GTBank's *737#?,544
Can you tell me how to create a soft token with GTBank through USSD?,544
How do I get my soft token with GTBank via *737*7#?,544
"GTBank customers, how can I obtain a soft token code using USSD?",544
Is there a procedure for generating a soft token through GTBank's services?,544
How can I reset my forgotten password for GTBank's online banking?,545
What steps do I follow if I forgot my online banking password with GTBank?,545
Can you guide me on changing my GTBank online banking password if I’ve forgotten it?,545
I need help with GTBank; what should I do if I can't remember my online banking password?,545
"GTBank, how do I recover my online banking access if I forget my password?",545
What steps do I take to find out the status of my card request with GTBank?,546
Can I check my card request status using GTBank's Internet Banking services?,546
"GTBank, how do I see if my card request has been processed?",546
"I need to check my card request status on GTBank, how can I do that?",546
Is there a way to verify the status of a card request through GTBank's online banking?,546
What is the procedure for using the 737 service at GTBank to give to a church?,547
Can you tell me how to make a donation to my church via GTBank's 737 USSD feature?,547
"GTBank, how do I use the 737 service to send money to a church account?",547
"When I want to give through GTBank's 737 service, what steps should I follow?",547
How can I donate money to a church using GTBank's 737 system?,547
What steps do I need to follow to start using the GTWorld app from GTBank?,548
Can you guide me through the process of onboarding on GTBank's GTWorld application?,548
How can I activate the GTWorld app by GTBank on my smartphone?,548
"I'm looking for instructions on how to use the GTWorld app in GTBank, can you help?",548
What is the procedure for setting up the GTWorld app to access my GTBank account?,548
What’s the process for transferring money to a GTBank account using someone's mobile number?,549
Can I send cash to a GTBank account through a mobile number and how?,549
"GTBank, how do I make a money transfer to an account via a mobile phone number?",549
How can I easily transfer funds to a GTBank account using the recipient's mobile number?,549
Is there a way to use a mobile number for transferring money to GTBank accounts?,549
What is the procedure to renew my Startimes subscription with GTBank?,550
Can I use GTBank's USSD service to pay for Startimes renewal?,550
How do I go about renewing my Startimes using GTBank?,550
"GTBank, how can I recharge my Startimes subscription through your services?",550
What steps should I follow to renew my Startimes subscription via GTBank's USSD?,550
What steps do I need to take to opt out of my automatic card renewal with GTBank?,551
Can I send an email to GTBank to stop my card from being automatically renewed?,551
"GTBank, how can I avoid the automatic renewal of my card?",551
Is there a way for me to opt out of the card renewal process at GTBank?,551
"If I want to change my pickup branch or stop the automatic card renewal, what should I email GTBank?",551
What steps do I need to follow to get a replacement card from GTBank?,554
How can I request a new card if my GTBank card is lost or damaged?,554
Can you guide me through the process of card replacement at GTBank?,554
"If I need to replace my GTBank card, what should I do?",554
GTBank: How do I initiate a request for my card replacement online?,554
How can I hotlist my GTBank debit card?,552
I need to block my card with GTBank; what are the steps?,552
What should I do to quickly hotlist a GTBank debit card?,552
Could you guide me on how to hotlist my GTBank card through different methods?,552
Is there an easy way to hotlist my debit card with GTBank and what are my options?,552
What steps do I follow to apply for a Dollar Card at GTBank?,555
"Can GTBank customers get a Dollar Card online, and how?",555
How do I go about requesting a Dollar Card through GTBank's internet banking?,555
"I'm a GTBank customer, what’s the process to request a Dollar Card?",555
Is there a specific way for GTBank users to submit a Dollar Card request?,555
What services does GTBank offer for Nigerians living abroad?,556
Can I access GTBank services if I am a Non Resident Nigerian?,556
How does the Non Resident Nigerian service work at GTBank?,556
I want to know about the NRN services provided by GTBank for those outside Nigeria.,556
"GTBank, what are the benefits for a Nigerian living outside the country?",556
What steps do I need to follow to change my card pickup location at GTBank?,553
"Can I update the branch for my card pickup at GTBank, and if so, how?",553
How do I inform GTBank about a change in my card pickup branch?,553
Where should I send my request for changing the pickup branch for my card at GTBank?,553
Is there an email address for requesting a card pickup branch change at GTBank?,553
What services does GTBank offer for non-resident Nigerians?,558
Can you tell me about the electronic options available for NRN customers at GTBank?,558
How can NRN customers use GTBank's online banking services?,558
What electronic channels can I access as a non-resident customer of GTBank?,558
Is there a support group at GTBank for non-resident Nigerians and what services do they provide?,558
Do I need references to open an NRN account if I already have an account with GTBank UK?,559
"If I have a current account at GTBank in the UK, are references necessary to set up an NRN account?",559
Can GTBank customers with UK accounts open NRN accounts without providing references?,559
"As a non-resident Nigerian with an account at GTBank UK, do I require references to establish an NRN account?",559
What are the requirements for NRN accounts for customers who already bank with GTBank UK?,559
What documents do I need to prepare to open a non-resident Nigerian account at GTBank?,557
Can you tell me what GTBank requires for opening an NRN account?,557
I'm looking to open a non-resident Nigerian account with GTBank. What paperwork will I need?,557
"GTBank, what are the necessary documents required for setting up a non-resident Nigerian account?",557
"If I want to start an NRN account at GTBank, what identification and proof of address do I have to provide?",557
Does GTBank require NRN customers who are in Nigeria to have their documents notarized?,560
"If I visit Nigeria as a non-resident Nigerian, do I need to notarize my documents for GTBank?",560
Can I just show my documents to a GTBank staff without notarizing them if I’m a non-resident Nigerian visiting?,560
"As a non-resident Nigerian, will GTBank allow me to have my documents sighted instead of notarized?",560
"When I visit Nigeria, do I still have to go through notarization for my documents at GTBank?",560
What does GTBank require for confirming my address when opening a NRN account?,561
Can you explain how GTBank uses the banker's confirmation during the NRN account setup?,561
How does GTBank handle proof of address for non-resident Nigerians opening an account?,561
I'm a non-resident Nigerian; what role does a banker’s confirmation play in the account opening process with GTBank?,561
"When opening an NRN account at GTBank, why is the banker’s confirmation important?",561
Can I open a corporate account with GTBank if I am a non-resident Nigerian?,562
"GTBank, do you offer corporate accounts for Nigerians living abroad?",562
What is GTBank's policy on corporate account openings for non-resident Nigerians?,562
Are non-resident Nigerians allowed to set up business accounts with GTBank?,562
"If I’m a non-resident Nigerian, can I open a business account at GTBank?",562
Can I submit my GTBank account opening documents in London if I'm a non-resident Nigerian?,563
What is the process for NRN customers to open accounts at GTBank UK?,563
"If I live in London and want to open an NRN account, can I drop off my paperwork at GTBank?",563
Are NRN account applications accepted in person at GTBank's office in London?,563
"I’m a non-resident Nigerian in London, how can I handle my GTBank account opening package?",563
What options do NRN customers have to add funds to their GTBank accounts?,564
Can I send money from abroad to my GTBank account as a Non-resident Nigerian?,564
How do I deposit money into my GTBank account if I'm living outside Nigeria?,564
"As a Non-resident Nigerian, what are the ways to fund my account with GTBank?",564
What methods can I use to transfer funds into my GTBank Domiciliary account from overseas?,564
What services does GTBank provide for non-resident Nigerians?,565
Can I get a domiciliary account if I am an NRN customer at GTBank?,565
"As a non-resident Nigerian, what products are available through GTBank?",565
What account types and investments can I access as an NRN with GTBank?,565
Could you tell me about the options GTBank offers to NRN customers?,565
Can I deposit local cheques and dividend warrants into my NRN account with GTBank?,566
What is GTBank's policy on lodging cheques and dividend warrants for non-resident Nigerians?,566
"If I have an NRN account with GTBank, can I put in cheques and dividend warrants at a branch?",566
"GTBank allows NRN customers to lodge cheques, right? What about dividend warrants?",566
How can I lodge cheques and dividend warrants into my GTBank NRN account?,566
What customers can benefit from GTBank's NRN services?,567
I want to know who qualifies for the NRN offerings at GTBank.,567
Can you tell me the target audience for GTBank's Non-Resident Nigerian service?,567
Who does GTBank consider as eligible for their NRN services?,567
Is there a specific group of Nigerians that GTBank's NRN service is aimed at?,567
What steps do I need to follow to access Internet Banking with GTBank?,568
Can I get help from GTBank on setting up my Internet Banking Service?,568
I'm a new customer at GTBank; how do I activate my Internet Banking?,568
"Is Internet Banking automatically available for accounts opened with GTBank, or do I need to ask someone?",568
How can I receive assistance for Internet Banking services at GTBank?,568
What steps do I need to take to reactivate my account with GTBank?,570
Can you tell me how to update my account information at GTBank?,570
How can I reactivate my account if I'm a non-resident Nigerian banking with GTBank?,570
"GTBank, what do I need to submit to update my account while living abroad?",570
"I live outside Nigeria, how do I go about updating or reactivating my GTBank account?",570
How can I retrieve my GTBank login information?,569
I didn't receive my username and password from GTBank; what should I do?,569
What steps do I need to take to get my login details for GTBank?,569
Can you tell me how to find my GTBank login credentials?,569
"GTBank, how do I obtain my system-generated login details?",569
What steps do I follow to get my GTBank card sent to me by courier?,571
"Can I arrange for GTBank to courier my card, and what do I need to do?",571
"GTBank, how can I request a courier delivery for my card?",571
I want to have my card delivered; what’s the process with GTBank?,571
What are the requirements for having my GTBank card couriered to me?,571
What is the process for getting a proxy to pick up my GTBank card?,572
Can you tell me how to authorize someone to collect my card at GTBank?,572
"GTBank, how do I arrange for a friend to collect my card on my behalf?",572
Is there a specific form to fill out for proxy card pickup at GTBank?,572
What instructions do I need to send to GTBank for someone to pick up my card for me?,572
What steps do I need to follow to obtain a reference letter from GTBank?,573
Can you tell me how I can get a reference letter through GTBank?,573
"GTBank, how do I go about requesting a reference letter for an institution?",573
"I need to know the procedure for requesting a reference letter at GTBank, what should I do?",573
"What’s the process to request a reference letter with GTBank, including costs and requirements?",573
What steps should I follow to add a signatory to my GTBank account?,574
How can I include someone as a signatory on my account with GTBank?,574
I need to know the process of adding a new signatory at GTBank; can you help?,574
Can you tell me how to designate a new signatory for my GTBank account?,574
What documents do I need to provide to GTBank to add another signatory to my account?,574
What steps do I need to take to turn off my SMS alerts with GTBank?,575
Can you tell me how to stop receiving SMS notifications from GTBank?,575
"GTBank, how can I deactivate my SMS alert service?",575
Is there a form I need to fill out to cancel SMS alerts at GTBank?,575
How do I send a request to GTBank to disable my SMS alerts?,575
Can I visit any branch of First Bank to make transactions on my savings account?,579
Are transactions allowed at any First Bank branch for my account?,579
Does First Bank let me conduct account transactions at all of their branches?,579
"If I have a savings account, can I use any First Bank location for my transactions?",579
"At First Bank, can I make transactions from different branches?",579
What do I need to do to open an account at First Bank?,578
"Can I open a savings account at First Bank, and if so, how?",578
How do I go about opening my account with First Bank?,578
I want to open a savings account; where can I do this at First Bank?,578
Is there a specific process to follow for opening an account at First Bank?,578
What steps should I follow to have my dividends deposited into my GTBank account?,576
Can you tell me how I can request dividends to be transferred into my account at GTBank?,576
I'm trying to get my dividends paid into my account—what does GTBank require from me?,576
"GTBank, how can I go about submitting a request for my dividends to go into my account?",576
What do I need to do to ensure GTBank pays my dividends directly to my account?,576
What do I need to provide to open an account with First Bank?,580
Can I open a First Bank account without ID?,580
What identification must I present when opening a First Instant Account at First Bank?,580
"To get a First Bank FirstInstant account, what documents are necessary?",580
Is a form of identification needed for opening an account at First Bank?,580
What incentives does First Bank offer when you get a Debit Card?,581
Can I benefit from any discounts on the Debit Card with First Bank?,581
"First Bank customers, is there a special rate for obtaining a Debit Card?",581
Are there any perks for getting a Debit Card from First Bank?,581
Is First Bank's Debit Card available at a reduced fee?,581
Does First Bank need references when I open a FirstInstant Account?,582
I've heard about the FirstInstant Account at First Bank — are any references needed to get one?,582
Are there any requirements for references if I want to open a FirstInstant Account with First Bank?,582
Can I open a FirstInstant Account at First Bank without providing references?,582
What are the reference requirements for a FirstInstant Account with First Bank?,582
What happens to my child's First Bank KidsFirst Account when they turn 13?,585
"When a child reaches 13, does First Bank automatically change their KidsFirst Account?",585
Can you explain the transition from a KidsFirst Account to a MeFirst Account at First Bank when the child is 13?,585
At what age does First Bank switch a KidsFirst Account over to a MeFirst Account for teenagers?,585
Is the KidsFirst Account at First Bank managed by parents until the child is 13 years old?,585
Who is eligible for the MeFirst account offered by First Bank?,586
"At First Bank, what age group is the MeFirst account intended for?",586
Can you tell me the target age for the MeFirst account from First Bank?,586
What age range does First Bank's MeFirst account cater to?,586
First Bank has a MeFirst account; what ages can open this account?,586
Do I need to request a Debit Card for my KidsFirst Account at First Bank?,584
Is a Debit Card a requirement for opening a KidsFirst Account with First Bank?,584
Can I get a Debit Card for my KidsFirst Account through First Bank if I ask for one?,584
What is First Bank's policy on issuing Debit Cards for KidsFirst Accounts?,584
"Are Debit Cards mandatory for KidsFirst Accounts at First Bank, or can I choose not to have one?",584
Who can manage a MeFirst Account at First Bank?,587
Is it true that my parent can control my MeFirst Account with First Bank?,587
"At First Bank, who handles the MeFirst Account for my child?",587
Can I find out who operates the MeFirst account with First Bank?,587
What is the role of a parent or guardian in managing a MeFirst Account at First Bank?,587
Does First Bank offer special prepaid cards for my child?,588
I'm looking for information on special cards for children with First Bank—are they available?,588
What options does First Bank have for prepaid cards designed for teens aged 13 to 17?,588
Can you tell me what prepaid card options First Bank provides for young adults?,588
"At First Bank, can I obtain a special card for my child who is between 13 and 17 years old?",588
What age do I need to be for a First Bank XploreFirst account?,589
Can you tell me what qualifications are required to open an XploreFirst account with First Bank?,589
I’m interested in an XploreFirst account; what are First Bank's age requirements?,589
"First Bank, do I need to be a student to qualify for the XploreFirst account?",589
At which age can I start an XploreFirst account with First Bank?,589
How can I qualify for the XploreFirst Annual scholarship offered by First Bank?,590
What steps do I need to take to become eligible for the First Bank XploreFirst scholarship?,590
Can you tell me the requirements to win the XploreFirst Annual scholarship with First Bank?,590
I'm interested in the XploreFirst scholarship at First Bank; what do I need to do to be in the running?,590
What do I have to maintain in my First Bank account to qualify for the XploreFirst Annual scholarship?,590
What should I do to resolve an international dispensing issue with GTBank?,577
Can you tell me how to report a mistake with a GTBank international transaction?,577
"GTBank, how can I fill out a dispute form for an international ATM error?",577
"I encountered a problem with an international dispense from GTBank, how do I report it?",577
What steps do I need to follow to inform GTBank about an international dispensing error?,577
How can I obtain a debit card for my XploreFirst account at First Bank?,592
Does First Bank offer customized debit cards for my XploreFirst account?,592
Can you tell me if I can get a debit card linked to my First Bank XploreFirst account?,592
What are my options for a debit card with First Bank's XploreFirst account?,592
Is it possible to get a personalized debit card through my First Bank XploreFirst account?,592
Who is eligible to manage a FirstSavings Plus account at First Bank?,594
Can minors open a FirstSavings Plus account with First Bank?,594
What are the requirements for operating a FirstSavings Plus account at First Bank?,594
Is it possible for anyone to have a FirstSavings Plus account at First Bank?,594
What age restrictions does First Bank have for their FirstSavings Plus accounts?,594
Does First Bank require any references for a KidsFirst Account?,583
I’m wondering if references are necessary for a KidsFirst Account at First Bank?,583
Can I open a KidsFirst Account at First Bank without needing references?,583
"First Bank, do I have to provide references when applying for a KidsFirst Account?",583
What are the requirements for a KidsFirst Account at First Bank regarding references?,583
What is the process to open a First Bank FirstSavings Plus Account?,593
Can I get information on how to start a FirstSavings Plus Account at First Bank?,593
"I'm looking to open a First Bank FirstSavings Plus Account, what do I need to do?",593
How can I go about opening a FirstSavings Plus Account with First Bank?,593
Could you guide me on the steps to create a First Bank FirstSavings Plus Account?,593
Can I use my student ID to open an XploreFirst account at First Bank?,591
"What documents do I need to provide, specifically at First Bank, to open an XploreFirst account with a student identity card?",591
"First Bank allows student IDs for XploreFirst accounts, right? What else do I need?",591
I want to know if First Bank accepts student identity cards for opening an XploreFirst account. Is there any additional requirement?,591
Do you need to show anything else besides a student ID to set up an XploreFirst account with First Bank?,591
Is it possible to designate my First Bank FirstSavings Plus account for my salary payments?,595
How can I use a First Bank account to receive my salary if I have a FirstSavings Plus account?,595
Can I set up my salary payments to go into my First Bank FirstSavings Plus account?,595
"First Bank customers, can I utilize a FirstSavings Plus account for payroll deposits?",595
What are the requirements for using a First Bank FirstSavings Plus account as a salary account?,595
Can you explain how the FirstSavings Plus account works at First Bank?,596
What are the features of a First Bank FirstSavings Plus account?,596
How does First Bank's FirstSavings Plus operate?,596
I want to know about the FirstSavings Plus account from First Bank. How does it function?,596
What is the operational process for First Bank's FirstSavings Plus account?,596
Can individuals and corporations open a current account at First Bank?,597
What types of entities can apply for a current account at First Bank?,597
Is First Bank's current account available to both personal and corporate customers?,597
Who can apply for a current account with First Bank?,597
I want to know who qualifies for a current account at First Bank.,597
What fees should I expect with my First Bank current account?,598
Can you tell me about the maintenance charge for First Bank's current accounts?,598
"I'm looking for information on charges for a current account at First Bank, what are they?",598
"First Bank, what maintenance fees apply to your current account?",598
Are there any specific charges I need to know about for a current account with First Bank?,598
Can you tell me about the First Bank FirstCurrent Business Account?,599
What features does the FirstCurrent Business Account from First Bank offer?,599
How does First Bank's FirstCurrent Business Account benefit small businesses?,599
I’m interested in the FirstCurrent Business Account—what does First Bank provide for SMEs?,599
What is the purpose of the FirstCurrent Business Account at First Bank?,599
What fees are associated with the First Bank Current Business Account if it doesn't include COT?,600
Can you tell me if First Bank has any additional charges for the Current Business Account besides COT?,600
I want to know about the charges related to the First Bank Current Business Account. Are there any aside from COT?,600
"What are the conditions regarding charges for the First Bank Current Business Account, especially since it has no COT?",600
"Is there a fixed monthly fee for the First Bank Current Business Account, and what affects that charge?",600
What happens if I go over the debit turnover limit with my First Bank account?,601
Can First Bank tell me if there are penalties for exceeding the monthly debit limit on my account?,601
"If I exceed the maximum debit turnover set by First Bank, will I incur any charges?",601
Does First Bank charge a fee if I surpass the allowed monthly debit turnover on my account?,601
Is there a penalty for violating the debit turnover limit at First Bank when it comes to my transactions?,601
What do I need to provide as references when I open a First Bank business account?,603
Can I find out if references are necessary for starting a First Bank Current Business Account?,603
Are there any reference requirements for opening a business account at First Bank?,603
"If I'm looking to open a First Bank FirstCurrent Business Account, should I prepare any references?",603
Does First Bank require references to open a FirstCurrent Business Account?,603
Can I get a loan with my First Bank Current Business Account?,602
Is it possible for a First Bank customer to use their FirstCurrent Business Account for a loan?,602
I want to know if my First Bank FirstCurrent Business Account can be leveraged for loans.,602
Does First Bank allow loans for holders of the FirstCurrent Business Account?,602
"As a customer of First Bank, can I use my FirstCurrent Business Account to apply for a loan?",602
What currencies can I open a domiciliary account with at First Bank?,604
Can you tell me which currencies are available for domiciliary accounts at First Bank?,604
I want to know the currency options for a domiciliary account at First Bank. What are they?,604
"At First Bank, which foreign currencies can I choose when opening a domiciliary account?",604
"Are Pounds Sterling, US Dollars, and Euro the only currencies for domiciliary accounts at First Bank?",604
What are the limits on withdrawals for my Domiciliary Account at First Bank?,605
Can I make as many withdrawals as I want from my Domiciliary Account at First Bank?,605
I'm checking to see if First Bank imposes any restrictions on how many times I can withdraw from my Domiciliary Account.,605
Is there a cap on the number of withdrawals I can perform with my First Bank Domiciliary Account?,605
"First Bank, do I have to worry about limits when withdrawing from my Domiciliary Account?",605
What is the required minimum amount to open an account at First Bank?,607
Can you tell me how much money I need to deposit initially at First Bank?,607
"First Bank, what is the least amount I can start with for an account?",607
I'm curious about the opening balance needed for accounts at First Bank; what is it?,607
What are the minimum funds required to open an account when banking with First Bank?,607
Is the Domiciliary Account the same as First Bank's First Dom Plus?,606
What are the differences between First Bank's First Dom Plus and a Domiciliary Account?,606
Can you tell me if First Bank's First Dom Plus is identical to a Domiciliary Account?,606
Are First Bank's First Dom Plus and Domiciliary Accounts different accounts?,606
How do First Bank's First Dom Plus features compare to those of a Domiciliary Account?,606
What interest rates can I expect for the First Dom Plus Account at First Bank?,608
Can you tell me the interest rate for deposits in a First Bank Dom Plus Account?,608
How does First Bank determine the interest rates for the First Dom Plus Account?,608
"I'm curious about the annual interest rates on the First Dom Plus Account at First Bank, can you help?",608
What are the different interest rates for various deposit amounts in the First Bank Dom Plus Account?,608
Does First Bank allow me to switch my regular domiciliary account to a FirstDom Plus Account?,609
I want to know if I can change my existing domiciliary account to a FirstDom Plus Account at First Bank.,609
Can I transfer my current domiciliary account to a FirstDom Plus Account with First Bank?,609
"If I have an existing domiciliary account, can I migrate it to FirstDom Plus at First Bank?",609
What is the process for converting my domiciliary account into a FirstDom Plus Account with First Bank?,609
"If I switch to the FirstDom Plus Account, will my First Bank account number change?",610
What will happen to my account number after I upgrade to a First Bank FirstDom Plus Account?,610
I’m considering migrating to the FirstDom Plus Account; will I keep my existing account number with First Bank?,610
Does First Bank change my account number when I move to the FirstDom Plus Account?,610
"After moving to the FirstDom Plus Account, will First Bank assign me a new account number?",610
What types of entities can open a First Bank FirstDom Plus account?,611
Can you tell me who can sign up for the FirstDom Plus account at First Bank?,611
Is the FirstDom Plus account at First Bank available for businesses or just individuals?,611
Who qualifies to open a First Bank account under the FirstDom Plus program?,611
Does First Bank allow corporate entities to open a FirstDom Plus account?,611
What advantages does First Bank offer besides high interest rates for their accounts?,612
Are there additional perks I get when I open an account with First Bank?,612
"First Bank, can you tell me what benefits come with an account apart from the interest?",612
"If I choose to open an account at First Bank, what other services or benefits will I enjoy?",612
What are the extra features of a First Bank account aside from the attractive interest rates?,612
Can anyone open a First Bank account for personal use?,613
I want to know if First Bank allows individuals to open the FirstSME Current account.,613
Are individuals eligible to open accounts with First Bank specifically for SMEs?,613
Is the FirstSME Current account at First Bank available to personal account holders?,613
Can First Bank customers who are individuals access the FirstSME account?,613
Can I change my individual account to a First Bank FirstSME account?,614
Is it possible to switch my current personal account to FirstSME at First Bank?,614
I want to convert my individual current account; does First Bank allow that to a FirstSME account?,614
What does First Bank say about changing an individual current account to FirstSME?,614
"If I have an individual account, can I upgrade to FirstSME with First Bank?",614
What are the available terms for fixed deposits at First Bank?,617
Can you tell me the range of deposit durations offered by First Bank?,617
How long can I invest in a fixed deposit with First Bank?,617
I'm looking to open a fixed deposit; what's the period I can choose at First Bank?,617
"First Bank customers, what is the shortest and longest tenor for fixed deposit accounts?",617
Can I open a First Bank FirstSME Current account if I'm a new customer?,616
Is it necessary to have an existing savings account with First Bank to get the FirstSME Current account?,616
"Are new clients eligible to apply for the First Bank FirstSME Current account, or is it limited to current corporate savings account holders?",616
I'm interested in a FirstSME Current account at First Bank. Can anyone apply or is it just for existing customers?,616
"Does First Bank allow new customers to open a FirstSME Current account, or is this service restricted to current account holders?",616
Can I withdraw my investment early with First Bank?,619
What happens if I want to end my fixed deposit before the maturity date at First Bank?,619
"Is it possible to close my fixed deposit account early at First Bank, and will I lose any interest?",619
"If I need to cancel my investment before it matures at First Bank, will I forfeit any interest?",619
"First Bank, can I terminate my fixed deposit investment ahead of schedule?",619
Can I roll over my fixed deposit investment at First Bank?,618
First Bank: Is it possible to reinvest my fixed deposit?,618
I'm interested in knowing if First Bank allows the rollover of fixed deposits.,618
How does First Bank handle the rollover of fixed deposit accounts?,618
Is rolling over an investment an option with First Bank's fixed deposit accounts?,618
Can associations and family accounts be set up with a First Bank FirstSME account?,615
I'm interested in knowing if First Bank allows the opening of non-registered accounts under the FirstSME account category.,615
Are non-personal accounts and family memberships possible with the FirstSME account at First Bank?,615
What types of accounts can be opened under the FirstSME account at First Bank?,615
Is it possible to register a FirstSME account with First Bank for an association or family account?,615
What are the shortest and longest durations for a First Bank Premium Term Deposit?,620
Can you tell me the minimum and maximum investment periods for First Bank's Premium Term Deposit?,620
"How long can I invest in a First Bank Premium Term Deposit, both at least and at most?",620
I'm looking to know the time frames available for a First Bank Premium Term Deposit; what are they?,620
"For a First Bank Premium Term Deposit, what is the range of tenors I can choose?",620
What is the interest earning frequency for the First Premium Term Deposit at First Bank?,621
Can I receive monthly interest payments from my First Bank's First Premium Term Deposit?,621
How long do I have to wait to earn interest on a First Premium Term Deposit with First Bank?,621
"Does First Bank offer monthly interest on the First Premium Term Deposit, or is it paid less frequently?",621
When can I start earning interest on the First Premium Term Deposit account at First Bank?,621
What services does First Bank offer for Nigerians living overseas?,623
Can you tell me about FirstDiaspora provided by First Bank?,623
First Bank has an account for Nigerians abroad; what’s that about?,623
How does First Bank support Nigerians in the diaspora with their banking needs?,623
What is the purpose of the FirstDiaspora account from First Bank?,623
Can I withdraw my investments from First Bank's First Premium Term Deposit whenever I want?,622
What happens if I decide to cash out my First Premium Term Deposit at First Bank?,622
Is it possible to liquidate my First Bank First Premium Term Deposit early without any penalties?,622
How does withdrawing from a First Bank First Premium Term Deposit affect my interest rates?,622
"If I invest in a First Premium Term Deposit with First Bank, can I access my funds at any time?",622
What paperwork do I need to start a First Bank Diaspora account?,626
Can you tell me the requirements for opening a Diaspora account with First Bank?,626
First Bank: What documents do I need for a foreign account application?,626
"To open a First Bank Diaspora account, what identification and proofs are necessary?",626
I'm looking to open a diaspora account with First Bank; what do I need to submit?,626
What products does First Bank offer for the Diaspora Account?,625
Can you list the services available with First Bank's FirstDiaspora accounts?,625
I'm looking for information on what First Bank provides for customers using the Diaspora Account.,625
How does First Bank support its Diaspora clients with account options?,625
What types of accounts can I open with First Bank under the Diaspora Account section?,625
Can you explain what BVN is and how I can enroll for it with First Bank?,627
What steps do I need to take to register for a BVN as a First Bank customer?,627
"I need information on how to get my BVN enrolled, does First Bank have any specific guidelines?",627
"How do I obtain a BVN if I'm a First Bank account holder, and is it required immediately?",627
"What is the process for enrolling in BVN through First Bank, especially for diaspora customers?",627
What is the email address to send my forms to First Bank?,629
How can I submit my forms for my request to First Bank?,629
"First Bank, where should I email my scanned forms after filling them out?",629
"After completing my forms, how do I send them to First Bank?",629
Where do I send the hard copies of my forms for First Bank?,629
Can I switch my existing account to a FirstDiaspora account with First Bank after moving abroad?,628
I relocated but had an old account; how can I convert it to a FirstDiaspora account with First Bank?,628
"First Bank, do I need to fill out forms to change my old account to a FirstDiaspora one?",628
"If I have an existing account at First Bank, how do I go about operating it as a FirstDiaspora account?",628
What steps must I take to convert my current First Bank account into a FirstDiaspora account after relocating?,628
How can I access my First Bank account when I'm outside the country?,630
What methods does First Bank provide for accessing my account from abroad?,630
"If I'm overseas, how do I get into my First Bank account?",630
Can First Bank customers access their accounts internationally?,630
What are the ways to manage my First Bank account while I'm abroad?,630
Can I open a corporate account with First Bank while I'm living abroad?,632
"I'm abroad and need to know, does First Bank allow the opening of a diaspora corporate account?",632
What are the steps to get a First Bank corporate account from outside Nigeria?,632
"As a business owner overseas, can I set up a corporate account with First Bank?",632
"I want to open a corporate account and I’m currently abroad, does First Bank support this?",632
Can I set up an E-Banking account with First Bank while I’m in Nigeria?,631
Is it possible to open a First Bank Diaspora account during my visit to Nigeria?,631
What do I need to do to register for E-Banking access at First Bank when I'm in Nigeria?,631
Does First Bank allow me to open a Diaspora account and arrange for E-Banking when I’m visiting Nigeria?,631
"While in Nigeria, can I open my First Bank Diaspora account and get E-Banking set up?",631
What are the ways to fund my First Bank Diaspora account?,634
Can I deposit money into my First Bank account from abroad?,634
How do I send funds to my First Bank Diaspora account?,634
Is it possible to fund my account through First Bank branches in Nigeria?,634
What options do First Bank customers have for adding money to their Diaspora accounts?,634
What is the maximum amount I can send to my First Bank account from outside the country?,635
Can I transfer any amount of money to my First Bank Diaspora account?,635
Is there a transfer limit for funds going to my account at First Bank from abroad?,635
How much money am I allowed to transfer to my First Bank account from another country?,635
Are there restrictions on the amount of money I can move to my account at First Bank from overseas?,635
What are the requirements for opening a First Bank Diaspora account?,624
Can I open a First Bank account if I live outside Nigeria?,624
Who qualifies to set up a First Bank Diaspora account?,624
I'm a Nigerian abroad; can I get a First Bank Diaspora account?,624
Does First Bank allow Nigerians living overseas to open a Diaspora account?,624
What is the maximum amount I can send from my First Bank Diaspora account using online or mobile banking in Nigeria?,636
Can I transfer more than 1 million Naira from my First Bank account in a single day through mobile banking?,636
How much can I transfer daily via internet banking if I have a First Bank Diaspora account?,636
"First Bank allows a daily transfer limit, but can I request a higher amount for my account?",636
"If I want to send money to Nigeria from my First Bank Diaspora account, what's the limit I should know about?",636
Can I go to any First Bank representative office near me to submit my documents?,633
Are there First Bank offices that I can visit to have my documents verified and sent to the diaspora office?,633
"If I have documents to submit, can I take them to a First Bank rep office close to my location?",633
Is it possible to visit a First Bank branch to get my documents checked and submitted to the Lagos office?,633
"Do I need to go to a specific First Bank office for document attestation, or can I visit any of their rep offices?",633
What steps should I take to access First Bank's internet banking service for my Diaspora account?,637
"As a First Bank customer, how do I set up email alerts and online banking?",637
I’m a new account holder at First Bank; how do I get my internet banking information and activate email notifications?,637
Could you tell me how First Bank ensures that I receive internet banking access and email alerts for my Diaspora account?,637
What should I do if my existing First Bank account has been converted to a Diaspora account and I want email alerts?,637
What should I do if I forget my internet banking password with First Bank?,638
How can I reset my online banking password at First Bank?,638
I'm having trouble with internet banking setup at First Bank; who can I contact for help?,638
"First Bank, I need assistance with my forgotten internet login password. What are my options?",638
"If I encounter issues while setting up internet banking with First Bank, what steps should I take?",638
What steps do I need to follow to get my ATM card and Token device from First Bank?,639
"Can you explain how I, as a First Bank customer, can apply for my visa card and Token device?",639
How does First Bank handle the application process for ATM cards and Token devices?,639
"If I have a FirstDiaspora account, how can I go about obtaining an ATM card and Token?",639
I'm looking for information on how to request a Token device and ATM card from First Bank; what should I do?,639
How can I get a replacement for my lost token with First Bank?,642
What’s the process for obtaining a new card at First Bank if I’ve damaged mine?,642
Can First Bank help me replace my token easily if I fill out the required forms?,642
"If I need a card replacement, what should I do as a First Bank customer?",642
Is it straightforward to secure a token replacement from First Bank if I’ve misplaced it?,642
What steps should I take as a First Bank customer to obtain my ATM pin for my card?,641
Can a First Bank customer have someone else activate their ATM card and pin?,641
How does First Bank send the ATM pin to Diaspora Account holders?,641
"As a Diaspora account holder, how can I activate my ATM card through First Bank?",641
"First Bank customers, how do I receive my ATM pin after getting my card?",641
What tax forms do I need to submit for my Diaspora account with First Bank?,644
Can you explain the purpose of the tax forms required by First Bank?,644
Why is it necessary to complete tax forms for my account at First Bank?,644
What does First Bank require regarding tax self-certification for customers living abroad?,644
I have a Diaspora account at First Bank; what are the tax form requirements for me?,644
Are there any fees from First Bank when changing my account to a Diaspora account?,643
What does First Bank charge for switching my account to a FirstDiaspora account?,643
"If I want to convert my account to a First Diaspora account, will I incur any charges?",643
Can you tell me if First Bank takes any fees for upgrading to a Diaspora Savings account?,643
"When converting my existing account to a First Bank Diaspora account, is there a minimum balance requirement?",643
What should I do if I'm not receiving my OTP for setting up the mobile app with First Bank?,645
Can First Bank help me if I can't get my OTP for the mobile application?,645
How can I resolve issues with receiving the One Time Password for my First Bank mobile app setup?,645
I’m having trouble getting the OTP from First Bank to complete my mobile app registration—what steps can I take?,645
"First Bank requires an OTP for mobile app setup, but I haven't received it. What can I do?",645
What are some fees I should know about for my First Bank account?,646
Can you tell me the charges applied to transactions in First Bank accounts?,646
I need information on the notable fees associated with First Bank — what should I expect?,646
What are the various charges I might incur with First Bank?,646
Are there specific transaction fees that First Bank applies to its accounts?,646
What is the best way to reach out to the Diaspora Banking Team at First Bank?,648
Can I get the contact details for First Bank's Diaspora Banking unit?,648
How do I email or call the Diaspora Banking department of First Bank?,648
"First Bank customers, how can I send my inquiries to the Diaspora Banking Team?",648
"If I need assistance, what contact options does First Bank provide for the Diaspora Banking Team?",648
"What type of card is the Visa Infinite offered by First Bank, is it a debit or credit card?",649
Can you tell me if First Bank's Visa Infinite card is a debit card or a credit card?,649
How does First Bank categorize the Visa Infinite card: as a debit or credit option?,649
I’m curious about the Visa Infinite card from First Bank. Does it function more like a credit card or a debit card?,649
Is the Visa Infinite from First Bank available as both a debit and a credit card?,649
How can I open a diaspora account at First Bank without filling out any forms myself?,647
What options does First Bank offer for opening a diaspora account besides manual paperwork?,647
Is there a way to set up a diaspora account with First Bank online instead of handling forms manually?,647
"If I want to avoid filling out forms, what are the ways to open my diaspora account with First Bank?",647
What methods can I use to establish a diaspora account at First Bank without having to fill out forms?,647
Who is eligible for the Visa Infinite at First Bank?,650
First Bank's Visa Infinite: Who is it meant for?,650
Can you tell me about the target audience for First Bank's Visa Infinite card?,650
What kind of customers does First Bank cater to with their Visa Infinite program?,650
"First Bank, who qualifies for the Visa Infinite card?",650
What are the fees associated with getting a Visa Infinite Card from First Bank?,651
Can I find out about the costs for issuing a Visa Infinite Card with First Bank?,651
How much does First Bank charge for their Visa Infinite Card and any related fees?,651
Could you provide details on the issuance fees for the Visa Infinite Card at First Bank?,651
"First Bank, what are the annual and one-time fees for the Visa Infinite Card?",651
What is the process for First Bank customers abroad to collect their ATM card and token device?,640
How does First Bank send the ATM card and token to customers in the diaspora?,640
Can I get my ATM card and token from First Bank when I visit Nigeria?,640
"As a First Bank customer living overseas, how do I receive my ATM card and token device?",640
Is it possible for me to pick up my First Bank ATM card and token when I'm back in Nigeria?,640
What are the limits for daily withdrawals and purchases with my Visa Infinite card at First Bank?,653
Can you tell me the cash withdrawal and purchase limits for my Visa Infinite card from First Bank?,653
"First Bank, what are the maximum daily transaction limits on my Visa Infinite card?",653
"I'm interested in knowing the daily usage restrictions for my First Bank Visa Infinite card, can you help?",653
How much can I withdraw or spend each day using my First Bank Visa Infinite card?,653
Can First Bank confirm if my US Domiciliary account will have a lien related to my Visa Infinite Card limit?,652
Is there a lien on my US Domiciliary account at First Bank for the amount needed for my Visa Infinite Card?,652
How does First Bank secure the funds in my US Domiciliary account for the Visa Infinite Card limit?,652
"If I get a Visa Infinite Card from First Bank, will my USD, GBP, or EURO account be subject to a lien?",652
What percentage lien will First Bank place on my accounts to cover the Visa Infinite Card limit?,652
How many business days does First Bank require to prepare my Visa Infinite card after I apply?,654
I applied for a Visa Infinite card at First Bank; when will I be able to collect it?,654
What is the collection time for the Visa Infinite card once I submit my application to First Bank?,654
Can you tell me how long it takes First Bank to get my Visa Infinite card ready for pickup?,654
"After I apply for a Visa Infinite card, how long until First Bank has it ready for me?",654
What is the method of calculating interest on my Naira Credit Card from First Bank?,655
Can you explain how First Bank calculates the interest on my Naira Credit Card?,655
How does First Bank determine the interest I owe on my Naira Credit Card balance?,655
"If I use a Naira Credit Card from First Bank, how is my interest calculated?",655
"After making my minimum payment, how does First Bank charge interest on my outstanding credit card balance?",655
What fees do I need to know about for the Naira Credit Card from First Bank?,658
Can you tell me the costs involved with the First Bank Naira Credit Card?,658
"First Bank, could you explain the charges for using your Naira Credit Card?",658
I'm looking for information on the fees for the Naira Credit Card at First Bank. What should I expect?,658
What are the associated charges for a Naira Credit Card holder at First Bank?,658
Can I get a Naira Credit Card from First Bank if I'm not a salary earner?,656
What are the eligibility criteria for the Naira Credit Card at First Bank?,656
"I have investments with First Bank, can I apply for a Naira Credit Card using them?",656
Is it true that First Bank's Naira Credit Card requires a salary to qualify?,656
What does First Bank say about getting a Naira Credit Card if I'm an investment holder instead of a salary earner?,656
Can you tell me about the fees related to the Visa Gold card from First Bank?,660
What fees does First Bank charge for the Visa Gold card issuance?,660
I have a Visa Gold card from First Bank; are there any costs I should be aware of?,660
"First Bank, what are the charges associated with having a Visa Gold card?",660
Are there any specific fees for using the Visa Gold card provided by First Bank?,660
What type of card is the Visa Gold offered by First Bank?,659
Can I get a Debit card or a Credit card with First Bank's Visa Gold option?,659
Is the Visa Gold from First Bank a credit card or a debit card?,659
How does the Visa Gold card work at First Bank in terms of spending limits?,659
Could you explain the features of the Visa Gold card that First Bank provides?,659
Does First Bank place liens on US Domiciliary accounts for Visa Gold card limits?,661
I want to know if I need to worry about liens on my First Bank Visa Gold Card account.,661
What happens to my US Domiciliary account at First Bank regarding the Visa Gold limit?,661
Will First Bank require a lien on my account if I increase my Visa Gold card limit?,661
"Is a minimum balance needed for my Visa Gold Card at First Bank, and is there a lien involved?",661
What steps do I need to take to apply for the Platinum Naira Credit Card at First Bank?,657
"First Bank customers, how can I qualify for a Platinum Naira Credit Card?",657
Is there a specific credit limit required for the Platinum Naira Credit Card with First Bank?,657
Can you tell me how to obtain the Platinum Naira Credit Card from First Bank?,657
I want to know the eligibility criteria for the Platinum Naira Credit Card offered by First Bank.,657
How quickly can I collect my Visa Gold card at First Bank after I apply?,663
What is the processing time for a Visa Gold card at First Bank branches?,663
Can I find out when my Visa Gold card will be available for pickup at First Bank?,663
"After applying for a Visa Gold card, how long should I wait before going to First Bank to get it?",663
What is the timeframe for receiving my Visa Gold card from First Bank in Lagos and upcountry branches?,663
What are the limits for using my Visa Gold card at First Bank on a daily basis?,662
Can you tell me about the daily withdrawal and purchase limits for my Visa Gold card at First Bank?,662
I'm looking for information on First Bank's daily usage caps for the Visa Gold credit card – what should I know?,662
How much can I spend daily with my First Bank Visa Gold card for various transactions?,662
"First Bank, what are the maximum limits for cash withdrawals and purchases with my Visa Gold card each day?",662
How quickly can I expect to receive my Naira MasterCard from First Bank after I apply?,666
What is the timeframe for getting my Naira MasterCard once I submit my application to First Bank?,666
"If I apply for the Naira MasterCard at First Bank, how long will it take for me to get it?",666
Can you tell me the processing time for the Naira MasterCard application at First Bank?,666
"When I submit my application for a Naira MasterCard, how fast will First Bank issue it to me?",666
What steps should I follow to activate my Naira MasterCard at First Bank?,664
Can you tell me how I can set up my Naira MasterCard with First Bank?,664
How can I get my Naira MasterCard activated at First Bank?,664
I need help activating my Naira MasterCard. What does First Bank advise?,664
Is there a way to activate my Naira MasterCard through First Bank's ATMs?,664
How many accounts can I connect to my Naira MasterCard with First Bank?,665
First Bank allows me to link multiple accounts to my Naira MasterCard. How many can I actually link?,665
Can I link my Current and Savings accounts to the Naira MasterCard from First Bank?,665
What is the maximum number of accounts that I can use with my First Bank Naira MasterCard?,665
I'm considering getting a Naira MasterCard from First Bank. How many of my bank accounts can I link to it?,665
Can I use my Naira MasterCard from First Bank for online shopping?,667
What websites accept the Naira MasterCard from First Bank for purchases?,667
Is it possible to make internet purchases with my First Bank Naira MasterCard?,667
Does First Bank allow its Naira MasterCard to be used for buying things online?,667
"If I have a Naira MasterCard from First Bank, can I shop on the internet?",667
Is it possible for First Bank Verve Cards to be used for online purchases?,668
Can I use my First Bank Verve Card when shopping on the internet?,668
Does First Bank allow its Verve Cards to work on e-commerce websites?,668
"If I have a First Bank Verve Card, can I spend money on websites?",668
Are there specific websites where my First Bank Verve Card can be used for online transactions?,668
What steps do I need to follow to activate my Verve Card at First Bank?,669
Can you tell me how I can set up my FirstBank Verve Card?,669
How do I go about activating my Verve card with First Bank?,669
"After getting my Verve Card, how can I activate it through First Bank?",669
What’s the process for choosing a PIN to activate my First Bank Verve Card?,669
How do I find out what my PIN is for First Bank?,671
Can you tell me what a PIN means at First Bank?,671
What is the First Bank Personal Identification Number that I need for transactions?,671
I need to know my PIN for First Bank's ATMs; could you help me?,671
What does First Bank say my PIN refers to?,671
Is it possible to use my First Bank Verve Card for online shopping on all websites?,670
Can I make purchases on international sites with my First Bank Verve Card?,670
"First Bank customers, can you tell me if the Verve card can be used on foreign websites?",670
I want to shop online; does my First Bank Verve Card work on all platforms?,670
Are there any limitations for using the First Bank Verve Card on shopping sites?,670
What are the steps to make an online purchase with First Bank?,672
Can you guide me on how to use my Verve card for shopping online at First Bank?,672
How do I complete an internet transaction using First Bank's Verve card?,672
First Bank customers: how can I shop online using my card?,672
I need information on web shopping with my First Bank Verve card; how do I do that?,672
What steps can I take to safeguard my First Bank Verve card from fraudulent activities?,673
How can I keep my First Bank Verve card safe from fraud?,673
I'm looking for tips on protecting my First Bank Verve card from theft and fraud.,673
Can you tell me how to ensure my First Bank Verve card is secure from scams?,673
What precautions should I follow to prevent fraud on my First Bank Verve card?,673
How much does First Bank charge for issuing the Platinum Debit MasterCard?,675
What is the fee associated with getting a Platinum Debit MasterCard at First Bank?,675
Can you tell me the card issuance cost for First Bank's Platinum Debit MasterCard?,675
I would like to know the issuance fee for the Platinum Debit MasterCard from First Bank.,675
"First Bank, what is the price for obtaining a Platinum Debit MasterCard?",675
What does First Bank offer in terms of a premium debit card?,674
Can you tell me about the Platinum Debit MasterCard from First Bank?,674
How does the First Bank Platinum Debit MasterCard work with my accounts?,674
Is the Platinum Debit MasterCard from First Bank the same as the Naira MasterCard?,674
What features should I know about the First Bank Platinum Debit MasterCard?,674
What do I need in terms of minimum balance to get my Platinum Debit MasterCard from First Bank?,676
Can you tell me how much I should have in my account when I apply for a card at First Bank?,676
"First Bank, what is the required balance in my account for issuing the Platinum Debit MasterCard?",676
"If I want to obtain a Platinum Debit MasterCard, how much must I keep in my First Bank account?",676
Could you explain the minimum account balance needed with First Bank when I request my card?,676
Can anyone get the Platinum Debit MasterCard from First Bank?,677
Is the Platinum Debit MasterCard available to all customers at First Bank?,677
I heard about First Bank's Platinum Debit MasterCard; can I apply for it?,677
How do I become eligible for the Platinum Debit MasterCard at First Bank?,677
Does First Bank allow all customers to have the Platinum Debit MasterCard?,677
What distinguishes the Naira MasterCard from the Platinum Debit MasterCard at First Bank?,678
Can you explain the differences between the Platinum Debit MasterCard and the Naira MasterCard offered by First Bank?,678
How does First Bank's Platinum Debit MasterCard differ from the Naira MasterCard?,678
I’m curious about the variations between the Naira MasterCard and Platinum Debit MasterCard. What does First Bank say?,678
What are the specific features that set the Platinum Debit MasterCard apart from the Naira MasterCard at First Bank?,678
What advantages do I get with the Platinum Debit MasterCard at First Bank?,679
Can you tell me about the perks of First Bank's Platinum Debit MasterCard?,679
First Bank offers a Platinum Debit MasterCard; what benefits come with it?,679
I'm curious about what First Bank's Platinum Debit MasterCard offers in terms of benefits.,679
How does the Platinum Debit MasterCard from First Bank enhance my banking experience?,679
What fees should I expect for transactions with the First Bank Platinum Debit MasterCard?,680
Can you tell me the transaction costs associated with a Platinum Debit MasterCard at First Bank?,680
"First Bank, what are the fees for web purchases and ATM withdrawals on your Platinum Debit MasterCard?",680
I would like to know if there are any fees for using the Platinum Debit MasterCard from First Bank.,680
Could you explain the transaction fees for the Platinum Debit MasterCard provided by First Bank?,680
What fee does First Bank charge for the Visa Debit Multi-Currency Card?,681
Can you tell me the issuance cost of the Visa Debit Multi-Currency Card from First Bank?,681
How much is the issuance fee for a Visa Debit Multi-Currency Card at First Bank?,681
"First Bank, what is the price for getting a Visa Debit Multi-Currency Card?",681
I'm looking for the issuance fee for the Visa Debit Multi-Currency Card at First Bank. What is it?,681
What are the fees for ATM withdrawals at First Bank ATMs?,684
Are there any charges for using First Bank's ATMs for withdrawals?,684
I want to know if First Bank ATM transactions incur any fees.,684
Is withdrawing cash from First Bank ATMs free of charge?,684
Can you tell me if transactions at First Bank ATMs have a fee?,684
What is the fee for withdrawing cash from other banks' ATMs with First Bank's debit card?,685
First Bank charges what amount for ATM withdrawals at other banks after the third one in a month?,685
Can you tell me the withdrawal charge at ATMs not owned by First Bank?,685
How much will I be charged for using an ATM that belongs to another bank with my First Bank card?,685
After how many transactions at other bank ATMs does First Bank start charging a fee?,685
What steps do I need to take to activate my Visa Debit Multi-Currency Card at First Bank?,682
Can you tell me how to set up my First Bank Visa Debit Multi-Currency Card for ATM and POS transactions?,682
I have a Visa Debit Multi-Currency Card from First Bank. How do I activate it for use at ATMs or points of sale?,682
"First Bank customers, how can I activate my Visa Debit Multi-Currency Card for transactions?",682
How can I ensure my Visa Debit Multi-Currency Card from First Bank is activated for ATM and POS use?,682
What fees does First Bank charge for withdrawing cash internationally from ATMs?,686
Can you tell me the cost for using First Bank's Visa Debit card at international ATMs?,686
How much will First Bank charge me for ATM withdrawals outside of the US?,686
"If I use my First Bank debit card at an overseas ATM, what will the withdrawal fee be?",686
"Is there an international ATM withdrawal fee with my First Bank account, and if so, how much is it?",686
What fees does First Bank charge for local web transactions?,687
Can you tell me about the cost of using local POS services with First Bank?,687
Are there any charges for local POS and web transactions at First Bank?,687
Is using a local debit card on the web free with First Bank?,687
How much does First Bank charge for transactions made via local POS?,687
What steps should I follow to activate my Visa Debit Multi-Currency Card for online payments using First Bank?,683
How can I set up my Internet PIN for my First Bank Visa Debit Multi-Currency Card to make purchases online?,683
Can you guide me on how to get my I-PIN for web transactions with my First Bank Visa Debit Multi-Currency Card?,683
I'm trying to activate my Visa Debit Multi-Currency Card for authorized online websites; how does First Bank suggest I do this?,683
What is the process First Bank recommends for generating an I-PIN on my Visa Debit Multi-Currency Card for internet purchases?,683
What are the fees for using my Visa debit card internationally with First Bank?,688
"First Bank, do I have to pay anything for transactions made on international POS or websites?",688
Can you tell me if there is a charge for international web purchases with First Bank's debit card?,688
How much does First Bank charge for transactions made abroad using my Visa debit card?,688
Is there a fee for making international purchases with my First Bank debit card?,688
What does First Bank charge for the monthly maintenance of the Naira debit card?,689
Can you tell me the monthly fee for a Visa debit card held at First Bank?,689
I want to know if there are fees for using the Euro debit card with First Bank each month.,689
Is there a maintenance fee for First Bank's Naira variant debit card?,689
How much does First Bank charge monthly for maintaining a debit card in Naira?,689
What does First Bank charge annually for maintenance on the Dollar card?,690
Can you tell me the annual fee for a Visa Debit card with First Bank?,690
First Bank customers want to know: is there a maintenance fee for the Naira card variant?,690
How much will I need to pay each year to maintain my First Bank Visa Debit Multi-Currency card?,690
Is there an annual maintenance fee associated with First Bank's Visa Debit card options?,690
How can I increase my POS/web spending limits on my Visa Debit Multi-Currency Card at First Bank?,691
I'm a customer of First Bank and I want to know if it's possible to request a limit increase for my Visa Debit Multi-Currency Card.,691
Can First Bank help me with a form to raise the POS and web limits on my Visa Debit Multi-Currency Card?,691
What steps do I need to take at First Bank to enhance my spending limits for the Visa Debit Multi-Currency Card?,691
Is there a way to ask for a higher POS/web limit on my First Bank Visa Debit Multi-Currency Card?,691
Can I apply for the Visa Debit Multi-Currency Card at First Bank without having all four account currencies?,692
What are the requirements at First Bank for getting a Visa Debit Multi-Currency Card?,692
I want the Visa Debit Multi-Currency Card from First Bank—do I need to hold all four currencies first?,692
First Bank: Is it possible to order the Visa Debit Multi-Currency Card if I only have a Naira account?,692
How does First Bank handle requests for the Visa Debit Multi-Currency Card if I don’t have every account currency?,692
Can I use my Visa Debit Multi-Currency card from First Bank for purchases worldwide with just one linked foreign account?,693
"If I only have a GBP account tied to my Visa Debit Multi-Currency card at First Bank, can I make transactions globally?",693
I want to know if First Bank allows me to transact anywhere with my Visa Debit Multi-Currency card linked to a single foreign currency account. Is that possible?,693
"With my First Bank Visa Debit Multi-Currency card linked solely to a foreign account, can I shop internationally?",693
Does First Bank permit transactions across the globe using my Visa Debit Multi-Currency card when it is only connected to one foreign currency account?,693
"Can I change the account linked to my visa debit card at First Bank when I am making transactions in USD, GBP, or EURO regions?",695
Is it possible to switch accounts for transactions within the three major currencies if I have a Visa debit card with First Bank?,695
"First Bank, can I request to have a different account used for my debit transactions in regions that use USD, GBP, or EURO?",695
"When using my First Bank Visa debit card, can I ask to swap currency accounts based on the transaction region?",695
"How does First Bank handle transactions in USD, GBP, and EURO with my linked accounts on my debit card?",695
Can I select which currency to use for my purchases at First Bank when I have three currencies linked to my card?,694
"If I have a Visa debit card from First Bank with USD, GBP, and EURO accounts, can I make transactions in any currency while traveling?",694
"When using my First Bank debit card, will transactions be deducted from my chosen account if I'm in the US, UK, or Eurozone?",694
How does First Bank handle currency selection for my debit card when I spend in different regions?,694
"Are there restrictions on which account I can use with my First Bank card when in countries that use USD, GBP, or EURO?",694
Can you explain what a Default Account means at First Bank?,696
"First Bank, what should I know about my primary account for international transactions?",696
"What is the role of a Default Account in transactions outside the USD, Euro, or GBP with First Bank?",696
"When applying for a Visa Debit Multi-Currency at First Bank, what account do I need to specify as my Default Account?",696
How does First Bank define a Default Account for cross-border transactions?,696
"If I have multiple currencies on my First Bank debit card, which account gets charged when I use it in Dubai or Ghana?",697
"When using my First Bank card in Dubai, will the payment come from my EURO, GBP, or USD account if EURO is my primary account?",697
"With First Bank's Visa debit card, what happens to my EURO account when I spend money abroad, say in Ghana or Dubai?",697
How does First Bank determine which currency account to debit when I make a transaction overseas if EURO is set as my default?,697
"When I make a purchase in Ghana using my First Bank debit card linked to USD, EURO, and GBP, which account will be deducted?",697
"What should I do to change my default account for transactions in currencies other than USD, GBP, or Euro at First Bank?",699
How can I swap my primary account for non-major currency transactions at First Bank?,699
First Bank: How do I switch my Default Account when I'm using currencies outside of those top three?,699
"If I'm abroad, how do I request a change in my primary account with First Bank for different currencies?",699
Can First Bank help me with swapping my Default Account for transactions in other currencies?,699
What should I do if I need more information from First Bank?,700
How do I reach out to First Bank for additional inquiries?,700
"If I have questions about my Visa Debit card, who can I talk to at First Bank?",700
Can someone tell me how to contact First Bank for further assistance?,700
Where can I go for help with my account at First Bank?,700
What steps do I take to customize my card with First Bank?,701
"First Bank, how can I make my card more personal?",701
Is there a way to personalize my card at First Bank?,701
How do I go about personalizing my First Bank card?,701
Can you guide me on personalizing my card through First Bank's website?,701
How long will it take for my card design to be ready at First Bank?,702
What steps do I need to follow after I submit my card design to First Bank?,702
"Can I pick up my card from First Bank after designing it, and when would that be?",702
First Bank has my card design submitted; what happens next?,702
What do I have to do to complete my card request at First Bank after submission?,702
What happens at First Bank if I use my Visa debit card in the UK with USD and Euro accounts?,698
"If I’m a First Bank customer with both US dollars and euros on my debit card, which account will be charged when I make a purchase in the UK?",698
I’m trying to understand how transactions work with First Bank’s Visa Debit Multi-Currency — which account gets used if I spend in the UK with USD and Euro linked?,698
Can you explain how First Bank debits my account in a foreign country if I have USD and Euro on my Visa debit card?,698
"When using my First Bank Visa Debit card abroad, which currency will be deducted if I have USD and Euro?",698
What are the image format requirements for uploading pictures to First Bank?,703
Can I find out the size restrictions for images when using First Bank's card services?,703
"First Bank, what types of image files can I use for my card, and are there any size limits?",703
Is there a specific resolution and maximum file size for images I need to upload to First Bank?,703
What formats and sizes should my pictures be in for them to work with First Bank?,703
What kind of images can I use for my First Bank card?,704
Are celebrity pictures allowed on cards from First Bank?,704
"Can I customize my First Bank card with any image I want, such as a famous person?",704
"First Bank has image guidelines for cards, what do they say about acceptable images?",704
"Is it possible to feature a celebrity on my card with First Bank, or are there restrictions?",704
Can I share a photo of my loved ones with First Bank's card service?,705
Is it allowed to upload images of friends or family members at First Bank?,705
I’m with First Bank; can I put my family pictures on my card if I have approval?,705
"First Bank, can I add a picture of my friends or family to my account?",705
What are the rules for uploading personal images like family photos on First Bank cards?,705
How can I preview my card design before it's finalized at First Bank?,707
Can I view what my card from First Bank will look like before it gets processed?,707
"At First Bank, is there a way to see a mockup of my card design before submission?",707
What options are available for previewing my card at First Bank before the order is completed?,707
Is it possible to check the design of my card at First Bank before my request is approved?,707
Can I still use my First Bank Naira MasterCard while I wait for a replacement card?,706
Is it acceptable to use my current MasterCard from First Bank until my new card arrives?,706
"While waiting for my new card, can I rely on my First Bank Naira MasterCard?",706
Does First Bank allow the use of existing MasterCard cards during the waiting period for new ones?,706
"If my First Bank card is on the way, can I use my old Naira MasterCard in the meantime?",706
How long will it take for my card from First Bank to be ready for collection?,708
"First Bank, when can I expect to pick up my new card?",708
Can you tell me the timeline for when my card will be available at First Bank?,708
What’s the process and time frame for collecting my new card from First Bank?,708
First Bank: How quickly will my card be ready after I apply for it?,708
What should I do next after my Reference ID is created at First Bank?,711
"After getting my Reference ID for a debit card at First Bank, what's my next step?",711
"First Bank, can you tell me what to do once I have my Reference ID?",711
I'm at First Bank and just received my Reference ID. What am I supposed to do now?,711
Can someone from First Bank guide me on the steps after my Reference ID has been generated?,711
What is the process for receiving my debit card at First Bank?,712
Will I have to visit a branch to pick up my card from First Bank?,712
How do I obtain my debit card with First Bank; do I need to go to the branch?,712
"First Bank, will my debit card be delivered to me, or do I need to go in person?",712
"If I request a debit card from First Bank, do I still have to go to the branch to get it?",712
Can I keep using my old debit card while my Expressions on Card is being processed by First Bank?,709
First Bank: Is it okay to use my current debit card until my new Expressions on Card comes in?,709
"While I wait for my Expressions on Card, can I still use my existing debit card from First Bank?",709
I’m waiting for my Expressions on Card from First Bank; can I continue using my old card in the meantime?,709
Does First Bank allow me to use my old debit card until I collect my Expressions on Card?,709
How quickly can I expect to receive my debit card from First Bank?,714
What is the processing time for getting a First Bank debit card?,714
"If I request a debit card at First Bank, how long will it take to arrive?",714
Could you tell me the delivery time for the Expressions card at First Bank?,714
First Bank: how soon will my debit card be delivered after I apply?,714
What do I need to bring to the First Bank branch to collect my debit card?,713
Can you let me know the requirements for getting my card at First Bank?,713
I need my debit card from First Bank; what documents must I provide at the branch?,713
"At First Bank, what should I present in person to receive my debit card?",713
"When visiting First Bank to pick up my debit card, what do I need to show?",713
What steps do I follow to request a debit card through First Bank's FirstMobile app?,710
Can you guide me on how to apply for a debit card with First Bank?,710
"I need to know how to request a debit card on FirstMobile for my First Bank account, what should I do?",710
How can I get a debit card from First Bank using the FirstMobile application?,710
"Where do I find the option to request a debit card on First Bank's FirstMobile app, and what is the process?",710
What are the pickup hours for my debit card at First Bank?,715
Can you tell me when I can collect my First Bank card?,715
I need to know First Bank's timings for debit card pickup. What time can I go?,715
When is the best time to visit First Bank to pick up my card?,715
At what times can I go to the branch to retrieve my card from First Bank?,715
Can I request a Debit card if I’m new to First Bank and haven’t received one yet?,716
"As a new user with no Debit card, how do I activate FirstMobile with First Bank?",716
I’m new to First Bank and don’t have a Debit card; am I still able to request one?,716
What happens if I want to use FirstMobile at First Bank but currently don’t have a Debit card?,716
Is it possible to apply for a Debit card as a new First Bank user without having one already?,716
Can I still use the First Bank app to request a new card if my current one is expired?,717
Is it possible to make a debit card request through the app for my First Bank account even if my card has expired?,717
"If my First Bank debit card has expired, will I be able to request a new card using the app?",717
What should I do with the First Bank app if my debit card is no longer valid due to expiration?,717
Do I need a valid debit card to use the First Bank app for requesting a replacement?,717
"If I lost my debit card and it's been hotlisted, can I still make a request on the First Bank platform?",718
Can I access First Bank's online services for requests if my card was reported stolen?,718
"I hotlisted my card after it went missing, is it possible to use First Bank's system to submit my request?",718
What should I do to request access on First Bank's platform after my debit card was stolen and hotlisted?,718
"After reporting my debit card as missing to First Bank, can I still log in to request a new one?",718
Can I use FirstMobile to request a new debit card if I already have one from First Bank?,719
"I currently have a debit card with First Bank. If I ask for another card of the same type on FirstMobile, what happens?",719
Does First Bank allow me to order the same debit card type through the FirstMobile app if I already have a card?,719
"If I have an existing debit card with First Bank, will that card be deactivated if I request a replacement of the same type?",719
Is it possible to request another card of the same type via FirstMobile while still holding my existing card with First Bank?,719
Does First Bank charge anything additional for requesting a debit card?,720
I want to know if there are fees with my First Bank debit card service.,720
Are there any extra fees involved when getting a card from First Bank?,720
Can you tell me if using the First Bank debit card request service incurs any costs?,720
"What is the cost for a debit card issuance with First Bank, if any?",720
How can I cancel a debit card request I mistakenly made with First Bank?,721
I made an error and want to withdraw my debit card request at First Bank. What should I do?,721
What steps should I take to cancel my card application at First Bank?,721
"If I accidentally requested a card through First Bank, how can I go about cancelling that request?",721
Can someone guide me on how to cancel a debit card request at First Bank?,721
What’s the process to get a Visa Prepaid Card at First Bank?,722
Can I apply for my prepaid card at First Bank branches?,722
How can I get my prepaid card from First Bank?,722
"Is it possible to apply for a prepaid card at First Bank, and if so, how?",722
Where do I go at First Bank to apply for my card?,722
What are the options for depositing money onto my First Bank prepaid card?,723
"Can I add funds to my card at First Bank, and if so, how?",723
How can I load cash onto my First Bank Visa prepaid card?,723
Is it possible to transfer money to my First Bank prepaid card from another bank?,723
What methods does First Bank offer to fund my prepaid Visa card?,723
What are the ways to check my account balance for my First Bank card?,724
Can I view my card details using First Bank’s services?,724
How can I find out how much money is left on my First Bank prepaid card?,724
Is there a way to access my First Bank card account info online?,724
What steps should I follow to check my First Bank card balance at an ATM?,724
Does First Bank send text alerts for each transaction I make on my prepaid card?,725
"When I use my Visa prepaid card from First Bank, will I receive SMS notifications about my transactions?",725
Can I expect to get an SMS notification from First Bank after completing a transaction with my prepaid card?,725
Is it true that First Bank cardholders receive SMS updates for every transaction they perform?,725
What kind of notifications does First Bank provide for transactions made with the Visa prepaid card?,725
Can I use my First Bank Visa prepaid card internationally?,727
Is it possible to use a prepaid card from First Bank when traveling abroad?,727
I want to know if First Bank cards can be used outside of Nigeria.,727
Does First Bank allow the use of its prepaid card in other countries?,727
What are the rules for using a First Bank prepaid card overseas?,727
Can I connect my First Bank Prepaid Card to my existing accounts?,728
What accounts can I link with my First Bank Prepaid Card?,728
Is there a way to tie my current accounts to a prepaid card from First Bank?,728
I heard about First Bank's Prepaid Card; does it allow linking to personal accounts?,728
Does First Bank offer the option to attach my existing bank accounts to their Prepaid Card?,728
What is the process to receive my monthly card statement from First Bank?,726
Can you tell me how I can obtain my prepaid card statement with First Bank?,726
"First Bank customers, how do I get my prepaid card statements delivered?",726
How does First Bank send out monthly statements for my prepaid card?,726
"I want to find out when First Bank sends the card statements to my email, how does that work?",726
What is the highest amount I can load onto my First Bank Visa prepaid card?,729
Can you tell me the limit for loading funds on my prepaid card from First Bank?,729
"First Bank, how much money can I actually load onto my Visa prepaid card?",729
I want to know the maximum load on First Bank's prepaid Visa card; what is it?,729
What’s the quarterly loading limit for my prepaid card with First Bank?,729
Does First Bank allow customers to request an increase in their prepaid card spending limit?,730
I’m a cardholder at First Bank; is it possible to raise my spending limit?,730
Can I ask First Bank to enhance the spending cap on my Visa prepaid card?,730
What is First Bank's policy regarding increasing the spending limits on prepaid cards?,730
"If I request it, will First Bank raise my prepaid Visa card limit?",730
Does First Bank require a minimum balance or charge any annual fees for the Visa prepaid card?,731
What are First Bank's policies regarding minimum balances and maintenance fees for prepaid cards?,731
Can you tell me if First Bank has any fees or balance requirements for their Visa prepaid card?,731
I’m curious if there are any annual maintenance fees or minimum balance limits with a First Bank Visa prepaid card?,731
Are there any fees or minimum balance requirements for the Visa prepaid card from First Bank?,731
What are the options to load money onto my Verve Prepaid Card at First Bank?,734
"At First Bank, how can I add funds to my Verve Prepaid Card?",734
Can you tell me how to fund my Verve Prepaid Card with First Bank?,734
How can I transfer money to my Verve Prepaid Card using First Bank services?,734
"I need to know how to top up my Verve Prepaid Card, does First Bank offer any methods?",734
Do I need to be a First Bank customer to apply for a Verve Prepaid Card?,733
Can someone without an account at First Bank get a Verve Prepaid Card?,733
What are the requirements to get a Verve Prepaid Card from First Bank?,733
Is it possible to obtain a Verve Prepaid Card if I'm not a First Bank account holder?,733
Does First Bank allow non-customers to purchase a Verve Prepaid Card?,733
What steps do I need to take to get a Verve Prepaid Card from First Bank?,732
"Can I apply for a Verve Prepaid Card at First Bank, and if so, how?",732
"First Bank, where can I go to apply for my Verve Prepaid Card?",732
How can I get a Verve Prepaid Card with First Bank?,732
"If I want a Verve Prepaid Card, do I need to visit a First Bank branch?",732
What is the process for checking my balance on my Verve Prepaid Card from First Bank?,735
Can I find out how to check the balance of my First Bank Verve Prepaid Card?,735
"First Bank customers, how can we verify the balance on our Verve Prepaid Card?",735
"I'm looking for information on checking my Verve Prepaid Card balance with First Bank, can you help?",735
Where can I check the balance of my Verve Prepaid Card issued by First Bank?,735
How do I request a statement for my Verve Prepaid Card at First Bank?,736
What is the process to get my Verve Prepaid Card statement through First Bank?,736
Can I obtain a statement for my Verve Prepaid Card at First Bank branches?,736
"First Bank, how can I ask for my Verve Prepaid Card statement?",736
Is there a way to get my Verve Prepaid Card statement from First Bank customer service?,736
Is it possible to use the Verve Prepaid Card issued by First Bank outside of Nigeria?,737
Can I take my First Bank Verve Prepaid Card for purchases abroad?,737
What are the limitations of the First Bank Verve Prepaid Card regarding international use?,737
"If I have a First Bank Verve Prepaid Card, can I use it while traveling outside Nigeria?",737
Does First Bank allow the Verve Prepaid Card to be used internationally?,737
Does First Bank require a minimum balance or charge an annual fee on the Verve Prepaid Card?,738
What are the balance and fee requirements for First Bank's Verve Prepaid Card?,738
Is there an annual maintenance fee or a minimum balance for the Verve Prepaid Card at First Bank?,738
Can you tell me if First Bank has any fees or balance requirements for the Verve Prepaid Card?,738
I'm curious about whether First Bank's Verve Prepaid Card has any minimum balance or yearly maintenance fees.,738
What are the qualifications for getting a home loan at First Bank?,739
Can you tell me who can apply for a home loan with First Bank?,739
I'm looking to get a home loan; who qualifies at First Bank?,739
"First Bank, what do I need to have to be eligible for a home loan?",739
Are there specific income requirements for home loans at First Bank?,739
What’s the lowest mortgage amount I can get with First Bank?,740
Can you tell me the minimum mortgage loan available at First Bank?,740
How much is the minimum I can borrow for a mortgage with First Bank?,740
"First Bank, what’s the smallest amount I can apply for with a home loan?",740
I’m interested in mortgage loans; could you let me know the minimum loan sum at First Bank?,740
What is the largest mortgage amount I can get from First Bank?,741
Can you tell me the maximum mortgage loan limit at First Bank?,741
How much money can I borrow for a home loan with First Bank?,741
"First Bank, what’s the highest amount I can expect for a mortgage?",741
"Is there a cap on home loans from First Bank, and if so, what is it?",741
Can you tell me the maximum duration for a home loan with First Bank?,742
What is the longest term I can get for a personal loan at First Bank?,742
"First Bank, how many years can I borrow money for a home mortgage?",742
What’s the loan period for personal home loans I can expect from First Bank?,742
"If I want a home loan, what’s the allowed tenure at First Bank?",742
What is the down payment requirement for a home loan with First Bank?,743
Do I need to put any money down when borrowing from First Bank for a house?,743
Can you tell me about First Bank's policy on down payments for personal home loans?,743
How much do I need to pay upfront when I take out a home loan at First Bank?,743
Is there a specific percentage for down payments on properties through First Bank?,743
Can I package a joint mortgage for my spouse with First Bank?,745
"First Bank, do you allow spouses to have a joint mortgage together?",745
Is it possible for spouses to arrange a joint mortgage at First Bank?,745
How does First Bank handle joint mortgages for married couples?,745
Are joint mortgages available for spouses through First Bank?,745
What do I need to provide to First Bank to apply for a home loan?,744
Can you tell me the necessary documents First Bank requires for a home loan application?,744
First Bank: what paperwork should I prepare for getting a mortgage?,744
I'm looking to get a home loan at First Bank—what documents will I need to submit?,744
What are the requirements for home loan documentation at First Bank?,744
What are the ways to pay off my loan with First Bank?,747
Can you tell me about how I should repay a loan at First Bank?,747
"First Bank customers, how can I manage my loan repayments?",747
How does First Bank expect me to handle my loan repayment?,747
Is the loan repayment process at First Bank based on my income?,747
What kind of collateral do I need for a loan with First Bank?,746
Can you tell me what security I must provide for a home loan at First Bank?,746
"First Bank, what are the requirements for property security when taking out a loan?",746
"When applying for a personal home loan with First Bank, what collateral will I have to offer?",746
Is there specific security or collateral I should prepare for a loan from First Bank?,746
Do I have to have a First Bank account to manage my home loan?,749
Is it necessary to open a First Bank account in order to service my loan?,749
Can I service my loan without having an account with First Bank?,749
Do I need to open an account at First Bank to handle my personal home loan?,749
What do I need from First Bank to access and manage my loan - is an account required?,749
Can I pay down my loan early at First Bank?,748
Does First Bank allow loan payments to be reduced before the end date?,748
I want to know if I can pay off my loan in advance with First Bank.,748
Is it possible to make payments on my loan before it matures at First Bank?,748
After how long can I start paying down my loan with First Bank?,748
What types of home loans can I get at First Bank?,751
Can you tell me about the various home loan options available through First Bank?,751
First Bank offers what kinds of mortgages for buying a home?,751
"If I want to build a home, what loan options does First Bank provide?",751
I am looking to refinance; what home equity loans does First Bank have?,751
What are the steps I need to follow to get a mortgage loan from First Bank?,750
Can you tell me the process First Bank uses for mortgage loan applications?,750
How does First Bank handle the stages of mortgage loan approval?,750
I need to know the phases involved in securing a mortgage with First Bank. What are they?,750
"First Bank, what are the different stages in applying for a mortgage loan?",750
Can First Bank help me get a loan for a house that's still being built?,752
What options does First Bank offer for financing an unfinished construction?,752
"If I have an incomplete building, can I still get a home loan with First Bank?",752
I'm curious if First Bank provides loans for properties that are not fully completed. Is that possible?,752
Can I secure a construction loan through First Bank for my uncompleted home project?,752
What is the best way to get a home loan with First Bank?,753
How can I request a home loan from First Bank?,753
"If I want a home loan, where should I go at First Bank?",753
Can you tell me how I can apply for a home loan at First Bank?,753
Where can I visit First Bank to discuss a home loan?,753
How can I get help from First Bank to choose a suitable home?,754
I heard First Bank has options for finding properties; can you tell me more?,754
Can First Bank help me find a home that meets my needs?,754
What assistance does First Bank offer in selecting a property to buy?,754
I'm looking to purchase a home; can First Bank assist me with that?,754
What extra fees should I expect with my First Bank home loan besides the interest?,755
Does First Bank charge anything other than the interest rate for home loans?,755
I want to know if there are additional costs for a home loan from First Bank besides the listed interest rate.,755
"When taking out a home loan at First Bank, are there any other charges I need to be aware of?",755
Can you tell me if there’s more to pay besides the interest rate with First Bank home loans?,755
Can my spouse be a co-applicant for a loan at First Bank?,756
Who is eligible to apply as a co-borrower when getting a loan from First Bank?,756
"If I want to take out a loan with First Bank, can I include my husband or wife as a co-applicant?",756
"At First Bank, are there specific requirements for co-applicants when applying for a personal loan?",756
Are spouses allowed to join as co-applicants on a loan at First Bank?,756
Who can apply for a joint mortgage at First Bank?,759
"At First Bank, which professionals are eligible for joint mortgage ownership?",759
Can registered partners become joint obligors for a mortgage with First Bank?,759
What are the qualifications for joint mortgage applicants at First Bank?,759
"If I bank with First Bank, who else can I include as a joint mortgage partner?",759
Can First Bank customers who are self-employed apply for a joint mortgage with their employed spouse?,757
Is it possible for a person with a self-employment status at First Bank to get a joint mortgage with their spouse who has a regular job?,757
"First Bank, can my self-employed partner team up with me for a joint mortgage if I'm employed?",757
I have a self-employed income and I'm banking with First Bank. Can I go for a joint mortgage with my spouse who is in employment?,757
What are the requirements for a self-employed person banking with First Bank to qualify for a joint mortgage with their spouse?,757
Are couples who both work for First Bank eligible for the joint mortgage program?,758
Does First Bank allow two legitimate partners from the same workplace to apply for a joint mortgage?,758
"Can my partner and I, who are both employed by First Bank, participate in this mortgage option?",758
Is it permissible for couples working at First Bank to utilize the joint mortgage facility?,758
"If my partner and I work at the same place, is it okay to get a joint mortgage with First Bank?",758
Can I get an auto loan from First Bank if my salary account is with a different bank?,760
Does First Bank offer auto loans to customers who bank elsewhere?,760
I have a salary account with another bank; can I still apply for an auto loan at First Bank?,760
Is it necessary to have a First Bank salary account to qualify for an auto loan?,760
What are the eligibility requirements for an auto loan at First Bank regarding salary accounts?,760
Does First Bank allow loans for used cars?,761
I'm at First Bank and want to know if I can use my loan for a pre-owned vehicle.,761
Can I purchase a second-hand vehicle with an automobile loan from First Bank?,761
"First Bank, are loans provided only for new cars or can they also cover used ones?",761
"If I apply for an automobile loan at First Bank, will it cover used vehicles as well?",761
Is the premium for credit insurance a requirement when I take out an automobile loan with First Bank?,762
What does First Bank say about the necessity of credit life and car insurance premiums for auto loans?,762
Do I need to have credit insurance when I get an auto loan at First Bank?,762
"When financing a vehicle through First Bank, is it mandatory to pay for credit insurance?",762
Can you tell me if First Bank requires credit insurance premiums for their automobile loan products?,762
Does First Bank require comprehensive insurance for financed vehicles?,764
I’m looking to get a car loan with First Bank; do I need to have insurance on the vehicle?,764
What are the insurance requirements for vehicles financed through First Bank?,764
Is vehicle insurance a must when I finance a car at First Bank?,764
Can you tell me if I need to insure my car when taking out a loan with First Bank?,764
Do I have to buy my car from a vendor on the First Bank approved list?,763
Is it necessary to choose a vehicle from First Bank's list of pre-approved vendors?,763
"When getting a loan from First Bank, am I required to purchase my vehicle from the recommended vendors?",763
"Can I buy a car from any dealer, or does First Bank insist on using their approved vendor list?",763
Is First Bank's pre-approved vendor list mandatory for my vehicle purchase?,763
Can I get a personal loan at First Bank if my salary account is with another bank?,765
Is First Bank offering personal loans only for its own salary account holders?,765
I have my salary account elsewhere; can I still apply for a personal loan from First Bank?,765
Are personal loans against salary at First Bank limited to customers with First Bank accounts?,765
"If my salary is paid into a different bank, can I still access a personal loan from First Bank?",765
Can you tell me what the Agent Credit service is at First Bank?,766
What does First Bank mean by 'Agent Credit'?,766
I need to understand the Agent Credit option offered by First Bank.,766
How does First Bank's Agent Credit work for immediate money needs?,766
What is the purpose of Agent Credit at First Bank?,766
What is the maximum credit amount I can get from First Bank?,767
"At First Bank, how much can I borrow at most?",767
Can you tell me the limit on access to funds for First Bank customers?,767
I'm curious about First Bank's policy on the highest amount I can access—what is it?,767
First Bank has a daily average credit turnover; how much can I access based on that?,767
What interest rate does First Bank offer on their loan products?,769
Can you tell me the flat interest rate for loans at First Bank?,769
First Bank's interest rate on credit products — what is it?,769
I'm looking for information on the interest rate at First Bank for credit services; what is it?,769
Could someone at First Bank explain the flat interest rate applied to loans?,769
What are the loan terms at First Bank for borrowing on weekdays?,768
Can you tell me the maximum loan duration at First Bank for a weekend request?,768
How long can I expect a loan from First Bank to last if I apply on a weekday?,768
"At First Bank, what is the longest time frame for a loan processed during holidays?",768
"If I take a loan from First Bank, when will the funds be available if I apply on a Saturday?",768
How quickly can I expect my account to be credited after I apply with First Bank?,771
What is the timeframe for my account crediting once I submit my application to First Bank?,771
"First Bank, how long does it take for my funds to show up in my account after applying?",771
"If I apply for a loan at First Bank, how soon will the money be deposited into my account?",771
"After applying for a loan, how fast will First Bank credit my account?",771
Does First Bank charge any additional fees for accessing services?,770
I want to know if there are extra costs at First Bank when I use their service.,770
What fees can I expect when using First Bank's service?,770
"In First Bank’s service, is there an annual insurance fee I should be aware of?",770
Can you tell me about any extra charges with the service at First Bank?,770
What’s the process to apply for a loan with First Bank?,772
Can I get a loan through the Firstmonie App from First Bank?,772
"I want to know how to apply for a loan at First Bank, what should I do?",772
How does one go about applying for a loan at First Bank using their app?,772
Is there a way to apply for a loan via the First Bank app called Firstmonie?,772
How long do I need to be an Active Agent at First Bank before I can apply for a loan?,773
I'm an Agent with First Bank — what's the minimum time I need to be active to qualify for a loan?,773
"First Bank, do I have to wait a certain period as an Agent before applying for a loan?",773
Can I find out the required duration of being an Agent at First Bank before I can submit a loan application?,773
What’s the time requirement for Agents at First Bank to be eligible for loan applications?,773
Can I submit applications for multiple stores at once with First Bank?,775
"First Bank, do you allow applying for all my store accounts together?",775
Is it possible to apply for my various stores simultaneously at First Bank?,775
I want to know if First Bank lets me apply for multiple store accounts at the same time?,775
"When applying through First Bank, can I do so for all my store accounts in one go?",775
What are the consequences if I miss a loan payment with First Bank?,776
"If I don't pay my loan on time, what actions will First Bank take?",776
Can you tell me what happens to my accounts with First Bank if I fail to repay my loan?,776
"As a customer of First Bank, what should I expect if my loan payment is overdue?",776
Will First Bank withdraw my Agent License if I neglect to pay my loan?,776
Can I use my Attendant PIN for loan access at First Bank?,774
What PIN do I need to access loans at First Bank?,774
"First Bank customers, can the Attendant PIN unlock loans?",774
Is the ADMIN Pin the only way to access loans at First Bank?,774
"When trying to access a loan, should I use the Attendant or ADMIN Pin with First Bank?",774
How many times can I take out a loan from First Bank in one day?,777
Can I access my First Bank loan multiple times within 24 hours?,777
What is the limit for accessing my loan at First Bank every 24 hours?,777
"If I have access to a loan, how often can I use it within a day at First Bank?",777
Is there a restriction on how many loans I can access from First Bank in a 24-hour period?,777
What advantages does First Bank offer with their Agent Credit program?,778
Can you tell me about the benefits of using Agent Credit at First Bank?,778
How can First Bank's Agent Credit help in funding transactions?,778
What features make Agent Credit a good option for customers at First Bank?,778
"As a customer of First Bank, what perks come with the Agent Credit service?",778
Can First Bank approve a loan if my identification card has expired?,779
I'm a customer at First Bank; will I be able to get a loan with an expired ID?,779
First Bank’s policy on loans: Do I need a valid ID to secure one?,779
"If my ID card is out of date, does First Bank still allow me to apply for a loan?",779
What does First Bank say about getting a loan with an expired identification card?,779
Is it possible to get a loan from First Bank if my account shows a negative balance?,780
Can I qualify for a loan with a debit balance in my First Bank account?,780
"First Bank customers, can I still apply for a loan if I'm in the red?",780
What happens if my First Bank account is overdrawn? Can I still access a loan?,780
"If I have a debit balance at First Bank, am I eligible for a loan?",780
"If I already have loans, can I get more from First Bank?",781
First Bank rules: Am I eligible for a new loan with existing debt?,781
Can I apply for additional credit at First Bank while having current loans?,781
I want to know if First Bank allows more loans when I have existing facilities?,781
Is it possible to access further loans from First Bank if I've already borrowed?,781
Who is eligible for the secured overdraft at First Bank?,783
Can small and medium businesses take advantage of First Bank's secured overdraft service?,783
What types of businesses qualify for the secured overdraft product offered by First Bank?,783
Is there a specific annual turnover requirement for accessing First Bank's secured overdraft facility?,783
First Bank's secured overdraft - who can use it?,783
What is the maximum amount I can get from First Bank under the secured overdraft program?,784
Can you tell me how much First Bank will allow me to borrow through their secured overdraft scheme?,784
How does First Bank determine the amount for the secured overdraft facility?,784
"If I want a secured overdraft from First Bank, how much money can I access?",784
What factors does First Bank consider for the cashflow amounts in the secured overdraft application?,784
"If I still owe money for a loan with First Bank, can I get a loan from a different store?",782
"With First Bank, am I allowed to take out a loan elsewhere if my previous one isn’t fully repaid?",782
Can I apply for another loan at a different store while I have an outstanding loan with First Bank?,782
Is it possible to access a loan at another store if I haven’t yet paid off my First Bank loan completely?,782
"First Bank customers, can I borrow money from another store even if I haven’t finished paying off my existing loan?",782
Does First Bank require properties to have valid title documents for collateral?,786
What kind of ownership documents do I need to provide to First Bank if I'm using property as collateral?,786
"First Bank, do I need to have official title papers for my property to meet collateral requirements?",786
"If I want to use a property for a secured overdraft with First Bank, what documentation is necessary?",786
Can you tell me if First Bank accepts properties as collateral without valid title documents?,786
Does First Bank need collateral for their secured overdraft service?,785
I’m curious if First Bank requires any collateral when applying for an overdraft.,785
What type of collateral does First Bank ask for when I want a secured overdraft?,785
Can you tell me if First Bank asks for real estate or other assets as collateral for overdraft loans?,785
"When I inquire about a secured overdraft with First Bank, will they require me to provide collateral?",785
Does First Bank allow large companies to secure overdrafts over N20 million?,787
I want to know if First Bank offers more than N20 million in overdraft for big businesses.,787
Can big businesses get access to overdrafts exceeding N20 million with First Bank?,787
Is it possible for a major corporation to obtain a secured overdraft larger than N20 million from First Bank?,787
What’s the policy of First Bank regarding overdrafts over N20 million for large enterprises?,787
What steps do I need to take to apply for a secured overdraft at First Bank?,788
Can I get information on how to apply for this facility at First Bank?,788
I'm looking to apply for the secured overdraft; where do I go at First Bank?,788
How do I go about applying for secured overdraft services with First Bank?,788
Where can I apply for the secured overdraft feature at First Bank?,788
Can I source a supply order from any company if I'm with First Bank?,789
"First Bank customers, do supply orders have to be from approved providers?",789
Is it necessary for supply orders to come from specific companies when dealing with First Bank?,789
"When using First Bank, can I use suppliers that aren't approved for my orders?",789
What are the requirements for supply orders according to First Bank?,789
Does First Bank require any type of collateral for financing?,790
"I’m curious, does First Bank ask for collateral when obtaining a loan?",790
"When dealing with First Bank, will I need to provide collateral for my business loan?",790
Can you tell me if First Bank necessitates collateral for their contract finance services?,790
Is there a requirement for collateral at First Bank when securing business financing?,790
Can new customers access secured term loans at First Bank?,791
Does First Bank offer secured term loans only for existing clients?,791
I’m wondering if First Bank's secured term loans are available to newcomers as well.,791
Are secured term loans from First Bank exclusively for current customers?,791
What’s the policy at First Bank regarding secured term loans for new customers?,791
What qualifications do I need for financing through First Bank?,795
Can you tell me how to qualify for the First Bank Cement Distributorship Finance?,795
I want to know what is required to get this finance facility at First Bank. Any information?,795
First Bank customers: what evidence do I need to show to qualify for this finance option?,795
"If I'm looking for distributorship finance from First Bank, what do I need for eligibility?",795
Can I apply for finance at First Bank even if I don't have an existing account?,796
What are the requirements for financing from First Bank? Do I need to be a current customer?,796
Is it necessary to be a First Bank customer to qualify for Cement Distributorship Finance?,796
I’ve never banked with First Bank before; can I still get a finance option with you?,796
Do I need to have an account with First Bank for at least 6 months to access your financing services?,796
Can First Bank approve a loan over N40 million for large corporations?,792
Is it possible for a significant business to secure more than N40 million at First Bank?,792
What are First Bank's requirements for big businesses seeking loans greater than N40 million?,792
I'm curious if First Bank allows large companies to borrow amounts exceeding N40 million?,792
Does First Bank have the discretion to offer loans above N40 million to larger businesses?,792
Can I make a partial remittance for my bills of collection at First Bank?,793
What does First Bank say about sending partial payments on bills of collection?,793
Is it possible to remit only part of the amount for bills of collection with First Bank?,793
How does First Bank handle partial remittances for collection bills?,793
"According to First Bank, do I have to remit the full amount for bills of collection right away?",793
What is the longest duration for which a Letter of Credit can be valid according to First Bank?,794
"First Bank, how long can an LC last before it expires?",794
Can you tell me the maximum expiry period for Letters of Credit at First Bank?,794
I need to know the validity period of an LC issued by First Bank. What are the limits?,794
How long do Letters of Credit remain active with First Bank before needing an extension?,794
What are the requirements from First Bank for someone looking to get financed as a cement distributor?,797
I want to know if First Bank requires prior experience to finance cement distribution. Can you help?,797
Do I need experience as a cement distributor to get financing from First Bank?,797
"First Bank, do I have to have been a cement distributor for a certain time to qualify for financing?",797
Is it necessary to have at least one year of experience as a cement distributor for financing at First Bank?,797
Does First Bank require any kind of collateral when applying for an APG?,799
I want to know if I need to provide collateral for the APG at First Bank.,799
Is it necessary to have collateral for the APG offered by First Bank?,799
Can I get an APG from First Bank without needing to provide collateral?,799
What are the collateral requirements for the APG at First Bank?,799
What are the requirements for financing from First Bank if I want to be a petroleum dealer?,801
First Bank financing—do I need prior experience in the petroleum business?,801
Is it necessary to have worked as a petroleum product dealer for a while to get funded by First Bank?,801
Can First Bank provide finance to someone without any prior petroleum dealership experience?,801
How long do I need to have been a petroleum dealer to qualify for financing with First Bank?,801
Can I access bond services at First Bank without being an account holder?,798
Is it necessary to have an account with First Bank to apply for a guarantee?,798
"To use First Bank's bond options, do I need to have an existing account with them?",798
I want to know if First Bank requires you to be a customer for their bond services.,798
"Do I need to be a First Bank client to get a guarantee, or can I use another bank's proof?",798
Can I use an Operational Vehicle Loan from First Bank to buy a car for my business?,802
Does First Bank allow the use of their Operational Vehicle Loan for commercial automobile purchases?,802
I’m considering an Operational Vehicle Loan with First Bank; can it cover vehicles for business use?,802
What are the restrictions on using an Operational Vehicle Loan from First Bank for commercial vehicles?,802
Is it permitted by First Bank to purchase automobiles for business purposes with the Operational Vehicle Loan?,802
What are the requirements for financing as a telecommunications dealer with First Bank?,800
Can First Bank provide financing if I haven't been a telecoms dealer for at least six months?,800
How long do I need to have worked as a telecom dealer to qualify for financing from First Bank?,800
"If I'm looking for funding from First Bank, do I need previous experience in telecommunications sales?",800
Is it necessary to have prior experience as a telecom dealer to get financial assistance from First Bank?,800
Can I insure a vehicle purchased with a loan from First Bank through an insurance company of my choice?,803
"First Bank customers, do I have to use specific insurance brokers for my loan vehicle insurance?",803
"If I buy a car with a loan from First Bank, can I select my preferred insurance provider?",803
"Is it possible for me, as a First Bank loan beneficiary, to choose my own insurance agent for the vehicle?",803
What are the insurance requirements for a vehicle loan at First Bank?,803
Does First Bank provide financing options for used vehicles that are in fair condition?,804
I heard First Bank doesn't finance used cars; is that true?,804
Can I get a loan for a car that's been previously owned through First Bank?,804
What is First Bank's policy on financing fairly used vehicles?,804
Are vehicles that are used but not new eligible for financing at First Bank?,804
How much funding can a school obtain from First Bank with the FirstEdu Loan?,807
What is the maximum loan amount available for educational institutions through First Bank?,807
Can you tell me the highest loan that First Bank provides for schools under their loan program?,807
I'm curious about the loan limits for schools at First Bank; what's the top amount they can borrow?,807
What is the maximum education loan amount that First Bank offers to schools?,807
Can First Bank help with loans for building educational facilities?,806
What kind of financing does First Bank offer for school construction?,806
I need a loan from First Bank to build a school - is that possible?,806
Does First Bank have options for constructing school buildings with their loan facilities?,806
"If I want to improve a school facility, can I use First Bank's loans for that purpose?",806
What times of the year can schools submit applications for the First Bank loan facility?,808
"First Bank allows schools to apply at any time, right?",808
Can you tell me if First Bank has specific times when schools can apply for their loans?,808
I'm curious about the application periods for schools at First Bank—when can they apply?,808
Is it true that schools can apply for loans from First Bank all year round?,808
Does First Bank require schools to use their properties as collateral when taking out a loan?,805
What are the collateral requirements for loans from First Bank regarding school fees?,805
"If I take a loan from First Bank, will the school need to use its property as security?",805
Can you tell me if First Bank mandates schools to offer their properties as collateral for loans?,805
"When applying for a school loan with First Bank, is property collateral necessary?",805
What does First Bank offer for LGA revenue overdrafts?,809
How can First Bank help local governments with their capital needs?,809
First Bank provides financing for working capital; can you tell me more about that?,809
I need information on LGA revenue overdrafts from First Bank. What does it cover?,809
What is the purpose of the LGA Revenue Overdraft provided by First Bank?,809
Which Local Governments qualify for loans at First Bank?,810
First Bank: Are there specific criteria for Local Governments to be eligible for loans?,810
Can you tell me about the eligible Local Government Authorities for First Bank funding?,810
What are the requirements for Local Governments to receive overdraft services from First Bank?,810
Are Local Council Development Authorities included in the eligible Local Governments at First Bank?,810
What is the collateral requirement for getting a loan from First Bank?,812
Do I need to provide tangible assets for the loan facility at First Bank?,812
Can you tell me what collateral First Bank expects for accessing their loans?,812
Is an actual asset necessary to qualify for the facility offered by First Bank?,812
"First Bank, what do I need to secure when applying for a loan?",812
How much can I borrow from First Bank at most?,813
What is the highest loan amount I can get with First Bank?,813
Can you tell me the maximum accessible loan limit for First Bank?,813
First Bank offers loans; what's the absolute maximum I can access?,813
What’s the top amount I can expect to receive in a loan from First Bank?,813
Who can take advantage of the commercial mortgage options at First Bank?,814
What types of clients does First Bank cater to for its commercial mortgage services?,814
I'm curious about which customers First Bank's commercial mortgage facility is suitable for. Can you help?,814
Are there specific customer categories that First Bank's commercial mortgage facility is designed for?,814
Can you tell me which sectors or businesses can benefit from First Bank's commercial mortgage offering?,814
What is the duration I can expect with the LGA Revenue Overdraft from First Bank?,811
Can you tell me how long the tenor lasts for the Overdraft service provided by First Bank for LGAs?,811
"How long is the tenor for First Bank's LGA Revenue Overdraft, and is there a clean-up cycle?",811
"First Bank, could you explain the tenor and clean-up cycle associated with the Revenue Overdraft for LGAs?",811
I want to know the term length for LGA Revenue Overdraft at First Bank.,811
Can I use First Bank's services for building new business properties as well as buying them outright?,815
What options does First Bank offer for financing commercial properties?,815
"Is First Bank's mortgage product limited just to buying properties, or can it also cover construction?",815
I want to know if First Bank allows financing for both purchasing and constructing business real estate.,815
Does First Bank provide financing for projects other than direct property purchases?,815
Does First Bank offer a mortgage option for someone who is employed?,817
I'm looking to know if individuals working can access commercial mortgages with First Bank.,817
Can I get a mortgage from First Bank if I have a full-time job?,817
Are there any mortgage products at First Bank for people who are currently employed?,817
What does First Bank have available for employed individuals seeking financing for property?,817
How much financing can I obtain with a commercial mortgage at First Bank?,816
What is the maximum loan amount I can receive from First Bank for a mortgage?,816
"If I want to secure a mortgage, what factors does First Bank consider to determine the amount I can borrow?",816
Can someone explain the lending criteria at First Bank for commercial mortgages regarding loan amounts?,816
"I'm curious, how does First Bank decide the loan amounts for its commercial mortgage products?",816
What is the loan duration for Health Finance at First Bank?,819
First Bank offers Health Finance loans; how long can I borrow the money for?,819
Can you tell me the tenor for a Health Finance Loan through First Bank?,819
"I'm interested in the Health Finance Loan terms at First Bank, specifically the time frame for repayment.",819
How many months do I have to pay back a Health Finance Loan from First Bank?,819
What types of financing does First Bank offer for pharmacies and hospitals?,818
Can I get a loan from First Bank for medical equipment purchases?,818
"First Bank, how can I finance working capital for my private hospital?",818
I’m looking for health finance options at First Bank; what do they provide for registered pharmacies?,818
What is the Health Finance Loan options available through First Bank for healthcare facilities?,818
What collateral do I need to secure a loan with First Bank?,820
Do I have to provide any collateral to get a loan from First Bank?,820
Could you tell me if First Bank requires collateral for their loans?,820
I'm looking into loans at First Bank—what collateral is necessary?,820
Are there any collateral requirements for loans at First Bank?,820
What do I need to apply for a Health Finance loan with First Bank?,821
Can you tell me the requirements for accessing the Health Finance loan at First Bank?,821
"First Bank, what are the eligibility criteria for pharmacies and hospitals for the Health Finance loan?",821
"If I want a Health Finance loan from First Bank, what registrations and licenses do I need?",821
How long should a pharmacy or hospital have been operating to qualify for a Health Finance loan from First Bank?,821
Do I need to provide equity when applying for a loan from First Bank?,822
What are First Bank's requirements for loan equity contributions for pharmacies and hospitals?,822
"If I want a loan from First Bank, will there be any equity contribution required for pharmacies or hospitals?",822
"Can you tell me if First Bank requires an equity stake when I apply for a loan, specifically for pharmacies and hospitals?",822
"At First Bank, is there an equity contribution needed for hospital equipment loans, and what about for pharmacies?",822
Do I need to have an existing account with First Bank to get a loan?,823
Can someone apply for a loan at First Bank if they don’t already have an account there?,823
How long do I need to be with a bank before I can borrow money from First Bank?,823
Is it necessary to be a First Bank account holder to qualify for a loan application?,823
First Bank loan applicants: must I have a prior banking relationship to apply?,823
What is the First Trader Solution provided by First Bank?,824
Can you explain what First Bank's First Trader Solution is?,824
I'm looking for details about First Trader Solutions from First Bank. What is it?,824
First Bank has a service called First Trader Solution; what does that entail?,824
What does First Bank's First Trader Solution offer to traders in the market?,824
What are the available tenors for the First Bank FTS product?,825
Can you tell me the tenor options offered by First Bank for FTS?,825
How long is the tenor for First Bank's First Trader Solutions?,825
"First Bank has FTS; I'm curious, what tenor periods can I choose from?",825
Could you explain what the tenor is in the context of First Bank's FTS offerings?,825
What type of collateral does First Bank require to use the FTS service?,826
Can you tell me if First Bank needs collateral for their 90 days FTS option?,826
I'm curious about First Bank's collateral requirements for accessing FTS for 180 days. What do I need to provide?,826
"For First Bank's First Trader Solutions, is there any collateral needed for the shorter term variant?",826
Does First Bank ask for any collateral deposits when signing up for First Trader Solutions?,826
How much money can I borrow through First Bank's FTS program?,827
Can you tell me the maximum loan limit available if I use First Bank's FTS?,827
What is the highest amount I can access via First Bank's First Trader Solutions?,827
I’m interested in First Bank's FTS; what is the maximum loan amount I can get?,827
What’s the limit on loans when using FTS with First Bank?,827
How do I make a request for FTS at First Bank?,828
What are the locations where I can submit my FTS request at First Bank?,828
Can I request FTS services at a First Bank branch near my business?,828
Where should I go to submit an FTS request with First Bank?,828
Is it possible to make an FTS request at any First Bank branch close to my business location?,828
What do I need to qualify for a loan with First Bank?,829
How long do I have to be a customer at First Bank to access an FTS loan?,829
Can I get a loan from First Bank if my account history is shorter than 12 months?,829
First Bank requires what criteria to be eligible for their FTS loan?,829
"If I am a First Bank customer, how can I know if I can apply for the FTS loan?",829
What are the rates for the FTS loan that First Bank provides to traders?,830
Can you tell me how much First Bank charges for their trader loans?,830
I'm interested in the pricing options for trader loans at First Bank. Can you help?,830
How competitive is the pricing for loans offered by First Bank's FTS program for traders?,830
"First Bank, what are the loan pricing details for traders looking into FTS?",830
Does First Bank require applicants to put in their own money when applying for an FTS loan?,831
What is First Bank's policy on equity contributions for FTS loan applicants?,831
"When applying for a First Bank FTS loan, is any equity contribution necessary?",831
Can I get an FTS loan from First Bank without needing to contribute equity?,831
Is it mandatory to make an equity contribution to apply for an FTS loan through First Bank?,831
Can you explain what the 894 service offered by First Bank is?,833
What are the features of First Bank's 894 service?,833
How can I use the 894 code with First Bank for my banking needs?,833
What does First Bank's 894 represent in terms of banking transactions?,833
Could you tell me about the benefits of using First Bank's 894 number?,833
Can anyone access the USSD service from First Bank?,834
I want to know who can utilize the USSD service at First Bank.,834
Are joint account holders eligible for the USSD service with First Bank?,834
What type of customers at First Bank can use the USSD feature?,834
Is the USSD service available for all account holders at First Bank?,834
Can I have multiple FTS loans from First Bank at the same time?,832
"First Bank, is it possible to hold more than one FTS loan concurrently?",832
I want to know if First Bank allows applicants to have several FTS loans running at once.,832
Are multiple FTS loans permitted by First Bank for a single applicant?,832
"If I'm applying for FTS loans at First Bank, can I get more than one?",832
What can I do with First Bank's USSD code 894?,835
Can you tell me which services First Bank offers through the 894 USSD number?,835
How do I access services using First Bank's 894 USSD option?,835
First Bank: what transactions are available when I dial 894?,835
I'm looking for information on what I can do with First Bank's USSD service 894.,835
Can I utilize the USSD service for multiple accounts at First Bank?,836
Is it possible to access First Bank's USSD service from more than one of my accounts?,836
I have several accounts with First Bank; can I use the USSD service on all of them?,836
Does First Bank allow the use of its USSD service across different accounts I own?,836
How many accounts can I link to the USSD service from First Bank?,836
What steps do I need to follow to enroll in the 894 services at First Bank?,837
Can you guide me on how to activate First Bank's USSD services for my debit card?,837
I'm trying to set up the First Bank USSD Quick Banking; how do I do that?,837
How can I sign up for the 894 service with my First Bank debit card?,837
What’s the process for getting my First Bank account linked to the 894 services?,837
Can I use First Bank's USSD services with any mobile network?,838
Is it possible for me to access First Bank's services on all networks like Airtel and MTN?,838
"First Bank, can all telecom users utilize your USSD services?",838
Do I need a specific mobile network to take advantage of First Bank's USSD functionality?,838
Are First Bank’s USSD services compatible with every mobile provider?,838
What is the contact number for support at First Bank?,840
I need to reach out to First Bank for inquiries; who should I contact?,840
Can someone tell me how to get support from First Bank?,840
Who can I call for assistance if I have questions regarding my account at First Bank?,840
Is there an email address I can use to contact First Bank for help?,840
Is the 894 Mobile Banking offered by First Bank secure?,839
How does First Bank ensure security for its 894 Mobile Banking service?,839
Can you tell me about the security measures for 894 Mobile Banking by First Bank?,839
What security features does First Bank implement for the 894 Mobile Banking transactions?,839
First Bank's 894 Mobile Banking — how safe is that?,839
Does First Bank charge fees for sending money or paying bills?,843
I want to know if I'll incur any transaction fees with First Bank.,843
What are the transaction costs at First Bank for checking my balance and making payments?,843
Are there fees associated with chat banking services at First Bank?,843
How much does First Bank charge for transactions like checking balances or paying bills?,843
What can I do through WhatsApp with First Bank?,842
"First Bank, can I check my account balance using WhatsApp?",842
Which transactions are available on First Bank's WhatsApp service?,842
"I want to know if First Bank allows bill payments via WhatsApp, what can I do?",842
Can you tell me what services are offered by First Bank through WhatsApp?,842
What steps do I need to take to use WhatsApp banking with First Bank?,841
"Can First Bank customers transact via WhatsApp? If so, how?",841
How do I enable WhatsApp transactions through First Bank?,841
First Bank: what’s the procedure for making transactions on WhatsApp?,841
I want to start banking on WhatsApp with First Bank. How do I do that?,841
Is it safe to use WhatsApp for banking with First Bank?,845
What security measures does First Bank have for WhatsApp transactions?,845
How does First Bank ensure safety when I bank via WhatsApp?,845
Can I trust First Bank's WhatsApp Chat Banking for my transactions?,845
What do I need to know about the security of using WhatsApp for banking with First Bank?,845
Why aren’t all of my accounts visible in First Bank's chat banking service?,844
Can First Bank customers use WhatsApp to see all types of accounts?,844
I’m trying to access my accounts on First Bank’s Chat Banking but can’t find them all. Why?,844
What types of accounts can I access through First Bank's WhatsApp Chat Banking?,844
Is it possible to view my corporate or domiciliary accounts with First Bank using Chat Banking?,844
What could be the reasons I'm unable to start using WhatsApp Chat Banking with First Bank?,846
"First Bank customers, why might I have trouble onboarding to your WhatsApp Chat Banking service?",846
"I'm trying to set up WhatsApp Chat Banking with First Bank, but it's not working—what could be wrong?",846
Can First Bank tell me why I can't get onboarded into WhatsApp Chat Banking?,846
Why is First Bank's WhatsApp Chat Banking not allowing me to complete the onboarding process?,846
How can I reset my WhatsApp Chat Banking PIN with First Bank?,847
What steps should I take if I forget my PIN for First Bank's WhatsApp Chat Banking?,847
"First Bank customers, what do I do if I can’t remember my Chat Banking PIN?",847
Is there a way to reset my WhatsApp Chat Banking PIN at First Bank?,847
"If I’ve lost my WhatsApp Chat Banking PIN, how can I recover it using First Bank?",847
How can I start using the First Bank mobile app?,849
What steps should I follow to get started with First Bank's mobile app?,849
"First Bank, where can I download the app for my mobile device?",849
Can you tell me what I need to begin with the First Bank mobile app?,849
I’m looking for information on how to access the First Bank app – what do I need?,849
How do I change my PIN for the WhatsApp Chat Banking service with First Bank?,848
I want to know if First Bank allows me to update my WhatsApp Chat Banking PIN.,848
Can First Bank customers modify their WhatsApp Chat Banking PIN?,848
What steps do I follow to reset my WhatsApp Chat Banking PIN at First Bank?,848
Is it possible to change my WhatsApp Chat Banking PIN after forgetting it if I’m a First Bank customer?,848
Do I need both a hardware token and a soft token for First Bank?,853
"If I have a hardware token from First Bank, can I still use the soft token?",853
First Bank customers: Can I use both a hardware token and a soft token simultaneously?,853
I’ve got a hardware token from First Bank. Should I switch to the soft token app?,853
What happens if I want to use a soft token while having a hardware token at First Bank?,853
What should I do with the registration code from First Bank?,851
"After entering my activation code and serial number, what does First Bank expect me to do with the generated code?",851
How do I use the code that First Bank provides after I input my activation code?,851
"First Bank, can you explain what happens with the code I get after activating my FirstToken App?",851
I just got a code after entering my activation details for First Bank; what is my next step?,851
What steps do I need to take to obtain the activation code and serial number with First Bank?,850
Can you tell me where to get my activation code and serial number for my First Bank token?,850
How can I receive the activation code and serial number for First Bank's security token?,850
First Bank customers need an activation code and serial number. How do I get those?,850
Do I have to visit a First Bank branch to get my activation code and serial number?,850
How secure is the Mobile App provided by First Bank?,852
Can I trust the security of First Bank's Mobile App?,852
"First Bank, is the Mobile App safe for my personal information?",852
What security measures does the First Bank Mobile App have?,852
Is my data protected when using First Bank's Mobile App?,852
What is the contact information for support at First Bank?,855
"If I have issues with my token, who should I reach out to at First Bank?",855
Can you tell me how to get support from First Bank regarding token problems?,855
Who should I email at First Bank for assistance with token-related questions?,855
Where can I find contact details for First Bank's support team?,855
How can I reset my PIN for the First Bank app after forgetting it?,854
I need assistance with my First Bank app because I forgot my access PIN. What should I do?,854
What steps do I need to take if I forget my PIN for the First Bank mobile application?,854
Can someone at First Bank guide me on resetting my PIN after multiple incorrect attempts?,854
"If I forgot my PIN for the First Bank app, where should I send my request for a reset?",854
What is the maximum amount I can send via a token at First Bank?,856
Can you tell me the daily transfer limits for tokens at First Bank?,856
I'm curious about the fund transfer cap using tokens in First Bank's online banking. What is it?,856
"First Bank, what limit applies to token transfers for my daily transactions?",856
How much money can I transfer with a token on First Bank's platform each day?,856
When is it necessary to use the FirstBank token device?,857
Can you tell me about the use of the First Bank token for transferring money?,857
What situations require the First Bank token device for payments or transfers?,857
In what circumstances do I have to utilize the FirstBank device for funds transfer?,857
Does First Bank require the token device for all types of bill payments and transfers?,857
Is it possible for me to use my First Bank token while I'm abroad?,859
Can I access my First Bank token from outside Nigeria?,859
How does First Bank's token system work if I'm in a different country?,859
Does First Bank allow the use of their token service internationally?,859
Can I utilize my First Bank token when I am traveling outside Nigeria?,859
Can I link my First Bank FirstToken to all my accounts?,860
"At First Bank, is it possible to use one token for every account I have?",860
I want to know if the FirstToken from First Bank can be associated with multiple accounts.,860
Does First Bank allow the use of a single token for different bank accounts?,860
What are the linking possibilities of the FirstToken for my accounts at First Bank?,860
Can someone else use my security token to access their First Bank account?,862
Is it possible for another person to access their account with my First Bank token?,862
How does First Bank ensure that my token is only for my account and not usable by others?,862
"If I share my security token, can anyone else log into their First Bank account with it?",862
What guarantees does First Bank provide that my token is uniquely tied to my account?,862
How can I lodge a complaint with First Bank?,863
What is the contact information for complaints at First Bank?,863
"If I have an issue, who should I reach out to at First Bank?",863
Can you tell me how to contact First Bank regarding complaints?,863
Who should I get in touch with for customer complaints at First Bank?,863
Why did the representative at First Bank tell me my transaction couldn't be found?,864
I received a 'no match found' message for my transaction at First Bank; what does that mean?,864
Can you explain why my transaction at First Bank was not matched?,864
First Bank said there's no record of my transaction; could that happen for certain reasons?,864
What causes a 'no match found' error for transactions at First Bank?,864
What should I do if First Bank tells me my transfer is a 'No Match'?,865
"If my transfer is marked as a 'No Match', how do I resolve this with First Bank?",865
Can anyone advise me on how to proceed with a 'No Match' transfer at First Bank?,865
I need help with a 'No Match' on my transfer; who should I contact at First Bank?,865
"First Bank, what steps do I take if my money transfer is considered a 'No Match'?",865
What is the validity period of the First Bank FirstToken device?,858
I want to know how long the FirstToken device from First Bank lasts.,858
Can you tell me the duration for which the FirstToken device remains valid when using the First Bank App?,858
How long does the First Bank FirstToken work once you've installed the app on your phone?,858
"First Bank customers, how long can I use my FirstToken device?",858
What is the time frame for activating the FirstToken at First Bank?,861
How quickly can I activate my FirstToken if I go to a First Bank branch?,861
Can I expect my FirstToken to be activated within 10 minutes at First Bank?,861
How soon can I get my FirstToken activated when I visit a First Bank location?,861
"If I'm at First Bank, how long will it take to activate my FirstToken?",861
Do I have to share my 4-digit PIN with the Operator at First Bank?,866
"When using First Bank's services, should I tell the Operator my 4-digit PIN?",866
Is it necessary to disclose my 4-digit PIN to the Operator if I'm with First Bank?,866
What should I do about my 4-digit PIN during a transaction at First Bank?,866
"At First Bank, do I need to tell the Operator my personal 4-digit PIN?",866
Can I pick up my money transfers from First Bank on weekends?,868
How does First Bank handle weekend money transfers?,868
Are there any First Bank locations open on weekends for collecting transfers?,868
What are the weekend hours for money transfer pickups at First Bank?,868
"If I send money through First Bank, can I retrieve it on a Saturday or Sunday?",868
What is the reason that First Bank's transaction conversion rates differ from the rates in the CBN and parallel markets?,867
Can you explain why First Bank's conversion rates for transactions are not aligned with the CBN or parallel market rates?,867
"First Bank, why are the conversion rates for my transactions not the same as what I see in the CBN or parallel market?",867
"How does First Bank determine the rates for transaction conversions, and why are they different from the CBN or parallel market?",867
I noticed the transaction conversion rate at First Bank is different from the market rates. Why is that?,867
Why does First Bank keep the form when they don't process a payment?,869
"At First Bank, what happens to my form if the payment is refused?",869
Can you tell me why First Bank retains the original form after a payment rejection?,869
"I'm curious, when First Bank denies a payment, what do they do with my transfer form?",869
"If First Bank refuses my transaction, why do they have to keep my form as proof?",869
Can I use First Bank to send money as a business entity?,870
Is it possible for companies to transfer funds using First Bank services?,870
What does First Bank say about sending money from one business to another?,870
Are there any company transfers allowed with First Bank's funds transfer services?,870
Does First Bank permit outbound money transfers between businesses?,870
What could the teller mean when they say 'no matching order' at First Bank?,871
"I'm at First Bank, and I received a 'no matching order' error. What does that indicate?",871
Can you explain the 'no matching order' message I got from my First Bank teller?,871
First Bank has told me about a 'no matching order' issue. What might be the reasons for this?,871
What should I do if First Bank's teller says there's a 'no matching order' related to my money transfer?,871
Do I have to tell the First Bank operator my 11-digit PIN?,872
"When using Ria Money Transfer at First Bank, is it necessary to share my 11-digit PIN with the operator?",872
Can I give my 11-digit PIN to the operator at First Bank for the transaction?,872
"First Bank, do I need to disclose my 11-digit PIN to the person assisting me?",872
Is revealing my 11-digit PIN to the operator required when I complete a Ria transfer at First Bank?,872
Why is my reference number considered invalid by First Bank?,873
"I heard my reference number is incorrect according to First Bank, what should I do?",873
"First Bank, can you tell me why my MoneyGram reference number isn't working?",873
What should I do if First Bank tells me my reference number is invalid?,873
Is there a reason my MoneyGram number is not valid when I check with First Bank?,873
What can I do if my MoneyGram transaction is stuck at a First Bank location?,874
"If my transfer is locked with First Bank, how can I get it released?",874
I have a MoneyGram transfer pending at First Bank; what should I tell the sender?,874
Can you help me with a MoneyGram issue at First Bank? I think it needs to be unlocked.,874
My MoneyGram is held up at a First Bank branch—who do I contact to fix this?,874
"When I use TransFast at First Bank, should I share my 13-digit PIN with the Operator?",875
Is it required for me to tell the Operator my PIN when processing a TransFast transaction at First Bank?,875
First Bank customers: Do I have to give my 13-digit PIN to the Operator during a transfer?,875
Do I need to disclose my 13-digit PIN to the operator when I am using First Bank's TransFast service?,875
What is First Bank's rule about revealing my 13-digit PIN to the Operator?,875
Does First Bank allow me to send money out with Transfast?,876
I want to know if outbound transactions are possible through First Bank's Transfast service.,876
Can I use Transfast at First Bank to initiate outbound transactions?,876
Is it true that First Bank only supports inbound transactions for Transfast?,876
What are the transaction options with Transfast at First Bank - can I send outbound funds?,876
What kinds of services can I use through First Bank with WorldRemit?,877
Can First Bank customers access WorldRemit services for money transfers?,877
What options does WorldRemit provide for customers of First Bank?,877
Am I able to utilize WorldRemit's services if I bank with First Bank?,877
"If I'm a customer of First Bank, what does WorldRemit offer for sending money?",877
Does First Bank charge any fees for sending money?,878
I’m looking for info on fees related to First Bank's money transfers. Will I be charged?,878
"First Bank customers, do you need to pay any fees when using World Remit?",878
Are there any fees associated with sending money through First Bank?,878
"When I send money with First Bank, who pays the fees?",878
What amount can I expect to receive through First Bank?,880
"With First Bank, how much money does the recipient actually get?",880
Can you tell me how much I will receive if I use First Bank for a transfer?,880
"First Bank customers, how is the amount received determined?",880
"If I send money with First Bank, what will the recipient receive?",880
What countries can I receive money in with First Bank?,879
"Can I get money sent to First Bank, and if so, where from?",879
Where does First Bank allow me to receive money transfers?,879
"If I use WorldRemit, where can I have funds sent to my First Bank account?",879
Which international locations support receiving money through First Bank?,879
What is the transfer speed for sending money through First Bank?,881
How quickly can I expect my money to arrive if I use First Bank?,881
"If I send funds using First Bank, when will they reach the recipient?",881
Can you tell me how fast transfers are at First Bank?,881
When will I see the money in the account after sending it from First Bank?,881
What is the identification requirement for receiving a money transfer at First Bank?,882
"If I receive a transfer from First Bank, will I need to show any ID?",882
Can I pick up a transfer from First Bank without providing identification?,882
"First Bank, do I need to have ID when I collect my money transfer?",882
Is it necessary to present ID to accept a transfer at First Bank?,882
How can I check if my beneficiaries have received their payments at First Bank?,883
What is the method to confirm beneficiary crediting with First Bank?,883
I'm a First Bank customer; how do I view the status of my transactions regarding beneficiaries?,883
Can First Bank give me updates on whether my beneficiaries have been credited?,883
Where can I find the transaction status reports for my beneficiaries in First Bank?,883
What fees does First Bank charge for using the FirstPay Link service?,885
Can you tell me about the costs associated with First Bank's FirstPay Link for merchants?,885
"First Bank, what is the total cost I should expect when implementing FirstPay Link?",885
How much will it cost me as a merchant to set up FirstPay Link with First Bank?,885
"Are there any transaction fees for FirstPay Link at First Bank, and how much are they?",885
Do I need to have a First Bank account to be a merchant?,886
Is holding a First Bank account a requirement for merchants using FirstPay Link?,886
Are all merchants required to be customers of First Bank to operate?,886
Must I be a First Bank account holder if I want to use the FirstPay Link service as a merchant?,886
Can a merchant use FirstPay Link without being a First Bank account holder?,886
What steps should I follow to remove a beneficiary from my First Bank payment schedule?,884
Can I find out how to delete a beneficiary I no longer want to pay through First Bank?,884
"First Bank, how do I get rid of a beneficiary that I mistakenly added to my payment list?",884
How do I delete someone I don't want to pay on First Bank’s uploaded payment schedule?,884
Is there a way to cancel a beneficiary from First Bank’s scheduled payments?,884
What is the cost for schools implementing First Bank's services?,888
Can you tell me if there's a charge for schools with First Bank?,888
"First Bank customers are curious, will there be any fees associated with implementing the program?",888
Is there any expense for a school to start using First Bank's offerings?,888
Does First Bank impose any costs on schools for implementation?,888
Do I need to have a First Bank account to make payments on a Merchant site using FirstPayLink?,887
"Can anyone, including non-customers, pay using FirstPayLink at First Bank?",887
Is it necessary to be an account holder at First Bank to use FirstPayLink for payments?,887
What are the requirements for using FirstPayLink through First Bank for payments on a Merchant website?,887
Can I use FirstPayLink to make payments without being a First Bank account holder?,887
What tools does First Bank provide for tracking student payment transactions?,889
Can you tell me how to get reports on student payments through First Bank?,889
How does First Bank handle monitoring of payments made by students?,889
I'm curious about how First Bank allows schools to oversee student payment activities.,889
What features does the First Bank system offer for managing and reporting on student payments?,889
What are the ways to make my TV subscription payment at First Bank?,890
Can I pay for my TV subscription using First Bank's services?,890
How do I go about paying my TV subscription with First Bank?,890
Is it possible to pay my TV subscription at a First Bank branch or ATM?,890
What options does First Bank offer for TV subscription payments?,890
What do I need to pay for my TV subscription with First Bank?,891
Can you tell me what information First Bank requires for making TV subscription payments?,891
"First Bank, what are the necessary details needed to complete my TV subscription payments?",891
I’m trying to figure out how to make my TV subscription payments through First Bank. What’s required?,891
"When using First Bank for my TV subscription payments, what items do I have to gather?",891
What extra fees are associated with payments at First Bank for TV subscriptions?,892
Is there a charge beyond the subscription fee for First Bank customers?,892
"For customers of First Bank, are there any additional costs when paying for TV subscriptions online?",892
Does First Bank impose any extra charges aside from the subscription payment for TV service?,892
Can I expect any fees from First Bank when I make a TV subscription payment at the branch?,892
Does First Bank process electricity payments instantly in my account?,894
"If I pay my electricity bill through First Bank, will it show up in my account right away?",894
Will my electricity payment with First Bank be reflected in my subscriber account immediately?,894
Can I expect my payment to appear instantly in my account when I use First Bank for electricity bills?,894
"First Bank, how quickly does my payment get recorded in my subscriber account after I pay?",894
Can I find out if FirstBank collects waste bills in my area?,895
Which states does FirstBank provide waste bill collection for?,895
"Is waste bill collection offered by FirstBank in locations outside of Lagos, Edo, or Enugu?",895
"First Bank, do you handle waste bills in my state or just specific ones?",895
I want to know if FirstBank collects waste bills where I live.,895
Do I have to visit the Electricity Distribution Company after making a payment at First Bank?,893
Is it necessary for me to go to the Electricity Company if I pay through First Bank?,893
"After I pay my electricity bill at First Bank, do I need to stop by the Electricity Distribution Company?",893
"Once I pay the electricity bill at First Bank, should I still head to the Electricity Company office?",893
Can I skip the Electricity Distribution Company office after paying my bill at First Bank?,893
Can you tell me what a TIN is for First Bank?,896
"First Bank, what does TIN stand for?",896
I'm looking to understand the Tax Identification Number related to my First Bank account. Can you explain?,896
What is the meaning of TIN as it relates to First Bank customers?,896
Can First Bank provide information on what a Tax Identification Number is?,896
Can I pay my taxes at any First Bank location?,897
What are the First Bank branches where I can make tax payments?,897
Is it possible to settle my tax at a First Bank branch?,897
Do I have the option to complete my tax payment at any First Bank?,897
"Where can I pay my taxes, can I do that at First Bank?",897
What do I need to bring when making a payment at First Bank?,898
Can you tell me the required documents for payments at First Bank?,898
"When paying my taxes, what documents does First Bank require from me?",898
What are the necessary papers for payment at First Bank?,898
First Bank customers – what documents should I have ready for payment?,898
Can I pay customs duty at any bank for First Bank transactions?,901
Is it possible to make customs duty payments at banks other than First Bank?,901
"For payments related to customs duty, do I need to go to First Bank?",901
Can First Bank customers pay customs duty anywhere or just at First Bank?,901
Where should I go to make my customs duty payment if I bank with First Bank?,901
What documents do I need to pay customs through First Bank?,902
Can you tell me the requirements for customs payment at First Bank?,902
"First Bank, what documentation must I provide for my customs payment?",902
I'm looking for the info on what First Bank requires for customs duty payments.,902
What is the assessment notice that First Bank mentions for customs payments?,902
Do I need to be evaluated by First Bank before making any tax payments?,900
What is First Bank's policy on taxpayer assessments prior to payment?,900
"As a new taxpayer, do I have to undergo an assessment with First Bank before I can pay taxes?",900
Can you explain if First Bank requires an assessment before I can settle my tax dues?,900
Is it true that First Bank says an assessment isn't needed before paying certain taxes?,900
What’s the process for getting a Tax Identification Number (TIN) through First Bank?,899
"First Bank customers, how can I obtain my TIN?",899
Is there a way to get a Tax Identification Number at a First Bank location?,899
"If I'm a new taxpayer, how do I get my TIN with the help of First Bank?",899
Can First Bank help me find out where to get my Tax Identification Number?,899
What details can I find in the Assessment Notice from First Bank?,903
Can you explain what an SGD Assessment Notice is at First Bank?,903
"First Bank customers, what should I expect in my Assessment Notice related to duties?",903
How does First Bank outline the duty payments in the Assessment Notice?,903
What information does First Bank provide about the SGD Assessment Notice?,903
Do I need to begin my visa or passport application process at First Bank?,905
How does First Bank handle the registration for Nigerian Immigration Services?,905
Will First Bank assist me with the initiation of my passport or visa application?,905
I need to know if I start my passport application at First Bank or elsewhere?,905
"Is the passport process handled through First Bank, or is it online?",905
Who is responsible for providing the SGD Assessment Notice to First Bank customers?,904
Could you tell me which agency issues the SGD Assessment Notice for First Bank?,904
"At First Bank, who can I contact regarding the issuance of the SGD Assessment Notice?",904
I need to know which organization sends the SGD Assessment Notice for clients of First Bank.,904
First Bank customers want to know: who issues the SGD Assessment Notice?,904
What do I need to do after paying at First Bank to get my Visa or Passport?,906
"At First Bank, will my Visa or Passport be ready right after I make the payment?",906
How does the payment process work at First Bank for getting my Visa or Passport?,906
Can I expect to receive my Visa or Passport immediately after showing proof of payment at First Bank?,906
First Bank customers: how do I collect my Visa or Passport after making a payment?,906
What should I do if I need to challenge a transaction with UBA?,907
How can I reach UBA to report a disputed transaction on my account?,907
Is there a way to dispute an incorrect charge on my UBA account?,907
Who do I contact at UBA if a transaction on my account seems wrong?,907
UBA customer service: how do I file a dispute about a transaction?,907
Why can't I see my balance on UBA?,908
"I logged into my UBA account, but my balance isn’t available, what’s wrong?",908
Can you explain why my UBA account balance shows as unavailable?,908
I’m facing issues with my UBA account balance; any suggestions?,908
"UBA balance unavailable message, what should I do?",908
Can you explain what NUBAN means for my UBA account?,909
What does UBA's NUBAN refer to?,909
I need to know what NUBAN is in relation to UBA. Can you help?,909
What is the meaning of NUBAN in UBA banking terms?,909
Is NUBAN just UBA's term for a bank account number?,909
What is UBA's limit for transferring money via their mobile app?,910
Can you tell me the maximum amount I can transfer using the UBA app?,910
How much can I send using the UBA mobile application?,910
UBA has a mobile app; what is the highest transfer limit allowed?,910
Is there a cap on transfers made through the UBA mobile app?,910
What could be the reason for the UBA mobile app not functioning?,911
I'm having trouble with the UBA app; why might that be happening?,911
Can you tell me why my UBA mobile application isn't working properly?,911
UBA app issues: why is it not operational right now?,911
Why does the UBA mobile application keep malfunctioning on my device?,911
How do I find my mobile banking ID for UBA?,912
What is my UBA mobile number used for banking?,912
Can you tell me my mobile banking ID with UBA?,912
What should my mobile banking ID be at UBA?,912
"I need to know my UBA mobile banking ID, can you help?",912
What is the maximum amount I can transfer using the UBA mobile app?,913
Can you tell me the mobile transfer limit set by UBA?,913
"I'm trying to find out how much I can send via UBA's mobile transfer, any info?",913
How much money can I transfer with UBA's mobile banking app?,913
What are UBA's limits for mobile transfers in Nigeria?,913
What are the limits for UBA prepaid cards?,914
Can you tell me the UBA prepaid card restrictions on spending?,914
How much can I load onto my UBA prepaid card for international use and locally?,914
What is the maximum amount I can have on my UBA prepaid card when using it internationally and locally?,914
UBA prepaid card: What is the maximum limit for local and international transactions?,914
What is the daily transfer limit for UBA's internet banking?,917
UBA allows how much money to be transferred online each day?,917
Can you tell me about the internet banking transfer limits at UBA?,917
How much can I send via UBA’s online banking system daily?,917
What are the limits for transferring money through UBA’s internet banking?,917
What steps do I need to follow in the UBA mobile app to raise my transaction limit?,916
"Can I adjust my transfer limit on the UBA app, and if so, how?",916
How do I go about increasing my transaction limit using UBA's mobile application?,916
UBA mobile app: how can I raise my current transaction limit?,916
Is there a way for me to increase the transfer limit in my UBA mobile app settings?,916
What are the daily transfer limits for UBA accounts?,915
Can you tell me the transfer limit per day for my UBA account?,915
How much can I transfer in a day through UBA?,915
I need to know the daily transfer limit if I use UBA's digital channels. What is it?,915
"UBA accounts have different transfer limits, right? What are they per day?",915
What steps should I follow in the UBA app to raise my transfer limit?,918
"Can I adjust my transfer limit on the UBA app, and if so, how?",918
How can I go about increasing my transfer limit using UBA's mobile application?,918
Where can I find the option to change my transfer limit in the UBA app?,918
"UBA app users, how do I set a higher transfer limit for my transactions?",918
What is the stamp duty fee that UBA charges on large deposits?,919
Can you explain the stamp duty applied by UBA?,919
I've heard about stamp duty charges; what does UBA say about it?,919
"UBA is my bank; is there a specific fee for receiving over N10,000?",919
How much is the stamp duty that UBA takes when you deposit money?,919
Why am I receiving a message about exceeding my transaction limit with UBA?,920
Can UBA help me understand why my transaction limit is being exceeded?,920
How can I resolve the issue of my transaction limit being too low at UBA?,920
What steps should I take if UBA says my transaction limit has been reached?,920
I need assistance with a transaction limit problem at UBA; what should I do?,920
What steps do I need to take to sign up for Internet Banking with UBA?,922
Can you tell me how I can register for online banking services at UBA?,922
"UBA offers self-registration for Internet Banking, how does that work?",922
"I'm looking for information on UBA's Internet Banking enrollment options, what are they?",922
How do I get started with UBA's Internet Banking registration process?,922
Can I use a single login for multiple accounts at UBA?,923
Is it possible to manage all my UBA accounts with one Internet Banking ID?,923
How do I view all my accounts with UBA using just one login?,923
"With UBA, can I access different accounts through one online banking user ID?",923
"When I sign up for Internet Banking at UBA, can I choose which accounts to link to my login?",923
How can I sign up for UBA's Internet Banking if I'm not in a country where UBA operates?,921
What steps do I need to take to enroll in UBA’s Internet Banking service from abroad?,921
Is there a way to register for UBA’s Internet Banking without visiting a physical branch?,921
Can I use UBA’s Internet Banking service even if I live in a location with no UBA presence?,921
What do I need to enroll in UBA Internet Banking from outside of UBA countries?,921
What can I learn about UBA's Internet Banking features?,926
Can you tell me how to find out more about the Internet Banking offered by UBA?,926
I'm looking for details on UBA's Internet Banking—what should I do?,926
How do I access information regarding UBA's Internet Banking services?,926
Where can I get a quick guide on UBA's Internet Banking options?,926
What should I do if I need to change my password for my UBA online banking?,924
I'm trying to reset my password for UBA's internet banking; how can I do that?,924
How can I recover my password for UBA's online banking service?,924
"UBA users, is there a way to reset your password if you've forgotten it?",924
Can you guide me on how to generate a new password for my UBA banking account?,924
How can I resume using my Internet Banking with UBA after a long time?,925
It’s been a while since I used UBA's Internet Banking; what do I need to do to access it again?,925
"I'm looking to start using UBA's Internet Banking again, but I forgot my login details. What steps should I take?",925
UBA customer here: how do I get back into Internet Banking if I haven't used it for some time?,925
What do I do if I've forgotten my user ID and password for UBA Internet Banking after not using it for a long period?,925
"What are the Internet Banking limits for UBA accounts, and how can I increase them?",927
UBA customers want to know what their banking limits are and how to raise them after registering online.,927
I just signed up for UBA Internet Banking; what are my transaction limits and how can I lift them?,927
Can I find out about the limits on UBA Internet Banking and the process for increasing them?,927
"After registering for UBA's Internet Banking, how do I find out what my limits are and the steps to enhance them?",927
How does UBA ensure the security of its Internet Banking services?,928
What measures can I take to secure my UBA Internet Banking profile?,928
Can you tell me about the security features UBA offers for online banking?,928
What should I do to keep my account safe while using UBA Internet Banking?,928
"Is it safe to use UBA's Internet Banking, and what extra steps can I implement for better security?",928
How can I find my UBA log-in credentials if they're in a PDF email?,930
What should I do to access the login details sent to my inbox by UBA?,930
Where do I look for my UBA login info that was emailed to me?,930
I received a PDF from UBA with my credentials; how do I open it?,930
Can you tell me how to retrieve my login credentials from UBA in the email PDF?,930
What does AGSMEIS stand for at UBA?,932
Can you explain the AGSMEIS loan offered by UBA?,932
How does UBA define the AGSMEIS program for entrepreneurs?,932
I'm looking for information about the AGSMEIS loan. Does UBA provide that?,932
What are the details of the AGSMEIS initiative handled by UBA?,932
What are the ways UBA customers can access their Internet Banking services?,929
Is there an app for UBA's Internet Banking that I can download on my smartphone?,929
How do I use Internet Banking if I bank with UBA?,929
"Can I access UBA’s Internet Banking from my phone, and where can I find the app?",929
"As a UBA customer, how can I get to my Internet Banking?",929
"How can I update my UBA user ID, and is there a limit on how frequent I can make this change?",931
"At UBA, is it possible to change my user ID whenever I want?",931
"Can I modify my username in UBA, and are there any restrictions on how often I can do this?",931
"What steps do I need to follow to change my user ID at UBA, and how often can this be done?",931
"Is it allowed to change your user ID at UBA, and if so, how frequently can I do that?",931
What does UBA mean when they refer to CBN EDIs?,933
Can you explain what CBN EDIs are according to UBA?,933
"UBA customers often ask, what are CBN Entrepreneurship Development Institutions?",933
"In terms of entrepreneurship training, what are the CBN EDIs that UBA mentions?",933
What is the role of CBN EDIs in relation to UBA's services for SMEs?,933
Can I apply for the AGSMEIS loan at UBA if I'm a small business in agriculture?,934
I’m interested in the AGSMEIS program. Who is eligible to apply through UBA?,934
Which types of enterprises can UBA's AGSMEIS loan support?,934
"As a representative of a creative industry startup, can I access AGSMEIS funding from UBA?",934
What criteria does UBA require for businesses to qualify for the AGSMEIS loan?,934
Do I need to have a UBA account to apply for the AGMESIS Loan?,935
Can I get the AGMESIS Loan from UBA if I don't have an account there?,935
Is being a customer at UBA a requirement for accessing the AGMESIS Loan?,935
What are the prerequisites to apply for the AGMESIS Loan from UBA?,935
Must I open a UBA bank account first to qualify for an AGMESIS Loan?,935
Do I need to get a certification from an entrepreneurial development institute to qualify for a loan at UBA?,936
What are UBA’s requirements regarding certification from entrepreneurial centers for loan access?,936
Is it necessary to have training from an approved Entrepreneurial Development Institute if I want to apply for a loan with UBA?,936
Can I access a loan from UBA without being certified by a recognized Entrepreneurial Development Institute?,936
Does UBA require that I complete a course and obtain certification from a CBN approved entrepreneurial center to be eligible for their loans?,936
Does UBA require collateral when I apply for a loan?,937
What collateral is needed for loans at UBA?,937
"If I take out a loan from UBA, do I have to provide any collateral?",937
Can you tell me what type of collateral UBA needs for their loans?,937
UBA's policy on collateral for loans: what should I know?,937
Where can I find the Entrepreneurial Development Institutes associated with UBA?,940
Can you tell me how to locate an EDI near me through UBA?,940
What resources does UBA provide to help me identify entrepreneurial institutes?,940
How do I check for the nearest Entrepreneurial Development Institute with UBA?,940
I need to ask about where the EDIs are located; how does UBA guide customers in this regard?,940
What does UBA mean by a personal loan?,941
Can UBA customers apply for unsecured personal loans?,941
How does a personal loan work at UBA?,941
"I'm looking for information on personal loans offered by UBA, can you help?",941
What requirements does UBA have for their personal loans?,941
Does UBA require certification from entrepreneurial institutes for existing business owners to qualify for the AGMESIS loan?,939
"If I want to apply for the AGMESIS loan at UBA, do I need to be certified by any entrepreneurial development institutions?",939
UBA customers looking for the AGMESIS loan: is certification by entrepreneurial institutes necessary if I am already running a business?,939
"Can I access a loan from UBA if I'm already in business, or do I need to get certified by the entrepreneurial institutes?",939
What is UBA's requirement regarding certification from entrepreneurial development institutes for existing business owners seeking the AGMESIS loan?,939
Where do I send my application for the AGMESIS Loan at UBA?,938
"UBA customers who are certified entrepreneurs, who do we give our application forms to?",938
"If I’m applying for the AGMESIS Loan, where should I submit my form to at UBA?",938
Can you tell me the submission process for UBA's AGMESIS Loan application forms?,938
Who is the recipient of my application form if I’m a UBA customer looking for the AGMESIS Loan?,938
What is the least amount I can borrow from UBA for a personal loan?,942
Can you tell me the minimum personal loan amount available at UBA?,942
I’m looking to apply for a loan; what’s the smallest amount UBA offers?,942
"UBA customers, what’s the minimum loan I can get if I work for a private company?",942
How much is the minimum loan I can request at UBA if I'm employed in a civil organization?,942
What is the highest loan amount I can get from UBA?,943
Can you tell me the maximum personal loan UBA offers for employees?,943
"UBA customers, how much can I borrow as a personal loan?",943
"If I work in the civil service, what's the top loan I can apply for at UBA?",943
"How much can I request as a loan from UBA, based on my job type?",943
What is the longest duration for personal loans at UBA?,944
Can you tell me the maximum loan term I can get with UBA?,944
UBA offers personal loans; how long can I borrow for?,944
"If I work for the civil service, what is the maximum tenor for a personal loan from UBA?",944
How many months can a private sector employee take a personal loan with UBA?,944
Are there any extra fees I should know about for a UBA Personal Loan?,945
What fees come with taking out a Personal Loan with UBA?,945
Can you tell me if UBA charges any additional fees on personal loans?,945
UBA Personal Loan: Are there management fees or hidden charges involved?,945
"When applying for a personal loan from UBA, what other costs do I need to be aware of?",945
What is the timeframe for getting a personal loan from UBA?,948
Can I expect my personal loan from UBA to be processed immediately after I apply?,948
How quickly can I receive a personal loan once my application at UBA is approved?,948
"UBA customers, how fast can I access my personal loan after applying?",948
"When applying for a personal loan, how soon can I get the funds released by UBA?",948
"If I currently have loans with other banks, is it possible for me to get a personal loan from UBA?",947
Can I apply for a personal loan at UBA even if I have existing loans elsewhere?,947
What is UBA's policy regarding applying for personal loans while having loans from other banks?,947
Is it allowed to take a personal loan from UBA if I already have loans with other financial institutions?,947
"UBA customers, can I still take out a personal loan if I already owe money on loans from other banks?",947
What is the age requirement for getting a personal loan at UBA?,946
Can you tell me the minimum and maximum ages for UBA personal loan eligibility?,946
I'm interested in a personal loan with UBA; are there any age restrictions I should know about?,946
How old do I need to be to apply for a personal loan at UBA?,946
At what ages can I qualify for a personal loan with UBA?,946
How often can I apply for a loan with UBA?,950
What’s the maximum number of loan requests I can make at UBA?,950
Can I ask UBA for a loan multiple times?,950
"If I need a loan, how frequently can I request one from UBA?",950
What is the limit on loan requests at UBA?,950
What are the requirements for getting a loan from UBA?,949
Can you tell me what criteria UBA uses for loan approval?,949
I'm looking to understand UBA's loan eligibility rules; what do I need?,949
What must I have to qualify for a loan with UBA?,949
Are there specific conditions I should meet to secure a loan at UBA?,949
What are the steps to apply for a loan at UBA?,951
Can I submit my loan application through the UBA mobile app?,951
How can I get a loan from UBA?,951
"If I want a personal loan, how do I go about applying with UBA?",951
What options do I have for loan applications at UBA?,951
How can I get a loan from UBA if I don't already have an account?,952
"I'm interested in a UBA loan, but I don’t have a current account. What should I do?",952
What steps should I follow to apply for a loan with UBA without an existing account?,952
"If I want to borrow money from UBA but lack an account, what are my options?",952
Can I apply for a UBA personal loan even if I'm not a UBA account holder?,952
What types of personal loans does UBA offer?,953
Can you tell me about the consumer loan options available at UBA?,953
I'm looking for information on UBA's loan products. What do they have?,953
What kinds of loans can I get from UBA for personal use?,953
How many consumer loan products does UBA currently provide?,953
What paperwork do I need to submit for a personal loan with UBA?,956
Can you tell me what UBA requires for loan documentation?,956
I'm looking to get a loan from UBA; what documents should I prepare?,956
"If I want to apply for a personal loan at UBA, what do I need to bring?",956
UBA loans: what are the necessary documents I need to provide?,956
What are the eligibility requirements for a loan at UBA?,954
I'm working at UBA; how can I check if I qualify for a personal loan?,954
Can you tell me if UBA offers loans to all its staff members?,954
Is there a specific salary requirement for loan eligibility at UBA?,954
What do I need to meet to be eligible for a personal loan with UBA?,954
"Is it possible to win N100,000 in the Bumper draw offered by UBA?",958
What steps do I need to take with UBA to enter the Bumper account draw for N100k?,958
"How can I participate in UBA's Bumper draw for a chance to win N100,000?",958
"With UBA, can I still enter the Bumper draw to win N100,000 if I save monthly?",958
"If I save with UBA, will I be able to qualify for the N100k Bumper account prize?",958
When can I apply for a personal loan with UBA after starting a new job?,957
UBA personal loan eligibility: Is there a waiting period for new employees?,957
"If I just started my job, is it possible for me to get a personal loan from UBA?",957
"I recently got hired, so when will I be able to submit a personal loan application to UBA?",957
What are UBA's requirements for applying for a personal loan if I’m a new employee?,957
Can anyone open a Bumper Account with UBA?,959
Who is eligible to open a Bumper Account at UBA?,959
Are there any restrictions on who can open a UBA Bumper Account?,959
"I want to know who can get a Bumper Account from UBA, can you help?",959
Which individuals qualify to open a UBA Bumper Account?,959
What rewards can I expect if I open a UBA Bumper Account?,961
Can you tell me about the benefits of the UBA Bumper Account?,961
"UBA offers a Bumper Account, but what are the perks that come with it?",961
I'm interested in the UBA Bumper Account; what do I get for having one?,961
What are the exciting prizes associated with having a UBA Bumper Account?,961
What is the minimum amount required to open a Bumper Account at UBA?,960
How much do I need to deposit to start a UBA Bumper Account?,960
"UBA customers, what's the cost to set up a Bumper Account?",960
Can you tell me how much I should prepare to open a Bumper Account with UBA?,960
"Regarding the UBA Bumper Account, how much money do I have to have to get started?",960
What documents do I need to provide for opening a Bumper Account at UBA?,962
Can you tell me the requirements to open a UBA Bumper Account?,962
I'm planning to get a Bumper Account with UBA; what identification do I need to have?,962
What should I bring to UBA for my Bumper Account application?,962
UBA requires what papers for me to set up a Bumper Account?,962
Does UBA offer a debit card for its Bumper Account customers?,963
How can I obtain a debit card through my UBA Bumper Account?,963
Is it possible to have a debit card linked to my UBA Bumper Account?,963
Can I request a debit card if I have a Bumper Account with UBA?,963
I have a Bumper Account with UBA; can I get a debit card for it?,963
Can I apply for a loan at UBA if I'm not confirmed in my job yet?,955
What’s UBA's policy on loan applications for employees who haven't been confirmed?,955
Is it possible to get a loan from UBA while still in a probationary period with my company?,955
Do I need to be a confirmed staff member to receive a loan from UBA?,955
"If I'm still a temporary employee, can I obtain a loan through UBA?",955
Can UBA offer me a Bumper Account if I am not originally from Nigeria?,964
"As a foreign national living in Nigeria, can I open a Bumper Account with UBA?",964
What is UBA's policy regarding Bumper Accounts for non-Nigerians?,964
"If I'm not Nigerian, does UBA allow me to have a Bumper Account?",964
Do I need to be a Nigerian citizen to open a UBA Bumper Account?,964
What does UBA's Bumper Targeted Draw involve?,965
How does the UBA Bumper Draw work for groups?,965
Can you explain the UBA Bumper Draw for customers in specific locations?,965
What is the purpose of the UBA Bumper Draw for customers who open accounts?,965
How are winners selected in the UBA Bumper Targeted Draw for community members?,965
What is the purpose of the UBA Bumper Reward draws?,966
Can you explain how UBA's Bumper targeted draws work?,966
I'm curious to know why UBA has the Bumper targeted draws in place?,966
Why does UBA focus on credibility and product awareness with their Bumper Reward Scheme?,966
What are the aims behind the UBA Bumper targeted draws program?,966
What account number do I need for the UBA Bumper Account raffle?,967
How do I qualify for the raffle draw if I have a UBA Bumper Account?,967
Can you tell me what I need to enter the UBA Bumper Account raffle?,967
"For the UBA Bumper Account raffle, what do I need to have?",967
What do I need in my UBA Bumper Account to participate in the raffle draw?,967
Do accounts at UBA need all documentation to enter the draw?,969
Can you tell me if UBA accounts with incomplete documents can still participate in the draw?,969
"I'm curious, will UBA allow accounts without full documentation to be in the draw?",969
Is it true that UBA will exclude accounts lacking complete paperwork from the draw?,969
What about UBA accounts with pending CAV; do they have a chance in the draw?,969
Does UBA allow accounts without BVN to enter the draw?,968
What are the BVN requirements for the UBA Bumper draw?,968
"If I don’t have a BVN, am I eligible for UBA's draw?",968
Can I participate in the UBA Bumper targeted draw with an account that doesn't have a BVN?,968
UBA's draw eligibility: do I need a BVN in my account?,968
Can I still join the monthly and quarterly draws if I'm part of a specific draw with UBA?,970
Are customers eligible for both the targeted draw and the regular monthly or quarterly draws in UBA?,970
"If I participate in a special draw with UBA, do I also have a chance to win in their monthly and quarterly draws?",970
I want to know if those involved in a targeted draw at UBA can also take part in their other draws that happen monthly and quarterly.,970
Is it possible for UBA customers to enter both the targeted draw and the other draws held monthly or quarterly?,970
What prizes can I win with the UBA Bumper Account?,971
Can you tell me the rewards offered in UBA's Bumper Account?,971
"I'm curious about the prizes available through UBA's Bumper Account, what are they?",971
UBA Bumper Account: what can I win if I open one?,971
What kind of rewards does UBA offer for the Bumper Account?,971
How can I buy foreign currency with UBA?,973
Where should I go for foreign exchange services at UBA?,973
Can you tell me the location in UBA to purchase foreign exchange?,973
I'm looking to purchase foreign exchange; does UBA offer this service?,973
Which UBA offices provide foreign exchange purchases?,973
What steps do I need to follow to open a UBA Diaspora Account from overseas?,972
Can you guide me on how to set up a UBA Diaspora Account while I'm abroad?,972
Is there a specific process to open a Diaspora Account with UBA when I’m living outside Nigeria?,972
How do I go about creating a UBA Diaspora Account if I'm currently in another country?,972
UBA has a Diaspora Account; what is the procedure to open one from abroad?,972
Can you explain what PTA and BTA mean at UBA?,974
What do UBA's Personal Travel Allowance and Business Travel Allowance refer to?,974
"I'm trying to understand the difference between PTA and BTA according to UBA, can you help?",974
Could you tell me what Personal Travel Allowance and Business Travel Allowance are when it comes to UBA?,974
What is the definition of PTA and BTA in the context of UBA?,974
"Can anyone buy foreign currency from UBA FX Mart, or is it just for account holders?",975
"I'm not a UBA account holder, can I still purchase foreign currency there?",975
Do I need to have a UBA account to make foreign currency purchases at their FX Mart?,975
I want to know if UBA FX Mart allows non-account holders to buy foreign currency.,975
Is it possible for walk-in customers to buy foreign currency from UBA?,975
Can I buy all three currencies at once when I travel with UBA?,976
"UBA customers, are we allowed to purchase multiple currencies simultaneously?",976
"Is it possible for me to get USD, Euros, and Pounds together from UBA if I don't exceed the limit?",976
"When traveling, how does UBA handle buying multiple currencies at the same time?",976
What is UBA's policy on simultaneous currency purchases for travelers?,976
Is it possible to purchase both PTA and BTA at the same time with UBA?,977
UBA customers want to know: can I buy PTA and BTA simultaneously?,977
Can I acquire both PTA and BTA allowances through UBA in one transaction?,977
What does UBA say about buying PTA and BTA at once?,977
"If I’m a UBA customer, can I buy both PTA and BTA together?",977
Can UBA customers under 18 years old purchase foreign exchange?,978
What are the age requirements for buying foreign exchange at UBA?,978
Does UBA allow minors to buy foreign currency?,978
"If I'm a UBA customer, can my children purchase foreign exchange?",978
"At UBA, who is eligible to buy foreign exchange?",978
What does UBA mean by a Home Account for customers living abroad?,981
Can you tell me what the Home Account is at UBA?,981
I'm interested in UBA's Home Account for Diaspora; what is it?,981
What are the features of a Home Account at UBA for African residents overseas?,981
How does UBA define a Home Account for those in the Diaspora?,981
Can I purchase foreign currency from UBA if my travel budget is less than the maximum allowed?,979
"I want to buy FX at UBA, but I don’t have my full travel allowance—will that be a problem?",979
Does UBA allow foreign exchange purchases even if I only need a small amount for my trip?,979
What’s the minimum amount I can buy in foreign exchange at UBA if I’m not using my entire travel allowance?,979
"If I’m planning to buy foreign exchange at UBA, do I have to use my maximum travel allowance or is there a lower requirement?",979
Who can open a HOME ACCOUNT with UBA?,982
What are the eligibility criteria for UBA's HOME ACCOUNT?,982
Are there specific customers that UBA targets for their HOME ACCOUNT?,982
Can Africans living abroad access HOME ACCOUNT services at UBA?,982
What type of customers does UBA offer HOME ACCOUNT to?,982
Can you tell me if UBA offers services for currencies beyond the major ones?,980
I want to know if UBA's FXMart trades in all types of currencies available worldwide.,980
"Does UBA limit its currency dealings to just the US Dollar, British Pounds, and Euro?",980
What currencies can I expect UBA's FXMart to handle for my transactions?,980
Is it true that UBA only operates with the three main currencies like the Dollar and Euro?,980
What documents do I need to open a home account with UBA?,984
"I'm trying to find out what UBA requires for opening a home account, can you help?",984
Can you tell me the necessary paperwork for establishing a home account at UBA?,984
"Before I open a home account, what documentation does UBA ask for?",984
"For a home account at UBA, what identification and proof of address do I need?",984
What advantages do I get as a UBA customer with my home account?,983
Can you tell me about the perks of having a UBA home account?,983
"As a UBA client, what benefits can I expect from my account?",983
What are the features that UBA offers to customers with a home account?,983
How does UBA benefit its customers with their home account services?,983
What documents do I need to open a KIDDIES Account with UBA?,985
Can you tell me the steps to set up a UBA KIDDIES Account for my child?,985
"How can I get my child a KIDDIES Account at UBA, and what paperwork is necessary?",985
I'm looking to open a KIDDIES Account with UBA. What identification do I need?,985
UBA requires what documents for opening a KIDDIES Account for my kid?,985
Can you tell me who is allowed to manage a UBA KIDDIES Account?,986
At what age can a child take control of their UBA KIDDIES Account?,986
"For the UBA KIDDIES Account, who handles it until the child is of age?",986
Who is responsible for overseeing my child's UBA KIDDIES Account until they grow up?,986
Is the parent the only one who can operate the UBA KIDDIES Account until the child comes of age?,986
What is the minimum amount required to start a KIDDIES Account at UBA?,987
How much money do I need to deposit initially for a UBA KIDDIES Account?,987
Can you tell me UBA's KIDDIES Account opening balance requirement?,987
"If I want to open a KIDDIES Account with UBA, how much should I have?",987
UBA KIDDIES Account: How much do I need to open it?,987
Does UBA provide debit cards for Kiddies Accounts?,988
I've heard of UBA's Kiddies Account; can I get a debit card with it?,988
Is a debit card available for my Kiddies Account at UBA?,988
Can UBA customers access their Kiddies Accounts without a debit card?,988
What are the options for accessing my UBA Kiddies Account if I can't get a debit card?,988
What benefits can I get from opening a UBA KIDDIES Account?,989
Can you tell me what perks UBA offers for their KIDDIES Account?,989
I'm curious about what UBA KIDDIES Account rewards I might receive.,989
What are the rewards associated with a UBA Kiddies Account?,989
"If I have a UBA KIDDIES Account, what do I stand to gain?",989
What do UBA kiddies account holders need to know about the 13th month reward?,991
How can I take advantage of the 13th month reward with my UBA kiddies account?,991
UBA offers a 13th month reward; what is it and how can I qualify?,991
Can you explain the eligibility criteria for the 13th month reward in a UBA kiddies account?,991
What is the process for participating in UBA's 13th month reward for kiddies accounts?,991
Can I get the 13th month bonus from UBA without having a target savings plan?,992
"If I don't enroll in a target saving plan, will UBA still give me a 13th month bonus?",992
Is it true that UBA customers need a target savings plan to qualify for the 13th month bonus?,992
What are the criteria for qualifying for the 13th month bonus at UBA? Do I really need a target savings plan?,992
UBA says something about a 13th month bonus—do I have to have a target saving plan to receive it?,992
Can a UBA customer open a Kiddies account without showing a utility bill or ID?,990
I'm wondering if I need a valid ID and utility bill to get a UBA Kiddies account?,990
Does UBA allow you to open a Kiddies account even if you don't have proper ID or a utility bill?,990
Is it possible to start a UBA Kiddies account with no valid ID or utility bill?,990
What are the requirements to open a UBA Kiddies account—do I really need an ID and utility bill?,990
"If I take money out of my UBA account early, will I lose my 13th month bonus?",993
How does withdrawing funds early from UBA affect my eligibility for the 13th month bonus?,993
What will happen to my 13th month bonus this year if I decide to withdraw early from my UBA Kiddies Account?,993
UBA told me about a 13th month bonus; do I still qualify if I withdraw early from my account?,993
Can I still get a 13th month bonus with UBA if I make an early withdrawal?,993
Does UBA offer interest on my kiddies account even if I miss my savings goal?,994
I’d like to know if UBA allows me to earn interest without meeting my target plans in my kiddies account.,994
"If my kiddies account at UBA falls short of its target, will I still earn interest?",994
"UBA customers, will I still receive interest on my kiddies account if my savings goals are not met?",994
Is it true that UBA provides interest on the money in my kiddies account even if I don't reach my intended savings target?,994
What steps do I need to follow to enroll in the scholarship reward at UBA?,995
Can you tell me how to get the scholarship reward with UBA?,995
"I want to know how I can sign up for UBA's scholarship reward program, what are the requirements?",995
Could you explain the process for signing up for the scholarship reward with UBA?,995
What do I need to do to qualify for the scholarship reward offered by UBA?,995
What identification do I need to provide to open a NextGen account with UBA?,999
UBA requires which forms of ID for opening a NextGen account?,999
"If I want to start a UBA NextGen account, what IDs are accepted?",999
Can you tell me the acceptable means of identification for a UBA NextGen account?,999
"For Tier 1 and Tier 3 KYC, what IDs are necessary for opening my UBA account?",999
Do you need to be a student to open an account with UBA?,998
"Can anyone apply for a UBA NextGen Account, or is it limited to students?",998
I’m interested in the UBA NextGen Account; is it only for students attending universities?,998
Does opening a UBA NextGen Account require that I’m a student at a college or university?,998
"Are only students eligible for the UBA NextGen Account, or can others apply too?",998
What should I do if I don't have any acceptable identifiers for UBA?,1000
"UBA requires specific IDs, but what if I can't provide those?",1000
"If I lack primary forms of ID, how can I verify my identity with UBA?",1000
Can I use an admission or clearance letter as an ID at UBA?,1000
What alternate documents can I present to UBA if I don’t possess a primary ID?,1000
How do I go about opening a UBA NextGen account?,1001
Can I open a NextGen account with UBA online?,1001
Where does UBA allow me to set up a NextGen account?,1001
What are the ways to create a UBA NextGen account?,1001
Is there a place where I can start my UBA NextGen account?,1001
What documents do I need to open a NEXTGEN account at UBA?,996
Can you tell me how to set up a UBA NEXTGEN account?,996
I'm interested in opening a UBA NEXTGEN account; what do I need?,996
"How can I establish a NEXTGEN account with UBA, and what paperwork is required?",996
"What’s the process for starting a UBA NEXTGEN account, including the necessary documents?",996
How can I open a UBA NextGen Account if I'm 18 but haven't gotten into school yet?,997
What documents do I need to bring to UBA for a NextGen account if I'm still waiting for my admission?,997
I'm 18 and want to create a UBA account. Can I get a NextGen account without a school admission?,997
Can I convert my UBA account into a NextGen one without a tertiary institution admission?,997
What do I need to do to open a UBA NextGen Account as an 18-year-old awaiting school admission?,997
Can I hold both a NextGen account and a regular Savings account with UBA?,1002
Are UBA customers allowed to open a NextGen account alongside a Savings account?,1002
"If I have a UBA NextGen account, can I also open a Savings account or is that not allowed?",1002
Is it possible for me to maintain a UBA NextGen account while also having a Savings account?,1002
"As a UBA client, can I have both a NextGen account and a traditional Savings account simultaneously?",1002
Why should I consider opening a UBA NextGen account if I already have a Savings account?,1003
What benefits does UBA offer with its NextGen account for students?,1003
Can you explain why a UBA NextGen account would be better for me than my existing Savings account?,1003
I have a Savings account with UBA; how does a NextGen account improve my banking experience?,1003
What makes UBA's NextGen account more suitable for a tertiary student compared to a regular Savings account?,1003
Do I need to fund my account at UBA to get a debit card?,1004
What is UBA's policy on issuing debit cards for students and corps members without funding?,1004
"At UBA, will I receive a debit card if my account has no funds?",1004
Can I get a debit card from UBA if I haven't added money to my account?,1004
Is it required to fund my UBA account in order to obtain a debit card?,1004
What is the initial deposit requirement for opening a UBA NextGen Account?,1005
Can I open a UBA NextGen Account without any opening balance?,1005
UBA requires how much to start a NextGen Account?,1005
Is there a minimum balance needed to set up a UBA NextGen Account?,1005
How much money do I need to start a UBA NextGen Account?,1005
Does UBA offer a debit card for NextGen account holders?,1006
"If I have a NextGen account with UBA, how can I get a debit card?",1006
What’s the deal for getting a debit card with my UBA NextGen account?,1006
I want a debit card linked to my UBA NextGen account—am I eligible?,1006
Can I apply for a debit card at a reduced rate with my UBA NextGen account?,1006
What benefits can I receive from having a UBA NextGen Account?,1007
Can you tell me what UBA offers for a NextGen Account?,1007
I'm curious about UBA NextGen Account perks; what can I expect?,1007
What’s in it for me if I open a UBA NextGen Account?,1007
How does UBA reward customers for having a NextGen Account?,1007
What do I need to do to earn the pocket money reward at UBA?,1008
Can you explain how to qualify for the pocket money reward with UBA?,1008
I'm interested in the pocket money reward; what are the requirements at UBA?,1008
How can I win the pocket money prize by banking with UBA?,1008
Is there a minimum balance required for the pocket money reward at UBA?,1008
What types of businesses can I apply for an account with UBA?,1010
Can you tell me which sectors are accepted for account opening at UBA?,1010
I'm interested in UBA's SME account; what sectors qualify for application?,1010
"Does UBA allow all MSMEs to apply for their accounts, regardless of sector?",1010
Which industries are eligible to open an account with UBA based on annual turnover?,1010
Can you tell me what the UBA SME Business Account is?,1009
What kind of account does UBA offer for small and medium businesses?,1009
I’m interested in UBA's business account for SMEs; what are its features?,1009
How does UBA support micro and small enterprises with their business accounts?,1009
What are the details of the SME account options available at UBA?,1009
Does UBA have a limit on the bands for their SME accounts?,1011
What is the maximum limit set by UBA for different SME variants?,1011
I've heard about UBA's SME categories; do they specify maximum thresholds for each band?,1011
Can you tell me if UBA imposes a maximum threshold for the bands in their SME programs?,1011
Is there a cap on the maximum values for the different SME bands at UBA?,1011
Is the SME Business Account at UBA free from COT fees?,1012
Does UBA have a COT-free option for their SME Business Account?,1012
What do I need to do to ensure my SME Business Account with UBA is COT-free?,1012
Can I enjoy a COT-free SME Business Account if I bank with UBA?,1012
UBA's SME Business Account - is it free from COT charges if I meet certain conditions?,1012
Can I switch my personal current account to the new SME Business Account at UBA?,1013
"If I have a personal account with UBA, can I upgrade to an SME Business Account?",1013
Does UBA allow customers to convert their active personal current accounts into SME Business Accounts?,1013
What options do I have at UBA for moving my personal account to an SME Business Account?,1013
Is it possible for UBA customers with dormant accounts to change to the new SME Business Account?,1013
What is the minimum opening balance for the SME Business Account at UBA?,1015
Can you tell me if UBA requires a minimum operating balance for its SME accounts?,1015
"I'd like to know, does UBA's SME Business Account have an operating balance requirement?",1015
Is there a difference between the minimum opening balance and the minimum operating balance for UBA's SME accounts?,1015
"UBA, what do I need to open an SME Business Account in terms of minimum balance?",1015
What are the advantages of opening a business account with UBA?,1017
Can you tell me about UBA's SME Business account benefits?,1017
Why should I consider an SME account at UBA?,1017
What perks do I get when I have a UBA SME Business account?,1017
"UBA offers a lot, but what specifically are the benefits of their SME accounts?",1017
What SME account variant is suitable for UBA customers who have a monthly turnover exceeding 100 million?,1014
"At UBA, which account variant should I choose if my monthly turnover is more than 100 million?",1014
"For a UBA customer with over 100 million in monthly turnover, what variant of the SME account applies?",1014
Can you tell me what the medium variant at UBA is for those with monthly turnovers that surpass 100 million?,1014
"If my business turnover at UBA goes above 100 million monthly, which SME variant do I fall under?",1014
"What happens if I go over my limit with UBA, will there be a fee?",1016
"If I exceed my allowed amount at UBA, how much will I be charged?",1016
"UBA customers, do you get charged extra if you surpass the max amount?",1016
Can you tell me if UBA imposes a fixed monthly charge for going beyond the maximum limit?,1016
"When I exceed my limit with UBA, is there any additional charge imposed?",1016
What kind of savings account does UBA offer for teenagers?,1018
Can you tell me about the UBA Teens Account and its purpose?,1018
I'm interested in UBA's offerings; what is the Teens Account all about?,1018
UBA provides various accounts; what exactly is their account for teens?,1018
How does UBA help teens manage their finances with their savings account?,1018
What do I need to open a Teens Account with UBA?,1020
Can you tell me the requirements for a UBA Teens Account?,1020
UBA Teens Account: what documents are needed to set it up?,1020
"How can I help my child open a UBA Teens Account, and what must we provide?",1020
What information and documents does UBA require to open a Teens Account?,1020
Who is eligible to apply for a Teens card at UBA?,1022
"If I have a teen account with UBA, how can I get a debit card?",1022
Can new teenagers who bank with UBA request a Teens card?,1022
What should I do to obtain a UBA Teens debit card as an existing customer?,1022
I want to know how UBA handles Teens card requests for new and existing customers.,1022
Who is in charge of managing the UBA TEENS Account until my child reaches adulthood?,1021
Can you tell me who operates the TEENS Account at UBA?,1021
"At UBA, who is responsible for the operation of the TEENS Account until the account holder is of age?",1021
Is it the parent or guardian that manages the UBA TEENS Account until my child grows up?,1021
UBA TEENS Account: Who oversees it until my child comes of age?,1021
What advantages does a UBA Teens Account offer?,1019
Can you tell me the benefits of opening a Teens Account with UBA?,1019
I’m interested in the UBA Teens Account—what are its key perks?,1019
What are the main features of the Teens Account at UBA?,1019
How does UBA reward customers with their Teens Account?,1019
What is the cost for getting a UBA debit card for the first time?,1023
Could you tell me how much UBA charges for their debit cards?,1023
"I need to know the fee for issuing a debit card at UBA, please.",1023
Is there a discount on the debit card fee when I apply at UBA?,1023
"How much will I pay for my debit card issued by UBA, especially for the first issue?",1023
Can UBA account holders deposit money into their child’s account?,1026
Is it possible to transfer funds into my child's account at UBA?,1026
"UBA allows parents to deposit cash or transfer money into their teenagers' accounts, right?",1026
What options do I have to add money to my child's account with UBA?,1026
Can I make a money transfer to my child's UBA account?,1026
Can UBA customers transfer money to accounts at other banks?,1027
Is it possible to send funds to a non-UBA account from my Teens account?,1027
Does UBA allow transfers to banks other than UBA from a full KYC Teens account?,1027
I have a Teens account with UBA; can I make transfers to different bank accounts?,1027
What are the rules for UBA Teens account holders regarding fund transfers to non-UBA banks?,1027
What are the ways I can verify my child’s balance and transactions in UBA?,1024
"As a parent, how do I check my teen's recent banking details with UBA?",1024
Can you guide me on how I can see my child's account balance using UBA's services?,1024
"I'd like to know how to access my teenager's transaction history and balance at UBA, what options do I have?",1024
How can I use UBA's online banking or app to keep track of my child's account activity?,1024
Can I move funds from my child's UBA account to my own?,1025
Is it possible to transfer money to my account from my child's account at UBA?,1025
"As a signatory, can I send money from my kid's UBA account to mine?",1025
What’s the process for transferring money to my account from my child’s UBA account?,1025
"If I’m listed on my child’s account, can I access those funds and transfer to UBA?",1025
Is it possible to open a TEENS account at UBA if I don't have a valid ID or utility bill?,1028
Can I open my UBA TEENS account even if I lack an ID or a utility bill?,1028
What are the requirements for opening a UBA TEENS account? Do I need an ID or utility bill?,1028
Do I need a means of identification or a utility bill to open a UBA TEENS account?,1028
Can I still set up a TEENS account with UBA if I don't have a valid means of ID or any utility bill?,1028
Can a teen at UBA modify their transaction limit without their parent's approval?,1029
UBA's policy: How can a teen change their transaction limit if their guardian isn't involved?,1029
"If I'm a teen with a UBA account, do I need my parent or guardian to adjust my transaction limit?",1029
What are the rules at UBA if a teen wants to alter their transaction limitations independently?,1029
How does UBA handle transaction limit changes for teens needing parent or guardian consent?,1029
Can I use cheques from other banks with my UBA teens account?,1030
Are bank cheques from other establishments accepted in UBA's teens account?,1030
Do I need a full KYC to deposit other bank cheques into my UBA teens account?,1030
Is it possible to deposit cheques from different banks into my UBA teen account?,1030
"UBA allows other bank cheques in a teens account, right?",1030
What do I need to start a Zero Account with UBA?,1032
UBA's Zero Instant Savings Account requirements — what are they?,1032
Can you tell me what I require to open a UBA Zero Account?,1032
I'm looking to open a Zero Account at UBA; what information should I prepare?,1032
What are the necessary details for opening a UBA Zero Account?,1032
What is the maximum amount I can deposit instantly at UBA?,1033
Can UBA let me know the highest single deposit I can make right away?,1033
"If I have a Zero Instant Savings Account with UBA, how much can I put in at once?",1033
How much can I instantly deposit with my UBA account?,1033
UBA's Zero Instant Savings Account allows me to deposit how much in a single transaction?,1033
Can you tell me what the UBA Zero Instant Savings Account is all about?,1031
What are the features of the Zero Account offered by UBA?,1031
How does the UBA Zero Account work for people without initial funds?,1031
I want to know more about the UBA Zero Instant Savings Account for the unbanked.,1031
What is the purpose of the UBA Zero Account and how can I open one?,1031
How can I open a Zero Instant Savings Account with UBA without going to a branch?,1034
Does UBA require me to visit a physical location to set up my account?,1034
I want to know if I can open an account online with UBA instead of visiting a branch. How do I do that?,1034
What’s the process to start a Zero Instant Savings Account with UBA without visiting their branches?,1034
"Can I open a UBA account over the phone or online, or do I need to visit a local branch?",1034
Does UBA provide debit cards for customers?,1035
"If I have a Zero Instant Savings Account with UBA, can I get a debit card?",1035
Can I get a UBA debit card for my account?,1035
What is UBA's policy on debit cards for customers?,1035
Is it possible to receive a debit card from UBA?,1035
Can I use UBA's Internet Banking if I'm a retail customer?,1036
Who is eligible to access Internet Banking services at UBA?,1036
I'm a corporate client; can I use UBA's Internet Banking features?,1036
What types of customers can access UBA's Internet Banking?,1036
Does UBA provide Internet Banking access for both personal and business accounts?,1036
What should I do if UBA says my transaction limit is too high?,1037
I'm getting a message from UBA about exceeding my transaction limit. How can I resolve this?,1037
"UBA users, how can I increase my transaction limit to avoid errors?",1037
"If UBA is telling me that I've exceeded my transaction limit, what steps can I take?",1037
How do I fix a 'transaction limit exceeded' error when using UBA online banking?,1037
Is UBA's Internet Banking available around the clock?,1038
Can I use UBA's Internet Banking service anytime and from anywhere?,1038
How can I access my UBA Internet Banking account 24/7?,1038
What are the availability hours for UBA Internet Banking?,1038
Does UBA offer 24/7 access to its Internet Banking platform?,1038
What should I do if I've been locked out of my UBA Internet Banking account after entering my password incorrectly multiple times?,1039
I've entered my password wrong three times on UBA's platform—how can I regain access?,1039
UBA: Can you guide me on what to do if I forgot my password and got locked out?,1039
"If I accidentally locked myself out of UBA's Internet Banking, how do I reset my password?",1039
I’m trying to log into UBA Internet Banking but got locked out—what steps can I take to fix this?,1039
What are the requirements for a UBA online banking password?,1040
Can you tell me what my UBA password should include?,1040
How many characters do I need for a password with UBA?,1040
"When creating a password for UBA Internet Banking, what should it contain?",1040
UBA passwords: what is the minimum character requirement and type?,1040
What are the transaction limits for UBA's Internet Banking services?,1042
Can you tell me the maximum amount I can transfer using UBA Internet Banking?,1042
How much money can I send per day through UBA Internet Banking?,1042
I'm looking for UBA's limits on Internet Banking transactions—what are they?,1042
"For UBA Internet Banking, what are the different transaction values based on the token type?",1042
What should I do if I can't remember my USER ID for UBA Internet Banking?,1043
How can I retrieve my USER ID for UBA online banking?,1043
"UBA Internet Banking: I lost my USER ID, how can I recover it?",1043
"If I forgot my USER ID with UBA, what steps do I take to get it back?",1043
Can you guide me on how to find my USER ID for UBA's Internet Banking?,1043
What should I do if I lose my hard token for UBA?,1041
Can I still make transactions with a soft token if my UBA hard token is forgotten?,1041
"In case I forget my hard token, can I switch to using the soft token for UBA transactions?",1041
"UBA allows me to use soft tokens, right? What if I can’t find my hard token?",1041
"If I can't find my hard token, am I able to use the soft token for my UBA banking transactions?",1041
Can I access all my accounts through my UBA Internet Banking login?,1044
Is it possible to link multiple UBA accounts to one Internet Banking ID?,1044
"UBA allows me to view all my accounts, right? How does that work with Internet Banking?",1044
"When using UBA Internet Banking, can I manage all my accounts with a single login?",1044
"With UBA Internet Banking, can I choose which accounts to view with my login details?",1044
What should I do if my new password from UBA has expired before I activated it?,1046
Can I still use my expired UBA password to get a new one?,1046
UBA Internet Banking: How long do I have to activate my new password before it expires?,1046
"If my new password for UBA has expired, how can I receive a new one?",1046
"I just got my UBA password, but it’s expired — how do I get a new one?",1046
How do I reset passwords for other users in my company using UBA's internet banking?,1045
What steps should corporate users at UBA follow to change another user's password?,1045
"Can someone with an Approval role in UBA reset passwords for their colleagues, and if so, how?",1045
What is the process for a corporate user at UBA to initiate a password reset for another employee?,1045
"As a corporate account holder with UBA, how can I help my team reset their login passwords?",1045
How does UBA ensure the security of its Internet Banking services?,1049
What security measures does UBA Internet Banking have in place?,1049
Can you tell me how I can further enhance the security of my UBA online banking profile?,1049
I'm concerned about safety; how secure is UBA's Internet Banking platform?,1049
What steps can I take to keep my UBA Internet Banking account secure?,1049
How can I get back into my UBA Internet Banking account after a long time?,1047
It's been ages since I used my UBA Internet Banking. What steps do I need to follow to log back in?,1047
"UBA customers, what's the process for retrieving my user ID and password if I haven't accessed Internet Banking in a while?",1047
Can someone tell me how to restart my UBA Internet Banking since I haven't used it for such a long period?,1047
I need to know the steps for resuming my UBA Internet Banking access after a long hiatus.,1047
What resources does UBA provide to help me understand Internet Banking?,1048
Can I get a guide on UBA Internet Banking?,1048
How do I find out more information about UBA's Internet Banking services?,1048
Where can I access UBA's Internet Banking Quick Guide?,1048
"If I have questions about UBA Internet Banking, who should I contact?",1048
Can UBA customers conduct foreign currency transactions?,1052
"I want to know if UBA allows FX transactions, can I do that?",1052
Is it possible to make FX transactions with UBA?,1052
"UBA, can I initiate transactions in foreign currencies through your online banking?",1052
Are FX transactions available for customers of UBA?,1052
What is the cost of a token at UBA and how do I obtain one?,1051
Can you tell me how to get a token from UBA and if there are any charges?,1051
"UBA offers a token, but how much do I need to pay for it and where can I get it?",1051
"How do I acquire a token for UBA internet banking, and what is the price?",1051
"Is it free to get a token from UBA, and where can I find it?",1051
How can I view the PDF attachment with my login info from UBA?,1050
UBA sent me my login details in a PDF; how do I unlock it?,1050
What do I need to do to access the PDF file containing my UBA login credentials?,1050
"I got my login credentials from UBA in an email with a PDF attached, how do I open it?",1050
Can you explain how to open the password-protected PDF from UBA that holds my login information?,1050
Can you tell me what the Corporate user ID is for UBA?,1053
I need to know how my UBA Corporate user ID is formatted.,1053
What format should I expect for my user ID with UBA?,1053
"UBA customers, how does the Corporate user ID appear?",1053
Is my user ID at UBA related to my company's name and first name?,1053
What features does UBA corporate internet banking offer?,1054
Can you tell me what I can do with UBA's online banking for businesses?,1054
I'm curious about the functions available in UBA's corporate internet banking. What are they?,1054
How can I utilize UBA's internet banking for my company?,1054
What services are included in UBA's corporate online banking platform?,1054
Can I download the UBA Internet Banking app for corporate use on my mobile?,1055
Is the UBA Internet Banking App available for corporate authorizers on mobile devices?,1055
How can corporate users of UBA authorize payments using their mobile app?,1055
Does UBA offer a mobile download option for their Internet Banking app for corporate accounts?,1055
Can I authorize payments on my mobile through the UBA Internet Banking App for corporate?,1055
What formats does UBA allow for bulk transfers in their internet banking?,1056
"Can I upload files in UBA for bulk fund transfers, and if so, what formats do they accept?",1056
"UBA customers, what type of files can I use for the bulk upload when transferring funds?",1056
I want to perform a bulk transfer through UBA. Which file formats can I upload?,1056
"When using UBA's internet banking for bulk uploads, are Excel and CSV file formats acceptable?",1056
Can UBA customers use Internet Banking to make international fund transfers for their businesses?,1057
Is it possible for me to initiate international transfers through UBA's Internet Banking service for Corporates?,1057
How does UBA allow corporate accounts to handle international fund transfers via Internet Banking?,1057
"If I have a corporate account with UBA, can I transfer funds internationally using Internet Banking?",1057
UBA Internet Banking: Can I use it for initiating international transfer requests for my corporate funds?,1057
Does UBA offer a Checker feature on their internet banking platform?,1059
How does the UBA internet banking process handle verification and approval?,1059
Is there a checking system for transactions in UBA's online banking?,1059
What is the verification process like for UBA internet banking users?,1059
"In UBA's internet banking, is there a role for a checker to validate transactions?",1059
What is the maximum number of approvers that UBA allows for a fund transfer?,1058
Can you tell me how many levels of approval UBA requires for processing a fund transfer?,1058
"In my UBA Internet Banking, how many approvals do I need for a successful fund transfer?",1058
How does UBA handle approvals for fund transfers? Is there a limit on the number of approvers?,1058
"If I want to make a fund transfer through UBA, how many approvers do I need to have?",1058
How do I download my UBA bank statements?,1060
Can I get my statement in PDF or Excel format with UBA Internet banking?,1060
What formats are available for downloading statements via UBA?,1060
"UBA provides options for downloading statements, right?",1060
Is it possible to download statements from my UBA Internet Banking account?,1060
Does UBA require corporate clients to use a token for logging in?,1061
"When logging into UBA Internet Banking, do corporate customers need token authentication?",1061
Are corporate users of UBA obligated to authenticate with a token during login?,1061
Is token authentication necessary for UBA corporate accounts at login time?,1061
"At UBA, are businesses mandated to utilize token authentication upon logging into their accounts?",1061
How can I tell if UBA has sent a transaction for my approval?,1062
What notifications will I receive from UBA when a transaction needs my authorization?,1062
Is there a way to see if I have pending transaction approvals in UBA's Internet Banking?,1062
"When I initiate a transaction with UBA, how do I know if it is waiting for my confirmation?",1062
Can you tell me how UBA informs me about transactions that require my approval?,1062
What should I do if I've forgotten my UBA Internet Banking password?,1064
How can I reset my password for UBA online banking?,1064
I need help with UBA; how do I change my password if I can't remember it?,1064
"If my UBA account password is lost, what steps do I follow to recover it?",1064
Can you guide me on how to reset my forgotten password for UBA Internet Banking?,1064
What transactions can I perform using the UBA Bulk upload feature?,1065
Can the Bulk upload feature at UBA handle multiple transactions at once?,1065
"UBA users, what types of payments can I make through the Bulk upload tool?",1065
I want to know if UBA's Bulk upload option supports different transaction types. Can you help?,1065
"For UBA internet banking, what kinds of transactions are eligible for the Bulk upload feature?",1065
How can I find my User ID if I haven't accessed my UBA profile in a while?,1063
I've forgotten my User ID for UBA; what steps should I take to recover it?,1063
Can you guide me on retrieving my User ID from UBA since I haven't logged in for some time?,1063
What should I do to get my UBA User ID back after not using my account for a long period?,1063
"UBA users, how do I get my User ID if it's been ages since I last used my profile?",1063
What steps do I follow to reject a transaction in my UBA Internet Banking?,1067
"Can I discard initiated transactions in UBA? If so, how?",1067
How do I go about rejecting transactions on the UBA Internet Banking platform?,1067
UBA: How can I cancel or disapprove transactions that I've started?,1067
What is the process for refusing transactions in UBA's Internet Banking system?,1067
What is the limit on the number of transactions I can upload using UBA's internet banking?,1066
How many transactions can I upload in a single file when using UBA services?,1066
Can you tell me the maximum number of transactions for uploads in UBA Internet Banking?,1066
"When I upload files through UBA, what’s the maximum transaction count allowed?",1066
UBA allows multiple types of uploads; what's the transaction cap for each type?,1066
What steps do I need to follow in UBA Internet Banking to see details of my bulk transactions?,1068
Can you guide me on how to check the uploaded NAPS and NEFT transaction details in UBA's online banking?,1068
How do I access information about bulk payment transactions on UBA's platform?,1068
"UBA Internet Banking users, how can I view the details of my completed bulk transactions?",1068
Is there a way to download the details of bulk transactions in UBA's Internet Banking system?,1068
How can I reset passwords for multiple users in UBA's internet banking?,1071
What steps do I need to follow to change passwords for other users at UBA?,1071
Is it possible for UBA corporate users to reset passwords for their team members?,1071
Can UBA allow me to manage password resets for other accounts?,1071
What’s the procedure for UBA users with administrative rights to reset other users' passwords?,1071
What are the ways I can use UBA Internet Banking on my devices?,1072
Is there a UBA app I can download for Internet Banking access?,1072
How do I log into UBA Internet Banking from my phone?,1072
"Can I access UBA's Internet Banking service on any device, like my laptop or smartphone?",1072
Where can I find the UBA Internet Banking app to make my transactions easier?,1072
What do I need to start using UBA Internet Banking?,1073
How can UBA customers register for Internet Banking easily?,1073
Can I sign up for UBA Internet Banking at the branch during account opening?,1073
What are the steps for enrolling in UBA Internet Banking?,1073
Is there a way to self-register for UBA Internet Banking with my debit card?,1073
What steps do I need to follow in UBA's internet banking to make multiple transactions at once?,1070
Can UBA customers transfer funds in bulk and how can I start that process?,1070
How do I carry out multiple funds transfers using UBA's online banking platform?,1070
"In UBA's internet banking, how can I initiate several transactions simultaneously?",1070
What do I do on UBA's internet banking to add and process multiple fund transfers?,1070
What steps do I need to follow to check my transaction status in UBA?,1069
Can you guide me on how to view the status of my transactions with UBA?,1069
How do I access my transaction history on UBA's internet banking platform?,1069
I need to know how to see the details of a specific transaction in UBA; what should I do?,1069
Where do I go in UBA Internet Banking to find out the status of transactions I made?,1069
Can I access UBA's internet banking anytime I want?,1074
How often can I use the UBA online banking service?,1074
Is UBA's internet banking available 24/7 for me?,1074
Are there any times when I can't log into UBA's online banking?,1074
What are the access hours for UBA internet banking?,1074
What are the transaction limits for UBA Internet Banking?,1077
Can you tell me my daily transaction limit with UBA?,1077
I'm curious about the transaction limits on UBA's online banking platform.,1077
"UBA, what are the restrictions on my transactions through Internet Banking?",1077
How much can I transact daily on UBA Internet Banking?,1077
How do I set a new password for my UBA account?,1076
What are the steps to create my password with UBA?,1076
Can you tell me how to generate my UBA password?,1076
UBA customers: what is the requirement for making a password?,1076
"I need to know the password creation criteria for UBA, could you help?",1076
How can I recover my password for UBA internet banking?,1079
I forgot my UBA password; what should I do?,1079
"UBA customers, how do I reset my internet banking password?",1079
What steps do I need to follow to change my password in UBA online banking?,1079
Can you guide me on how to retrieve my password for UBA's online banking services?,1079
What should I do if my UBA password has expired?,1080
"UBA customers, how can I resend my expired password?",1080
Is there a way to still use my expired UBA password to get a new one?,1080
"If my password from UBA has lapsed, what steps should I take?",1080
"After getting a new password from UBA, how long will it last before it expires?",1080
How do I get back into my UBA Internet Banking account if I haven't used it in a while?,1081
What steps should I take to reaccess my UBA online banking after a long period of inactivity?,1081
UBA's Internet Banking has been unused by me for some time; how can I log in again?,1081
I've forgotten my UBA Internet Banking credentials. How can I retrieve my user ID and password?,1081
What do I need to do to start using UBA's Internet Banking again after a long break?,1081
What services are available through UBA's Internet Banking?,1082
How can I find information about UBA Internet Banking features?,1082
"I'm looking for details on what UBA offers with their Internet Banking, can you help?",1082
Can someone provide insights into UBA's Internet Banking services?,1082
I'd like to learn more about UBA's Internet Banking; where should I look?,1082
How can I find my login details from the PDF that UBA sent me?,1083
I just received an email from UBA with a PDF attachment—how do I read my login credentials inside it?,1083
What should I do to access my login information if it's attached as a PDF in my inbox from UBA?,1083
UBA sent me my login info via email; how do I open the PDF attachment to see my credentials?,1083
"I've got this PDF file in my inbox from UBA, how can I use it to retrieve my login credentials?",1083
Can I make foreign currency transactions with UBA?,1084
What is the daily limit for FX transactions at UBA?,1084
Does UBA allow me to initiate FX transfers and what are the restrictions?,1084
"If I’m a UBA corporate customer, can I send FX transactions and what is the maximum amount per day?",1084
"UBA customers, can you tell me about the limits for foreign currency transfers?",1084
What features does UBA's corporate internet banking offer?,1085
Can I use UBA internet banking for bulk uploads and bill payments?,1085
What transactions can I perform with my corporate account on UBA's online banking?,1085
How does UBA internet banking assist corporate customers with payments and statements?,1085
What can I do through UBA's corporate internet banking service?,1085
Can I download the UBA Internet Banking App on my mobile phone for corporate use?,1086
Is the mobile version of UBA's corporate internet banking available?,1086
How can I access the UBA internet banking services for corporate accounts on my phone?,1086
Does UBA offer an app for corporate internet banking that I can use for mobile authorizations?,1086
I am looking for information on whether UBA’s corporate internet banking app can be downloaded on mobile devices.,1086
What file formats can I use for uploading funds transfers with UBA's Bulk Upload Facility?,1087
Can UBA tell me if there’s a specific format for uploading files for bulk transfers?,1087
I'm looking to make a bulk funds transfer; does UBA require any specific file types for this?,1087
Could you please inform me about the acceptable file upload formats for UBA's bulk transfer service?,1087
"When using UBA's Bulk Upload Facility, which formats do I need for my files?",1087
Can UBA's Internet banking services for businesses allow for international fund transfers?,1088
I'm curious if I can make international money transfers through UBA's corporate online banking.,1088
Does UBA offer the ability for corporate clients to initiate international fund transfers using their online banking?,1088
"In utilizing UBA's Internet banking for corporate accounts, will I be able to send international funds?",1088
What's the deal with using UBA's corporate Internet banking for sending money internationally?,1088
How can I get my bank statements from UBA?,1090
What formats can I download my UBA account statements in?,1090
Can you tell me the ways to download statements at UBA?,1090
"UBA customers, what options do we have for downloading account statements?",1090
In what file types does UBA allow downloading of statements?,1090
Does UBA have a Maker/Checker system in place for transactions?,1089
I want to know if UBA offers a verification process between initiators and approvers. Can you explain?,1089
What kind of approval processes does UBA use for handling transactions?,1089
Can you tell me about UBA's Maker/Checker functionality? How does it work?,1089
Is there a way to ensure checks and verifications on UBA’s platform for transaction approvals?,1089
Does UBA require me to use a token when logging in as a corporate customer?,1091
Can I access my UBA corporate account without token authentication?,1091
"When logging in as a corporate client, is token authentication necessary for UBA?",1091
"UBA's login for corporate customers doesn't need token, right?",1091
Is it true that UBA corporate users don't have to authenticate with a token at login?,1091
What should I do if I entered the wrong password three times at UBA?,1075
UBA locked me out after failing my password three times; how can I recover my account?,1075
Can someone explain how to unlock my UBA account if I've tried the password wrong several times?,1075
I’ve mistakenly typed my password wrong three times on UBA's platform; what's the next step?,1075
"After inputting the wrong password repeatedly, what instructions does UBA provide for account recovery?",1075
What types of bulk uploads does UBA allow for file uploads?,1093
Can UBA clarify how many file uploads I can use for bulk transactions?,1093
I'm looking for information on UBA's bulk file upload options. What are they?,1093
How does UBA categorize its different bulk upload methods?,1093
What are the different bulk upload formats available at UBA?,1093
What are the USSD transaction limits for UBA customers?,1095
Can you tell me how much I can send using USSD with UBA?,1095
UBA: What are the daily limits for transactions when using USSD?,1095
How does UBA limit transactions through USSD for my account?,1095
"For USSD transactions, what are UBA's limits on amounts per day?",1095
How do I get my UserID back if I haven’t accessed my UBA profile in a while?,1092
I forgot my UserID for UBA; what steps should I take to retrieve it?,1092
Can you tell me the process for retrieving my UserID after not using my UBA account for some time?,1092
I haven’t logged into UBA for a long time; how can I find my UserID?,1092
What should I do to recover my UserID from UBA if it’s been ages since I last used my account?,1092
How do I reset my PIN with UBA if I can't remember it?,1094
"UBA customers, what steps do I take to change my forgotten PIN?",1094
I need help resetting my UBA PIN; how do I do that?,1094
Can UBA assist me in changing my PIN if I've forgotten it?,1094
What is the process for UBA clients to reset a lost PIN?,1094
Can I register both a prepaid card and my UBA bank account under the same profile?,1096
Is it possible to have my UBA account and prepaid card linked to one profile?,1096
"With UBA, can I have both my account and prepaid card registered together?",1096
I want to know if I can register my UBA prepaid card and account under one user profile.,1096
Does UBA allow registration of both a prepaid card and a bank account in the same profile?,1096
What are the requirements for enrolling in UBA's SMS alert service?,1097
"Can I get SMS alerts from UBA, and what do I need to do to qualify?",1097
"UBA customers, what must I do to access the SMS alert feature?",1097
How do I meet the criteria for UBA's SMS alert enrollment?,1097
I'm a UBA account holder; what do I need to enroll in SMS alerts?,1097
Can I use UBA's airtime top-up service without any airtime?,1098
Is it necessary to have airtime for using the services offered by UBA?,1098
Do I have to buy airtime to access UBA's airtime recharge feature?,1098
"With UBA, can I perform an airtime top-up if I don't have any airtime myself?",1098
I want to know if UBA allows airtime top-ups without requiring me to have airtime.,1098
What steps do I need to follow to sign up for USSD banking with UBA?,1099
"Can I use UBA’s Magic Banking feature, and how do I enroll for it?",1099
How can I register for the USSD service through UBA?,1099
"I want to know about UBA's options for registering for Magic Banking, what should I do?",1099
What’s the process for registering for USSD with UBA banking services?,1099
How can I reach out to UBA if I have more questions?,1101
What should I do to contact UBA for further assistance?,1101
"I have additional questions for UBA, what’s the best way to get help?",1101
Can UBA provide support if my inquiry isn't listed here?,1101
Is there a way to get in touch with UBA for any other enquiries I might have?,1101
What should I do if my questions aren't answered in the UBA FAQs?,1100
"I couldn't find my answer, how can I reach UBA's customer service?",1100
My inquiry isn't listed here. How do I get in touch with UBA support?,1100
Is there a way to contact UBA if I have further questions not mentioned?,1100
How can I get assistance from UBA if my queries are not addressed here?,1100
What can I do if I run out of data while banking with UBA?,1102
How can I perform transactions with UBA without internet access?,1102
"UBA customers, is there a way to bank if I'm in a low connectivity area?",1102
Can I still use UBA for banking transactions without mobile data?,1102
"If I'm out of data, how do I use UBA services to complete my transactions?",1102
What should I do if I get a new device and want to use UBA Mobile Banking?,1104
How does changing my device affect my UBA Mobile Banking profile?,1104
"If I reinstall the UBA Mobile Banking app, will my profile stay active?",1104
Can I access my UBA Mobile Banking account on a different phone without issues?,1104
What are the steps to follow for UBA Mobile Banking when switching devices?,1104
What steps do I need to take to sign up for UBA Mobile Banking?,1103
Can you tell me how to register for the UBA Mobile Banking service?,1103
"I want to know how I can get started with UBA Mobile Banking, what do I do?",1103
UBA Mobile Banking registration: what options do I have for signing up?,1103
How can I become a mobile banking customer with UBA?,1103
What should I do if I can't remember my password for UBA mobile banking?,1105
"I forgot my password for the UBA app, what are my options?",1105
How do I reset my password in UBA's mobile app if I've forgotten it?,1105
Can UBA help me recover my mobile banking password if I've forgotten it?,1105
"If I can't log into UBA because I've forgotten my password, what steps do I take?",1105
What steps do I need to follow to obtain UBA Secure Pass?,1107
Can you tell me how to get the Secure Pass for UBA banking?,1107
I'm trying to activate my UBA Secure Pass; how do I do that?,1107
How do I download and set up UBA Secure Pass for mobile banking?,1107
Is there a way to manage my UBA Secure Pass if I run into issues with OTP login?,1107
What is the process for increasing my transaction limit with UBA?,1108
Can I find out how to upgrade my transaction limits at UBA?,1108
How do I raise my daily transaction limit at UBA?,1108
UBA: How can I get a higher transaction limit for my account?,1108
Is there a way to increase my transaction limit if I bank with UBA?,1108
How do I add favorite beneficiaries in my UBA mobile banking app?,1109
Can I save a list of my favorite beneficiaries when using UBA's services?,1109
What steps should I follow to create a favorites list for transactions in UBA mobile banking?,1109
Is it possible to manage my favorite beneficiaries within the UBA banking app?,1109
Can UBA mobile banking allow me to keep track of regular beneficiaries as favorites?,1109
What steps do I take in the UBA app to check my account statement?,1110
Can you guide me on how to access my last 6 months of transactions with UBA?,1110
How can I find my account statement in the UBA mobile banking app?,1110
"UBA customers, how do I view the statement of my account?",1110
"After logging into UBA's app, where do I go to see my transactions?",1110
What features are available through UBA's mobile banking app?,1111
Can I find UBA ATM locations and their status using the mobile banking app?,1111
What can I do using UBA Mobile Banking besides transferring money?,1111
Does UBA Mobile Banking allow me to check if ATMs are working?,1111
How do I explore the services offered in UBA's mobile banking application?,1111
Can you tell me what Africash is at UBA?,1112
What does UBA offer in terms of electronic payment services called Africash?,1112
I'm looking for information on Africash; what is it offered by UBA?,1112
What is the Africash service provided by UBA for money transfers?,1112
How does UBA's Africash work for sending and receiving money?,1112
What should I do if I forget my PIN for UBA's mobile banking?,1106
How can I change my mobile banking PIN with UBA?,1106
"If I want to update my PIN, what's the process with UBA?",1106
Can you tell me how UBA allows customers to reset their forgotten PIN?,1106
Is there a way to modify my PIN in the UBA mobile app when I am logged in?,1106
What are the benefits of using Africash at UBA?,1114
I'm interested in Africash; how does UBA support businesses in agriculture and other sectors?,1114
Can you tell me why Africash is a good choice for small businesses at UBA?,1114
UBA offers Africash—what types of enterprises can it help?,1114
Why should I consider UBA's Africash for my business needs?,1114
Can UBA help me find out which countries I can receive money from?,1113
I want to know which countries UBA allows me to receive funds from — can you tell me?,1113
What are the countries that I can get money sent to me through UBA?,1113
"UBA, can you list the countries from which I can receive money?",1113
In how many countries can I receive money using UBA's services?,1113
What is the duration for money transfers with UBA?,1115
How quickly does UBA send money transfers?,1115
"If I use UBA for Africash, when will the recipient receive their funds?",1115
Can you tell me how fast UBA processes money transfers?,1115
"With UBA's Africash service, how long until my money reaches the other person?",1115
What steps do I need to follow to use Africash at UBA?,1116
Can I use Africash at any UBA branch for sending money?,1116
UBA customer service: How can I send and receive money with Africash?,1116
"I want to access Africash, what should I do as a UBA customer?",1116
How can I take advantage of UBA's Africash service for money transfers?,1116
What are the limits for money transfers with UBA?,1119
Can I find out UBA's transfer limits by country?,1119
"UBA, what are the maximum transfer amounts allowed?",1119
How do transfer limits work at UBA for different countries?,1119
Could you tell me the transfer limits when using UBA?,1119
How does UBA ensure the security of their Africash service?,1118
Is the Africash service from UBA protected against fraud?,1118
What security measures does UBA have in place for Africash users?,1118
Can I trust UBA’s Africash service to keep my information safe?,1118
What steps does UBA take to secure the Africash service?,1118
"At UBA, who is responsible for covering the transfer fees?",1117
Can you tell me if UBA customers pay for transfer charges?,1117
Who takes care of the charges when I send money through UBA?,1117
"When I transfer funds with UBA, who pays the associated fees?",1117
"Does UBA charge the sender for transfers, or is it covered differently?",1117
What should I do if I lose my UBA collection PIN?,1120
"UBA customers, how can I receive a new PIN if I misplaced mine?",1120
"If I can’t find my collection PIN at UBA, what are my next steps?",1120
"Can I get a replacement collection PIN from UBA, and where do I go for that?",1120
"I lost my UBA transaction PIN, what’s the process to get a new one?",1120
Can I modify or cancel a transaction with UBA?,1121
What is UBA's policy on returning unprocessed transactions?,1121
"If I sent money through UBA, can I request a refund for it?",1121
Does UBA allow changes to transactions that haven't been processed yet?,1121
How does UBA handle transaction cancellations or modifications?,1121
Is it possible to update my beneficiary information for a UBA transfer?,1122
What do I need to do if I want to modify beneficiary details with UBA?,1122
How can I change the details of my beneficiary for an ongoing transfer at UBA?,1122
"At UBA, can I alter who my money is sent to after I’ve started a transfer?",1122
Can UBA customers change beneficiary information before the transfer is completed?,1122
Does UBA have any Africash sub-agents operating in Nigeria?,1125
I'm looking for information on Africash sub-agents — are they available in Nigeria through UBA?,1125
Are there any UBA Africash sub-agents located in Nigeria?,1125
Can you tell me if UBA offers Africash services via sub-agents in Nigeria?,1125
"Where can I find Africash sub-agents, and does UBA have them in Nigeria?",1125
Can I make direct transfers to my beneficiary's UBA account?,1123
How does Africash allow me to credit someone’s account directly at UBA?,1123
What steps do I follow for transferring money directly into someone's UBA account?,1123
Is it possible to send money straight to a UBA account for my beneficiary?,1123
I want to send money to my friend’s UBA account; can I do that directly?,1123
Can anyone use the Africash service at UBA?,1124
Who can access UBA's Africash product?,1124
Is Africash available to people without a UBA account?,1124
I want to know if UBA account holders only can use Africash?,1124
What are the eligibility requirements for UBA's Africash service?,1124
Can you tell me what Click Credit is at UBA?,1126
I'm interested in UBA's Click Credit; what exactly does it involve?,1126
How does UBA's Click Credit work for salary earners?,1126
What is the Click Credit service that UBA offers for loans?,1126
UBA provides an instant loan called Click Credit; can you explain what that means?,1126
What steps should I take to apply for the click credit product at UBA?,1127
Can you tell me how I can get UBA's click credit service?,1127
"UBA, how do I go about applying for the click credit option?",1127
Where can I find the application process for UBA's click credit?,1127
How can I apply for the click credit product offered by UBA?,1127
What is the longest period to repay a loan at UBA?,1129
"UBA offers loans, but how many months can I take to pay it back?",1129
Could you tell me the maximum duration for a loan with UBA?,1129
How flexible is the loan tenor when borrowing from UBA?,1129
"If I take a loan from UBA, what is the maximum time I have to repay it?",1129
How can I get an instant loan from UBA if I don’t have an account with them?,1128
What should I do to apply for a loan with UBA without having an existing account?,1128
"If I want an instant loan and I’m not a UBA account holder, what options do I have?",1128
"UBA customers, what are my steps to apply for an instant loan if I don’t hold an account with the bank?",1128
Can I still apply for an instant loan through UBA without being an account holder?,1128
Can I apply for a loan with UBA if I haven't been confirmed by my employer?,1131
I'm not yet a confirmed staff member at my job; will UBA still give me a loan?,1131
UBA's loan application process: Is employment confirmation necessary for eligibility?,1131
"If I'm still on probation at my company, can UBA approve my loan?",1131
Will UBA provide a loan even if I haven't received my employment confirmation?,1131
What do I need to provide to get a facility from UBA?,1132
"UBA customers, what documents are required to apply for a facility?",1132
Can you tell me what paperwork I need for a facility at UBA?,1132
"For a facility with UBA, are there any documents I have to submit?",1132
I heard I can get a facility at UBA; what do I need to bring?,1132
Does UBA charge any fees for their Click credit service?,1134
What are the fees associated with UBA's Click credit product?,1134
Are there any costs involved when using the Click credit at UBA?,1134
"If I use UBA's Click credit, will I need to pay any fees?",1134
What should I know about UBA's Click credit in terms of potential fees?,1134
What is the interest rate for the Click credit product at UBA?,1135
Can you tell me the yearly interest percentage for UBA's credit option?,1135
How much interest does UBA charge on their Click credit service?,1135
What’s the monthly rate for the Click credit offered by UBA?,1135
UBA customers might want to know: what is the annual interest rate for the Click credit?,1135
How long do I need to be with UBA before I can apply for an Instant Loan?,1133
"If I've just started my salary account with UBA, when am I eligible for the Instant Loan?",1133
UBA requires how many months of salary deposits before I can request an Instant Loan?,1133
What is the minimum duration I should be receiving my salary via UBA to qualify for the Instant Loan?,1133
"Can I apply for the Instant Loan with UBA right after opening my salary account, or is there a waiting period?",1133
What is the timeframe for getting a loan through UBA Click Credit?,1130
How quickly can I receive my UBA Click Credit loan?,1130
"If I apply for UBA Click Credit, how soon will I have my loan?",1130
Can you tell me the processing time for UBA Click Credit requests?,1130
How fast can I obtain a loan with UBA’s Click Credit service?,1130
What should I do if I get suspicious emails or calls that say they are from UBA?,1136
"If I receive a questionable email claiming to be from UBA, who should I contact for help?",1136
Can UBA help me figure out if a phone call or email I received is really from them?,1136
How do I verify if an email or call is legitimately from UBA?,1136
I think I might have received a scam communication claiming to be UBA. How can I check if it's real?,1136
What transaction fees does UBA charge?,1137
Can you tell me how much UBA charges for each transaction?,1137
How much is the fee per transaction with UBA in Nigeria?,1137
I’m curious about UBA’s transaction costs; what are they?,1137
Is there a specific fee per transaction at UBA that I should know about?,1137
How can I ensure I get my payments through UBA's U-Pay?,1138
What do I need to provide UBA for payment processing via U-Pay?,1138
"To receive payments through U-Pay with UBA, what information is required?",1138
"UBA customers, what steps do I take to receive payments using U-Pay?",1138
Is there a specific number I need from UBA to get payments through U-Pay?,1138
What value added services can I get from UBA in the payments sector?,1139
Can you tell me if UBA provides any extra services for payments?,1139
I'm interested in knowing the additional services UBA offers when it comes to payments. Are there any?,1139
Does UBA have any extra features in their payment services that benefit corporate clients?,1139
In what ways does UBA enhance its payment services for businesses?,1139
What is the typical deployment time for a solution from UBA?,1142
How quickly can UBA get this solution up and running?,1142
"If I choose UBA's solution, how long before it’s fully deployed?",1142
Can you tell me the timeframe for UBA to implement this solution?,1142
"Once I decide to proceed with UBA, what’s the maximum duration for deployment including training?",1142
How does UBA support customers with poor internet connectivity?,1141
"If I have a bad internet connection, can I still access UBA services?",1141
What should I do if my internet is slow and I need to use UBA's services?,1141
Will UBA provide a solution for those of us in areas with limited internet access?,1141
Are there any options from UBA for customers dealing with low bandwidth issues?,1141
What are the costs associated with the U-Pay Solution from UBA?,1140
Does UBA charge a fee for using their U-Pay service?,1140
I want to know if there are any charges for U-Pay by UBA.,1140
Can you tell me if UBA's U-Pay Solution is free of charge?,1140
Are there any specific transaction fees I should be aware of when using UBA's U-Pay?,1140
Can I receive a MoneyGram transfer at UBA if I don't have an account?,1144
"UBA allows walk-in customers, but can non-account holders pick up MoneyGram transfers?",1144
Is it possible for someone without a UBA account to collect money via MoneyGram?,1144
"If I'm not a UBA account holder, can I still collect a MoneyGram transfer from the bank?",1144
"Do I need to have a UBA account to receive a MoneyGram transfer, or can I do it as a walk-in customer?",1144
Is it safe to share my transaction reference number with UBA bank staff?,1146
Can I tell UBA officers my transaction reference number for assistance?,1146
What should I know about disclosing my transaction reference number to UBA?,1146
"UBA advises against sharing my transaction reference number, right?",1146
"If I’m dealing with UBA, can I provide my transaction reference number to their officers?",1146
Does UBA allow me to select a different currency for my MoneyGram payout?,1145
I'm using UBA for a MoneyGram transfer; can I pick the currency for receiving funds?,1145
"When I send money through MoneyGram at UBA, is it possible to receive it in a currency other than Naira?",1145
Can customers of UBA choose the payout currency for MoneyGram transactions?,1145
"If I use MoneyGram at UBA, will I be able to receive my payout in a currency of my choice?",1145
What signage should I look for to spot a UBA Moni Agent?,1147
Can you tell me how to recognize a UBA agent for the Moni service?,1147
Where can I find a UBA Moni Agent and what should their identification look like?,1147
How do I know if an agent is legit for UBA Moni?,1147
What identifying marks do UBA Moni Agents have?,1147
Can I receive a MoneyGram transfer at UBA if I don't have a bank account but have identification?,1143
Does UBA allow non-account holders to collect MoneyGram transfers?,1143
"If I'm not a UBA account holder, how can I get my MoneyGram transfer?",1143
What identification do I need to receive MoneyGram transfers at UBA without a BVN?,1143
Is it possible for someone without a UBA account to get a MoneyGram transfer?,1143
Who can I approach at UBA for cash deposits or withdrawals?,1148
What type of clients can UBA agents assist with their banking needs?,1148
"If I want to open an account, can I get help from UBA agents?",1148
Which customers does UBA cater to for services like sending money or making deposits?,1148
Can UBA representatives help everyone with transactions like cash withdrawals or account openings?,1148
What services can I access at a UBA agent location?,1149
Can I perform any transactions at a UBA agent center?,1149
What can I do at an agent outlet for UBA?,1149
UBA offers what kinds of banking services at an agent location?,1149
"If I visit a UBA agent, what services will be available to me?",1149
Is UBA taking steps to ensure my money is secure when using agents?,1150
What measures does UBA have in place to protect my funds with agents?,1150
Can I trust UBA's agents to keep my money safe during transactions?,1150
How does UBA guarantee the safety of my transactions with their agents?,1150
"When I use an agent, how will UBA ensure the security of my money?",1150
Can I refer my friends to become agents for UBA Moni?,1151
What are the requirements for my friends to join UBA Moni as agents?,1151
Is it possible for me to introduce my business-owning friends to UBA Moni?,1151
Do potential UBA Moni Agents need to be retail business owners?,1151
How can I help my friends become agents with UBA Moni?,1151
Do UBA Moni Agents need to have a bank account with UBA?,1153
Will agents for UBA Moni also have accounts at the bank?,1153
Is it true that UBA requires its Moni Agents to open a savings account?,1153
Are UBA Moni Agents expected to maintain a standard savings account with UBA?,1153
Can you tell me if UBA Moni Agents will have accounts at UBA bank?,1153
What should I do to find out more about UBA Moni?,1154
Can you tell me how I can get additional information regarding UBA Moni?,1154
UBA Moni information: where can I send my inquiries?,1154
I want to learn more about UBA Moni; how do I contact them?,1154
Is there a way to email UBA for more details on UBA Moni?,1154
What are the requirements to get a UBA Naira Credit Card?,1156
Can I get a UBA Naira Credit Card if my salary account is with UBA?,1156
Who qualifies for the UBA Naira Credit Card?,1156
I work for an approved company; can I apply for a UBA Naira Credit Card?,1156
Are employees of approved organizations eligible for the UBA Naira Credit Card?,1156
What steps do I need to follow to obtain a UBA Naira Credit Card?,1155
Can you tell me how I can apply for a UBA Naira Credit Card?,1155
"I'm interested in the UBA Naira Credit Card, how can I get one?",1155
How do I apply for the UBA Naira Credit Card at a branch or online?,1155
Where can I find the application form for a UBA Naira Credit Card?,1155
How does UBA deal with customer complaints?,1152
What is UBA's procedure for handling complaints?,1152
"When I have an issue, how will UBA staff assist me?",1152
Can you tell me how complaints are managed by UBA agents?,1152
What should I expect from UBA regarding complaint resolution?,1152
Is the UBA Naira credit card valid for international transactions?,1158
Can I use my UBA credit card overseas?,1158
UBA's Naira credit card – am I able to use it outside the country?,1158
Are there any international usage options for the UBA Naira credit card?,1158
What places can the UBA Naira credit card be used?,1158
What is the interest-free period for transactions with the UBA Naira Credit Card?,1161
Can I get an interest-free grace period for my purchases using UBA?,1161
How many days can I spend without interest on my UBA Naira Credit Card if I pay in full?,1161
Does UBA allow an interest-free period on its credit card transactions?,1161
"If I use my UBA card, how can I avoid interest charges when making payments?",1161
What advantages does the UBA Naira Credit Card offer?,1157
Can you tell me about the benefits of having a UBA Naira Credit Card?,1157
I’m interested in the perks of the UBA Naira Credit Card; what can you share?,1157
What can I gain from using the UBA Naira Credit Card?,1157
How does the UBA Naira Credit Card provide value to customers?,1157
What is the repayment procedure for my UBA Naira Credit Card each month?,1159
Can you explain how the monthly payment cycle works for UBA credit cards?,1159
I'm a UBA cardholder; when will I receive my credit card statement for repayments?,1159
How does UBA handle the monthly statement and repayment schedule for credit cards?,1159
"As a UBA customer, when am I expected to repay my Naira Credit Card balance each month?",1159
What are the interest rates for the UBA Naira Credit Card when I take out cash?,1160
Can you tell me the monthly interest rate on cash advances with my UBA credit card?,1160
How much interest does UBA charge on ATM withdrawals for their credit card?,1160
I'm curious about UBA's fees; what is the interest rate on my Naira Credit Card for online purchases?,1160
"For someone using UBA's Naira Credit Card, what is the rate for cash advances compared to POS transactions?",1160
What charges apply if I miss my minimum repayment date for my UBA credit card?,1164
Can you explain the late payment fees associated with UBA credit cards?,1164
"If I don't pay on time for my UBA Naira Credit Card, what kind of fees will I incur?",1164
How does UBA handle late repayments for credit card balances?,1164
"I'm curious about the fee for late payments on my UBA card, what is it?",1164
When does UBA publish its financial results?,1166
Can you tell me the year-end reporting date for UBA?,1166
How often does UBA release its financial statements?,1166
What is the current financial year-end for UBA after the policy changes?,1166
Is UBA's financial reporting schedule available anywhere?,1166
What is the monthly repayment amount I need to pay for my UBA Naira Credit Card?,1162
When is the payment due for my credit card balance with UBA?,1162
Can you tell me how much I should repay each month on my UBA card?,1162
"UBA credit card holders: what is the minimum repayment I should make, and when is it due?",1162
How does UBA determine the repayment schedule for the Naira Credit Card?,1162
What is the process for making repayments on my UBA Naira Credit Card?,1163
How can I repay my UBA credit card balance?,1163
What steps should I follow to fund my UBA repayment account by the 30th?,1163
Can you tell me how to make payments for my UBA Naira Credit Card?,1163
When is the deadline for UBA credit card repayments and how do I do it?,1163
How can I go about purchasing or selling shares with UBA?,1165
What are the steps to trade UBA shares?,1165
Where can I find information on buying or selling shares for UBA?,1165
Is there a contact for UBA Securities if I want to buy or sell shares?,1165
Can you tell me how to get in touch with UBA for stock trading?,1165
What is the process for obtaining UBA's annual financial report and other related information?,1168
Can you tell me when I might receive UBA's financial highlights and annual reports?,1168
"I want to know how to access UBA's financial announcements and annual reports, can you help?",1168
How do I get a copy of UBA's financial information and annual report?,1168
When can I expect to find UBA's results announcements and annual financial highlights?,1168
Where can I find information on UBA's stock listings?,1167
Can you tell me where UBA shares are traded?,1167
I want to know if UBA's shares are listed on any stock exchange.,1167
What exchanges list shares for UBA?,1167
Do UBA shares have a Global Depository Receipt program?,1167
When did the merger involving UBA and STB take place?,1171
Can you tell me the date that UBA combined with Standard Trust Bank?,1171
What is the effective date of the UBA and STB merger?,1171
Could you explain when UBA merged with Standard Trust Bank?,1171
UBA merged with STB on what date?,1171
How can I have my cash dividend transferred directly to my UBA account?,1169
Is it possible for me to receive my dividends directly in my bank account with UBA?,1169
What steps should I take to get my cash dividend deposited into my UBA bank account?,1169
Can UBA help me set up direct deposits for my cash dividends into my account?,1169
I want my cash dividends to go straight into my UBA account; who should I contact?,1169
What should I do if I have questions about my shareholding with UBA?,1170
"UBA customers, who can I reach out to for enquiries about share transfers or lost dividend cheques?",1170
"If I need to update my information regarding shares, how do I get in touch with UBA's registrars?",1170
"For shareholding issues related to UBA, such as name changes or lost certificates, whom do I contact?",1170
Can you provide me with UBA's contact info for shareholding inquiries like transfer requests or dividend issues?,1170
What are UBA's rules on tax for dividends?,1172
Can you tell me about the dividend taxation policy at UBA?,1172
UBA customers need to know: Is there a tax on dividends?,1172
How does UBA handle withholding tax on dividends?,1172
"If I receive dividends from UBA, what tax should I expect to pay?",1172
Who audits UBA's financial statements?,1176
Can you tell me who the independent auditor for UBA is?,1176
"I'm curious, who does UBA hire as its auditor?",1176
UBA's financial reports — who is responsible for auditing them?,1176
Who is responsible for conducting the independent audits for UBA?,1176
What currency does UBA use to pay dividends to its shareholders?,1174
Can you tell me in which currencies UBA pays out its dividends each year?,1174
I want to know how UBA distributes dividends—what currency is involved?,1174
Are dividends paid by UBA in multiple currencies or just one?,1174
"When UBA issues dividends, in what currencies are they made available?",1174
How does UBA prepare their financial reports?,1175
Can you tell me about the accounting standards UBA follows for their financial statements?,1175
What financial reporting guidelines are used by UBA for their statements?,1175
"In preparing financial statements, what standards does UBA adhere to?",1175
What are the regulations governing UBA's financial statement preparation?,1175
What exactly is the LEO Apple Business Chat provided by UBA?,1180
Can you explain how UBA's LEO Apple Business Chat works?,1180
Is the LEO Apple Business Chat from UBA a messaging service?,1180
How does UBA's LEO Apple Business Chat help with my banking needs?,1180
I want to know more about UBA's services like LEO within Apple Business Chat.,1180
What should I do if I haven't received my dividend information from UBA?,1177
I didn't get my dividend payment advice—who at UBA can I contact for help?,1177
Can anyone tell me how to reach UBA regarding missing dividend payment details?,1177
"If my dividend entitlement advice is missing, who do I reach out to at UBA?",1177
UBA hasn't sent me my dividend advice; who should I ask about this?,1177
What occurred to my STB shares after UBA's merger back in August 2005?,1178
Can you explain what happened to my STB stock when UBA merged with it?,1178
"In relation to the UBA merger in August 2005, what’s the status of my STB ordinary shares?",1178
"Following UBA's merger in 2005, how were my STB shares affected?",1178
I’d like to know about my STB stock after UBA’s merger; what changes took place?,1178
Can you tell me about the share capital structure for UBA?,1173
How many classes of shares does UBA have and what are their characteristics?,1173
What type of shares does UBA issue and what voting rights do they carry?,1173
I’m curious about UBA's ordinary shares; how are they structured?,1173
What information is available on the ordinary shares of UBA?,1173
What is the date for UBA's next Annual General Meeting?,1179
Can you tell me when UBA holds its Annual General Meeting each year?,1179
At what time of year does UBA conduct its AGM?,1179
When should I expect UBA's Annual General Meeting to take place?,1179
Is there a specific month when UBA's Annual General Meeting usually happens?,1179
How can I start using Leo on Apple Business Chat if I don’t have a UBA account?,1183
"I want to enjoy Leo on Apple Business Chat, but I'm not a UBA account holder. What should I do?",1183
What steps do I need to take to access Leo via Apple Business Chat without a UBA account?,1183
"Since I don't have an account with UBA, how do I get started with Leo on the Apple Business Chat platform?",1183
Is there a way for someone without a UBA account to use Leo on Apple Business Chat?,1183
Can anyone use the LEO Apple Business Chat at UBA?,1181
Who qualifies to access UBA’s Apple Business Chat feature?,1181
"As a UBA customer, am I eligible to use the LEO chat on my Apple device?",1181
Is the LEO Apple Business Chat from UBA open to non-UBA customers as well?,1181
What do I need to use UBA’s Apple Business Chat service?,1181
What steps do I need to follow to set up Apple Business Chat with UBA's Leo on my iPhone?,1182
How can I turn on the Messages app to access UBA's Leo Business Chat feature?,1182
"UBA customers, how do I enable the Messages feature on my iOS device to chat with Leo?",1182
Can you guide me on activating the Messages app for UBA's Apple Business Chat?,1182
I want to use Leo through Apple Business Chat; how do I activate this feature on my iPhone for UBA?,1182
Can I use LEO Apple Business Chat if I'm already signed up for UBA Mobile Banking?,1184
Is it possible to enroll in UBA's LEO for Apple Business Chat while using Mobile and Internet Banking?,1184
I already have UBA Mobile and Internet Banking; can I also sign up for LEO on Apple Business Chat?,1184
UBA customers: is it allowed to register for LEO on Apple Business Chat if I’m using your banking apps?,1184
"If I’m enrolled in UBA’s online banking, can I still access banking services via Apple Business Chat with LEO?",1184
What can I do using UBA's Apple Business Chat?,1185
Can UBA customers access services like checking balance and sending money through Apple Business Chat?,1185
Tell me what services UBA offers via Apple Business Chat?,1185
"I'm looking for features available on UBA's LEO in Apple Business Chat, can you help?",1185
How can I use UBA's Apple Business Chat for banking services?,1185
Can you tell me what charges I might incur with UBA's LEO Apple Business Chat?,1186
What fees apply when using Apple Business Chat with UBA?,1186
UBA: What are the costs associated with LEO Apple Business Chat services?,1186
"If I use the Apple Business Chat from UBA, what are the relevant charges?",1186
What are UBA's applicable fees for engaging with the LEO feature on Apple Business Chat?,1186
What is the daily transaction limit for using UBA's Leo on Apple Business Chat?,1187
Can I know the maximum amount I can transact daily via UBA's LEO service?,1187
"UBA customers, what are the daily limits when using Apple Business Chat with Leo?",1187
"If I use UBA's Leo on Apple Business Chat, how much can I transfer each day?",1187
Could you tell me the applicable daily limits for transactions with UBA's LEO on Apple Business Chat?,1187
What’s the limit on accounts I can connect to my Leo profile with UBA?,1188
Can I link multiple accounts to my UBA Apple Business Chat?,1188
UBA allows for linking accounts — is there a restriction on how many?,1188
How many different accounts can I associate with my Leo profile at UBA?,1188
I want to know if UBA places a cap on the number of accounts linked to the Leo Apple Business Chat.,1188
What should I do if I didn't receive my funds after a UBA transaction?,1189
"I made a transfer with UBA but the recipient hasn't received the money, what can I do?",1189
UBA clients: how do I handle a transaction issue where funds weren't credited?,1189
Could someone guide me on resolving a failed UBA transaction?,1189
"After a transaction through UBA, what steps should I take if there is no value received?",1189
What banking services can I access through UBA's LEO Apple Business Chat?,1190
Can UBA help me with services like cheque requests or card blocking on Apple Business Chat?,1190
"I'm looking for information about what UBA offers via LEO on Apple Business Chat, can you help?",1190
How do I use UBA's LEO Apple Business Chat for banking tasks like lodging complaints or confirming cheques?,1190
What can I do with UBA's Apple Business Chat in terms of banking services?,1190
What is UBA's process for selecting campus ambassadors?,1192
Can you explain how UBA picks students for the ambassador role?,1192
How does UBA determine which applications are successful for the Campus Ambassador position?,1192
What criteria does UBA use to shortlist candidates for the Campus Ambassador program?,1192
"When applying for the Campus Ambassador role at UBA, how will my application be evaluated?",1192
What email should I use to reach out to the Campus Ambassador team at UBA?,1193
"I need to contact UBA's Campus Ambassador team, how can I do that?",1193
Could you tell me the best way to email the Campus Ambassador team at UBA?,1193
How do I get in touch with the Campus Ambassadors for UBA?,1193
What’s the contact email for UBA’s Campus Ambassador team?,1193
When does UBA announce applications for the Campus Ambassador program?,1194
How often can I apply for the UBA Campus Ambassador initiative?,1194
Can you tell me when UBA opens up registration for the Campus Ambassador program?,1194
What is the schedule for UBA's Campus Ambassador program registration?,1194
Is there a specific time each year when I can submit my application for the UBA Campus Ambassador role?,1194
How does UBA ensure the security of Leo on Apple Business Chat?,1191
What steps can I take to secure my UBA account and profile more effectively?,1191
Can you tell me about the security measures in place for UBA's Apple Business Chat?,1191
What should I do to enhance the security of my profile when using UBA services?,1191
"Is my information safe when using UBA's Leo on Apple Business Chat, and what further precautions should I consider?",1191
What role do Campus Ambassadors play for UBA?,1195
Can you explain what UBA's Campus Ambassadors do?,1195
How does UBA involve students as Campus Ambassadors?,1195
What is the function of a Campus Ambassador at UBA?,1195
In what ways does UBA engage Campus Ambassadors on university campuses?,1195
Are students from outside Nigeria allowed to apply for UBA's Campus Ambassador program?,1196
UBA has a Campus Ambassador role; can non-Nigerian applicants sign up?,1196
"I'm interested in the UBA Campus Ambassador opportunity, but can I apply if I live outside Nigeria?",1196
"Can I, as an international student, apply for the UBA Campus Ambassador position?",1196
What are the eligibility criteria for UBA's Campus Ambassador program regarding applicants from outside Nigeria?,1196
What is the duration of the Campus Ambassador role at UBA?,1198
How long is the commitment for UBA's Campus Ambassador program?,1198
Can you tell me how many years I will serve as a Campus Ambassador for UBA?,1198
UBA mentions a role for Campus Ambassadors; how long does it typically last?,1198
"If I become a Campus Ambassador at UBA, how long will I be in that position?",1198
Can anyone from any major apply for the UBA Campus Ambassador program?,1197
How many disciplines are eligible for the UBA Campus Ambassador initiative?,1197
Is the UBA Campus Ambassador program limited to specific fields of study?,1197
Do you have to be studying a certain subject to join UBA's Campus Ambassador program?,1197
Are applications for the UBA Campus Ambassador role open to all academic disciplines?,1197
What is the current number of ambassadors UBA recruits each year?,1199
How many campus ambassadors does UBA have in total for recruitment annually?,1199
"In a year, UBA selects how many ambassadors for the program?",1199
Could you tell me the yearly recruitment figure for ambassadors at UBA?,1199
"UBA recruits how many ambassadors every year, is it 30?",1199
What does UBA do after they select their campus ambassadors?,1201
Can you tell me about the next steps for UBA's selected ambassadors?,1201
UBA has chosen me as an ambassador; what happens next?,1201
"After being selected as a campus ambassador, what are UBA's next actions?",1201
What orientation process does UBA have for its ambassador program after selection?,1201
What exactly does UBA mean by Global Depositary Receipts?,1203
Can you explain how UBA defines a GDR?,1203
I'm curious about GDRs according to UBA—what do they represent?,1203
How does UBA describe a Global Depositary Receipt and its purpose?,1203
What information can I find from UBA regarding GDRs and their benefits for investors?,1203
Can I reapply for the UBA Campus Ambassador program if I wasn't chosen last year?,1200
Is it possible to submit my application again to UBA even if I didn't get selected previously?,1200
"UBA allows me to apply again, right? I didn't make it in the last application cycle.",1200
"If I wasn't picked for the UBA program last year, am I eligible to apply again this year?",1200
What does UBA say about reapplying for the Campus Ambassador role after a previous rejection?,1200
What steps should I take to convert my UBA shares into GDRs?,1202
I'm a UBA shareholder; how do I switch my GDRs back to ordinary shares?,1202
Can you tell me how I can convert my ordinary UBA shares to GDRs?,1202
"As a UBA customer, who's the best contact for converting shares and GDRs?",1202
What is the process for a UBA shareholder to move from ordinary shares to GDRs?,1202
What are the steps I need to follow with UBA to obtain a Certificate of Capital Importation?,1204
Can UBA guide me on how to receive my Certificate of Capital Importation when converting GDRs?,1204
How can I contact UBA regarding obtaining a Certificate of Capital Importation?,1204
"UBA, what documentation is necessary for me to get my Certificate of Capital Importation?",1204
Could you tell me the process through UBA for getting a CCI after converting my GDRs into shares?,1204
What steps should I follow to purchase GDRs through UBA?,1206
How do I go about buying GDRs if I'm banking with UBA?,1206
Can you tell me how UBA customers can acquire GDRs using a broker?,1206
I want to invest in GDRs; does UBA have any broker recommendations?,1206
"When purchasing GDRs, how can UBA assist me through a broker?",1206
What is the requirement for capital repatriation for investors with UBA?,1205
Is a Certificate of Capital Importation necessary for non-Nigerian investors with UBA?,1205
Can UBA help me understand if I need a Certificate of Capital Importation to move my funds?,1205
Do I have to obtain a CCI if I'm an investor using UBA to repatriate money from Nigeria?,1205
What does UBA say about the Certificate of Capital Importation for foreign investors?,1205
What is the name of UBA's depositary for Global Depositary Receipts?,1208
Can you tell me who handles UBA GDRs?,1208
How can I find information about UBA's GDR depositary?,1208
UBA's GDRs – who is the depositary bank responsible for them?,1208
Who can I contact regarding UBA's Global Depositary Receipts?,1208
Can you explain what the GDR Programme is at UBA?,1207
How does UBA's GDR Programme work for foreign investors?,1207
What does UBA offer in terms of its GDR Programme?,1207
I want to know about UBA’s GDR Programme for international trading. What is it?,1207
What is the purpose of the GDR Programme run by UBA?,1207
What is the best way to access dividend and corporate action details for UBA?,1209
Can you tell me how to check UBA's dividend information?,1209
Where can I find information about UBA's corporate actions?,1209
I'm looking for UBA's dividend and corporate actions; how do I get that info?,1209
How do I search for UBA's corporate actions and dividends online?,1209
How does UBA distribute dividends for GDRs?,1211
Can you tell me how UBA pays out dividends for GDRs?,1211
What currency does UBA use for GDR dividends?,1211
UBA GDR dividends: in which currency are they paid?,1211
I want to know how dividends from GDRs are handled by UBA.,1211
How can I find updates and information about GDRs from UBA?,1212
What kind of annual reports does UBA provide regarding its GDR Programme?,1212
Is it straightforward for UBA customers to access information on their GDRs?,1212
Can I get the annual reports and proxy information from UBA for their GDRs?,1212
What are UBA's processes for investors to receive updates on their GDR investments?,1212
What advantages do GDRs offer to investors when dealing with UBA?,1210
Can you tell me how UBA's GDRs benefit foreign investors?,1210
I'm looking to understand the perks of GDRs through UBA for international investors.,1210
How does UBA's GDR programme help foreign investors keep their investments compliant?,1210
Why might foreign investors choose UBA for GDRs instead of Nigerian securities?,1210
What is the listing of UBA shares on the stock market?,1214
Can you tell me where I can trade UBA shares in the secondary market?,1214
I want to know which exchange UBA's ordinary shares are traded on.,1214
Where can I find information about trading UBA shares?,1214
Is UBA listed on any stock exchanges for trading shares?,1214
Where can I find information about trading UBA GDRs?,1213
Can you tell me how UBA GDRs are traded?,1213
I want to know where UBA GDRs are available for trading.,1213
What is the trading venue for UBA GDRs?,1213
Are UBA GDRs traded on any stock exchange?,1213
How can I check the daily share price for UBA?,1215
Where should I look to find UBA's share price information for today?,1215
Is there a website to see UBA's current stock price daily?,1215
I need to know UBA's share price; where can I get that information?,1215
What’s the best source to look up UBA's daily stock price updates?,1215
What steps do I need to follow to invest in UBA shares?,1216
Can you tell me how to buy stocks from UBA?,1216
I want to invest in UBA; how do I go about it?,1216
What is the process for purchasing UBA stocks on the Nigerian Stock Exchange?,1216
How do I get started with investing in UBA?,1216
What’s the best way to download UBA’s financial reports?,1217
Can I find UBA’s annual financial records somewhere online?,1217
Is there a link to access UBA’s financial statements for past years?,1217
How do I view the financial reports published by UBA?,1217
I need UBA's interim financial statements; where can I find them?,1217
What should I do if I have a problem with dividend payments at UBA?,1219
How can I get assistance from UBA regarding my share certificates?,1219
"For issues related to my dividends, who can I reach out to at UBA?",1219
Could you tell me how to resolve payment issues for dividends declared by UBA?,1219
Is there a way to contact UBA for help with share certificate problems?,1219
What time of year does UBA hold its Annual General Meeting?,1218
Can you tell me when UBA's AGM takes place?,1218
I want to know the schedule for UBA's Annual General Meeting this year.,1218
When can I expect UBA to announce its AGM date?,1218
How often does UBA have its AGM and when does it usually occur?,1218
Who is the Registrar for UBA?,1220
Can you tell me the name and address of UBA's Registrar?,1220
I'm looking for UBA's Registrar info. What do I need to know?,1220
What company handles UBA's registration services?,1220
Where can I find details about the Registrar associated with UBA?,1220
How quickly can I expect my UBA Personal Loan to be processed?,1222
What’s the processing time for a Personal Loan request with UBA?,1222
I’m looking to take out a loan; how long does UBA take to disburse it?,1222
Can you tell me the time frame for UBA to approve and release a Personal Loan?,1222
UBA requests: How fast will I get my loan after submitting the necessary documents?,1222
What are the requirements to get a personal loan from UBA?,1223
I'm looking for information on personal loan eligibility at UBA. What do I need to qualify?,1223
Can you tell me if UBA offers personal loans and who is eligible for them?,1223
What do I have to meet to qualify for a personal loan through UBA?,1223
UBA personal loans: how can I find out if I am eligible?,1223
What are the requirements for applying for a personal loan with UBA if I'm a new employee?,1224
Can I apply for a UBA personal loan right after I join my job?,1224
"UBA says I need to be confirmed by my employer before applying for a personal loan, is that true?",1224
"If I've recently started working, when can I start the application process for a UBA personal loan?",1224
I want to know the eligibility criteria for UBA personal loans as a new staff member.,1224
What steps do I need to take to get a personal loan from UBA?,1221
Can you guide me on how to apply for a UBA personal loan?,1221
How can I request a personal loan through UBA?,1221
Where do I go to apply for a personal loan with UBA?,1221
Is there a specific platform UBA uses for personal loan applications?,1221
What is the process for getting asset financing through UBA?,1225
Can UBA provide details on how their asset finance works?,1225
How does UBA’s asset financing service operate for salary customers?,1225
I’m interested in asset financing at UBA—what do I need to know?,1225
Could you explain how UBA’s financing for asset purchases functions?,1225
What types of financing options does UBA provide for purchasing assets?,1226
"I'm looking to buy a generator, can UBA help me with asset financing?",1226
What can I use UBA's asset finance loan for?,1226
Can you list the kind of assets I can get through UBA's financing?,1226
Are there specific categories of items I can finance with UBA?,1226
Does UBA require collateral for asset financing loans?,1229
"When seeking an asset finance loan, do I need to provide collateral to UBA?",1229
I'm looking into asset finance with UBA—will I need additional collateral?,1229
"UBA customers, can I still access an asset loan without offering collateral?",1229
"Is it true that for financing assets at UBA, you don’t have to worry about collateral?",1229
Can I get a UBA loan to purchase assets from more than one vendor at once?,1228
Are there any restrictions with UBA on taking loans for buying assets from different suppliers simultaneously?,1228
"If I’m a UBA customer, can I request separate loans for items from two different vendors?",1228
UBA guidelines: Can I combine loans for purchases from different asset providers?,1228
Is it possible to apply for asset loans from UBA for multiple vendors at the same time?,1228
Does UBA offer any kind of after sales support for the products?,1230
I’m curious if UBA provides repair services for items purchased through them.,1230
Are there services for maintenance and repairs after I buy something from UBA?,1230
Can you tell me if UBA has any after sales assistance for their financed products?,1230
What kind of after sales services does UBA have for the items financed?,1230
Can UBA customers apply for more than one asset loan?,1227
Is it possible to take out multiple assets with UBA?,1227
How does UBA handle applications for multiple asset financing?,1227
"If I have a UBA account, can I request several asset loans at the same time?",1227
What does UBA say about applying for additional asset facilities?,1227
How much financing can I receive for an asset through UBA?,1231
What’s the highest financing amount for assets that UBA offers?,1231
Can UBA provide me with the maximum asset financing amount?,1231
I need to know the asset financing limit with UBA; what is it?,1231
What’s the max amount UBA allows for asset financing?,1231
What’s the smallest asset value that I can finance through UBA?,1232
How much is the least amount I can get for asset financing with UBA?,1232
"UBA, what is the minimum financing amount for purchasing an asset?",1232
Can you tell me the minimum asset financing amount available at UBA?,1232
"If I want asset financing, what’s the lowest sum UBA will allow?",1232
What percentage of the asset cost do I need to contribute when using UBA's asset finance?,1233
Can you tell me the minimum equity required for asset finance at UBA?,1233
"When I apply for asset finance with UBA, how much money do I have to contribute?",1233
Is there a specific equity contribution amount expected by UBA for their asset finance products?,1233
"For financing an asset through UBA, what is the minimum equity contribution I should be aware of?",1233
What kind of vehicles can I get through a UBA auto loan?,1235
UBA offers auto loans; what types of cars can I buy with them?,1235
Can you tell me which vehicles are eligible for financing under UBA's auto loan?,1235
"If I take out an auto loan with UBA, what brands of cars can I choose from?",1235
I'm interested in UBA's auto loan. What types of vehicles does it cover?,1235
Can you explain how UBA's auto loan process works?,1234
How can I get an auto loan from UBA for buying a car?,1234
What steps do I need to take to secure a vehicle loan with UBA?,1234
"UBA offers auto loans, but how do they actually operate?",1234
What is the procedure for obtaining an auto loan through UBA?,1234
Can I get auto loans from UBA for more than one vehicle at a time?,1236
Is it possible to finance multiple cars through UBA?,1236
"UBA allows applicants to apply for multiple vehicles, right?",1236
"If I have a steady income, can I apply for several auto loans at UBA?",1236
How does UBA handle applications for more than one vehicle loan?,1236
What is the largest auto loan amount I can get from UBA?,1237
Can you tell me the maximum amount for an auto loan at UBA?,1237
How much can I borrow for an auto loan with UBA?,1237
UBA offers auto loans; what’s the highest limit on those loans?,1237
"If I apply for an auto loan with UBA, what's the most I can borrow?",1237
Do I need to have insurance for a vehicle that I'm financing through UBA?,1239
Can you tell me if UBA requires auto loans to have insurance?,1239
Is it a requirement by UBA to insure financed cars?,1239
"When I finance a car with UBA, is insurance mandatory?",1239
UBA's policy on insurance for financed vehicles—what's the deal?,1239
What percentage of the vehicle's cost do I need to contribute when getting an auto loan from UBA?,1238
Can you tell me the minimum down payment required if I want to take out an auto loan with UBA?,1238
I'm looking to finance a car; how much equity does UBA expect from me for an auto loan?,1238
How much of the vehicle price do customers have to pay upfront for a UBA auto loan?,1238
"When applying for an auto loan with UBA, what's the least amount I need to put down?",1238
How does UBA ensure the security of my information?,1240
What security measures are in place at UBA Bank to protect customer data?,1240
Can you tell me about UBA's methods for safeguarding sensitive information online?,1240
What does UBA do to keep my data safe when I access their services?,1240
In what ways does UBA protect its systems from online threats?,1240
What steps should I take to keep my UBA online account secure?,1241
How can I protect my login details with UBA?,1241
Is there any advice from UBA on how to safely use my online banking?,1241
What should UBA customers know about securing their passwords?,1241
How do I ensure my UBA account is safe from unauthorized access?,1241
What are the benefits of using UBA for SMEs?,1243
Can you outline the UBA conditions for SME services?,1243
What does UBA offer to small business owners in terms of charges and loans?,1243
I want to know about UBA's SME programs and events; what should I expect?,1243
What fixed charges and services are included for SMEs at UBA?,1243
What should I know about phishing scams related to UBA?,1242
Are there any alerts or warnings from UBA about web spoofing?,1242
How can I identify phishing emails from UBA?,1242
"UBA has sent me an email that looks odd, what should I do to report it?",1242
Can you provide tips from UBA on avoiding email scams?,1242
Can I use one login to access all my accounts through UBA Internet Banking?,1078
How do I view multiple accounts with UBA using a single online banking ID?,1078
Is it possible to manage all my UBA accounts with just one Internet Banking user ID?,1078
What do I need to do to see all my UBA accounts under one login?,1078
"With UBA, can I have one Internet Banking login for all my accounts?",1078
